time,pressure,joint,resample_u1_start,resample_u1_mid,resample_u1_end,resample_u2_start,resample_u2_mid,resample_u2_end,u1_init_offset_start,u1_init_offset_mid,u1_init_offset_end,L_init,L_arc,R_arc,u1_center_arc,u2_center_arc,theta_arc,theta_arc_start,theta_arc_end,delta_L,theta_joint
0.01,0.003,MCP,0,15.403365933009168,30.028572094454983,0,0.007672920678357224,-0.008917909142261433,0,15.4,30,30,30.028586756547142,9196.937084269162,12.282976142282703,-9196.928881996559,0.003265063844778207,-0.0013355511385209353,0.0019295127063258088,0.028586756547142045,0.13150505650742048
0.02,0.006,MCP,0,15.386617132058928,30.02034972505344,0,0.037784367278638875,0.07146480860244095,0,15.4,30,30,30.020434931249426,97404.6888921141,246.88580941829719,-97404.37600830183,3.0820318069595397e-4,-0.002534642598585293,6.280958867761441,0.02043493124942586,-0.014583655419794344
0.03,0.009,MCP,0,15.370826622954805,30.013696275967675,0,0.06674783972885077,0.14775919748716754,0,15.4,30,30,30.014067069576473,12611.50938489703,-47.079560274825255,12611.421509106347,0.002379894916108928,3.137859581822814,3.1354796869066255,0.014067069576473301,-0.14746236179371117
0.04,0.012,MCP,0,15.35596731750172,30.008559475847182,0,0.0945991723226183,0.22009760090565597,0,15.4,30,30,30.009395530972856,6240.56575996008,-30.76574931164695,6240.489922518538,0.004808762007367233,3.1366626720591326,3.131853910051673,0.009395530972856392,-0.2675849121555402
0.05,0.015,MCP,0,15.342012127504589,30.004887053341463,0,0.12137419935356687,0.2886123622516441,0,15.4,30,30,30.006336132687736,4293.992419750239,-26.298641922724247,4293.9118857174435,0.006987980694766355,3.135468095424819,3.1284801147300394,0.006336132687735585,-0.37540573189059007
0.06,0.018,MCP,0,15.328933964768332,30.002626737100005,0,0.1471087551153219,0.3534358249188695,0,15.4,30,30,30.004808064496157,3361.066728694435,-24.589458219970357,3360.9767796402816,0.00892716821369124,3.1342766198534786,3.1253494516398077,0.004808064496156561,-0.4713796288883339
0.07,0.021,MCP,0,15.316753471854414,30.001817988628115,0,0.17177779926984024,0.4144730650889998,0,15.4,30,30,30.00482184605201,2824.98693475492,-24.021818498366525,2824.8848000886746,0.01062122499644589,3.1330892132013757,3.122467988204925,0.0048218460520104145,-0.5551563407586865
0.08,0.024,MCP,0,15.305523805336222,30.00256282164432,0,0.19531258185260114,0.4714693077604407,0,15.4,30,30,30.006448691851627,2489.1217569711666,-24.10798845666106,2489.005007210673,0.012055034514809881,3.1319071629879147,3.119852128473099,0.006448691851627331,-0.6258310581648571
0.09,0.027,MCP,0,15.295266648036549,30.00490279311791,0,0.21768337271751365,0.5243171195520369,0,15.4,30,30,30.009702141391983,2269.4592851828825,-24.64802600910966,2269.325433232672,0.013223282892679732,3.1307316917920134,3.1175084088993392,0.009702141391983332,-0.6830264645942493
0.1,0.03,MCP,0,15.286003682778203,30.00887946001821,0,0.23886044171848692,0.5729090670826337,0,15.4,30,30,30.014597121857754,2125.5654780943496,-25.5670027400792,2125.411708360841,0.014120758655135377,3.1295640336519734,3.1154432749968257,0.014597121857754303,-0.7263644835720294
0.11,0.033,MCP,0,15.27775659238398,30.014534379314522,0,0.2588140587094299,0.6171377169710759,0,15.4,30,30,30.0211501463991,2036.3881214520388,-26.853525909221528,2036.2110571689777,0.014742351828782342,3.128405430604367,3.1136630787755863,0.02115014639910129,-0.7554661645818737
0.12,0.036,MCP,0,15.270547059676677,30.02190910797616,0,0.27751449354425173,0.6568956358362084,0,15.4,30,30,30.02937951504638,1990.9350716073031,-28.540120645123302,1990.7304993066084,0.015083053155924035,3.1272571292378224,3.112174076081916,0.029379515046379368,-0.7699515840536053
0.13,0.039,MCP,0,15.264427363282238,30.03109620299925,0,0.2948973628661429,0.6919606671049331,0,15.4,30,30,30.039353624898396,1985.1990196431354,-30.71291344937114,1984.9614264613601,0.01513165850258094,3.1261210870273746,3.1109894285247925,0.03935362489839633,-0.7688763725723177
0.14,0.042,MCP,0,15.259406456570753,30.0421086597529,0,0.3109541877000732,0.722308125345777,0,15.4,30,30,30.051068273287722,2018.3457236889726,-33.49105082429517,2018.0678407447672,0.014888959765704934,3.1249985748272726,3.1101096150615675,0.05106827328772212,-0.7520557725917394
0.15,0.045,MCP,0,15.255441034481269,30.054868692765886,0,0.32573909447262045,0.7481267838900219,0,15.4,30,30,30.064437051207445,2092.4614011876224,-37.04071132798675,2092.1335285216346,0.014367976887957748,3.1238897482490158,3.1095217713610492,0.06443705120744525,-0.7202483335804479
0.16,0.048,MCP,0,15.252487791952827,30.06929851656699,0,0.3393062096103628,0.7696054160689502,0,15.4,30,30,30.07937688226878,2214.7042602114243,-41.62949640502945,2214.312973639385,0.0135816675041738,3.122794681788395,3.1092130142842396,0.07937688226877881,-0.6742125172049939
0.17,0.051,MCP,0,15.250503423924458,30.085320345684973,0,0.35170965953987793,0.7869327952138436,0,15.4,30,30,30.095807653362186,2399.4265000652917,-47.69573413785662,2398.9524059807077,0.012542917089789263,3.1217133717164276,3.1091704546266463,0.09580765336218633,-0.6147068743374725
0.18,0.054,MCP,0,15.24944462533521,30.102856394648626,0,0.363003570687744,0.8002976946559849,0,15.4,30,30,30.113651861672583,2673.3161856025595,-55.993630282541794,2672.7297172689196,0.0112645305571608,3.1206457392125593,3.1093812086554182,0.11365186167258301,-0.5424902281142336
0.19,0.057,MCP,0,15.249268091124117,30.12182887798671,0,0.3732420694805388,0.8098888877266555,0,15.4,30,30,30.132834276322995,3087.62570416236,-67.92543450794949,3086.8784596013843,0.009759225101572898,3.119591633662965,3.1098324085613873,0.1328342763229955,-0.4583218548482222
0.2,0.06,MCP,0,15.249777140567717,30.141868970205408,0,0.38271229898278536,0.8167663527690763,0,15.4,30,30,30.15301538685722,3725.007705393977,-85.82923438408628,3724.0187630796845,0.008094752486872527,3.118549256769171,3.110454504282312,0.15301538685721994,-0.3654928125588114
0.21,0.063,MCP,0,15.25091008613697,30.162857231155456,0,0.3915122182105391,0.8213002290980248,0,15.4,30,30,30.17408653052356,4792.606106381499,-115.366778555321,4791.217360685173,0.006295966299075958,3.1175185025953716,3.1112225362962933,0.17408653052356016,-0.26499514253210243
0.22,0.066,MCP,0,15.252826112562518,30.185089953382466,0,0.39941217751767577,0.8226445315021166,0,15.4,30,30,30.19632116704127,7003.607385585338,-175.70786277716167,7001.40294215265,0.00431153825515557,3.1165018267355387,3.112190288480373,0.196321167041269,-0.1541377034224581
0.23,0.069,MCP,0,15.25568440457501,30.20886342943205,0,0.4061825272580715,0.819953274769968,0,15.4,30,30,30.219994799352545,14454.85887154145,-377.0963158210719,14449.939216646371,0.0020906461327581207,3.11550183484954,3.1134111887167437,0.21999479935254485,-0.03022625888464509
0.24,0.072,MCP,0,15.25964414690511,30.23447395184984,0,0.4115936177856022,0.8123804736901955,0,15.4,30,30,30.245386218929053,72529.79870787216,1963.2421793095405,-72503.22324386575,4.1700634439574574e-4,-0.027071383509587467,6.256530930015057,0.24538621892905255,0.109436417422192
0.25,0.075,MCP,0,15.264864524283464,30.26221781318145,0,0.41541579945414403,0.7990801430514152,0,15.4,30,30,30.272779328575226,9282.820533373537,260.16017958547064,-9279.1741947104,0.0032611617578664504,-0.028029654142236474,6.25841681479518,0.2727793285752256,0.2675502900524435
0.26,0.078,MCP,0,15.271568620034037,30.292992070397275,0,0.417608918742809,0.7798224551051082,0,15.4,30,30,30.30308046317799,4690.524362479449,135.85249179052153,-4688.556589771264,0.0064604888753119144,-0.02896722884893131,6.260678567205929,0.30308046317799153,0.4476605572121913
0.27,0.081,MCP,0,15.279767434904398,30.3270651868847,0,0.4183081042552111,0.7550648427507484,0,15.4,30,30,30.33658938339809,3037.535379486815,90.76587142573396,-3036.1789700573377,0.009987238202480916,-0.029885868962247118,6.263286676419823,0.3365893833980884,0.6498222384986929
0.28,0.084,MCP,0,15.289302029760607,30.3637905648148,0,0.4175466295319788,0.7249922117489402,0,15.4,30,30,30.37268635606177,2197.5200270229507,67.6355875199668,-2196.4789314873424,0.013821346782995467,-0.03078300525532111,6.266223648707243,0.37268635606177014,0.8715151631709952
0.29,0.087,MCP,0,15.300013465468714,30.402521606358665,0,0.41535776811374076,0.6897894678602886,0,15.4,30,30,30.410753722301735,1694.832647159121,53.64313416265303,-1693.9835052424805,0.017943219215936303,-0.03165627873424677,6.269472247661278,0.41075372230173457,1.1102445537729646
0.3,0.09,MCP,0,15.311742802894782,30.44261171368739,0,0.4117747935411256,0.6496415168453982,0,15.4,30,30,30.450175413277233,1363.4080498084002,44.307826522495965,-1362.6879051313244,0.022333867999060442,-0.03250357017317996,6.273015605005468,0.45017541327723265,1.3635490880642216
0.31,0.093,MCP,0,15.324331102904864,30.483414288972053,0,0.4068309793547619,0.6047332644648735,0,15.4,30,30,30.49033650468575,1130.3167334606112,37.65860238541769,-1129.6892261181583,0.026975037705878804,-0.0333230250212508,6.276837319864212,0.4903365046857502,1.6290072352631182
0.32,0.096,MCP,0,15.337619426365013,30.52428273438374,0,0.4005595990952783,0.5552496164793195,0,15.4,30,30,30.530622813736937,958.5959326173084,32.694312130857284,-958.0382267867694,0.03184931395481458,-0.03411307408153553,6.280921547052861,0.5306228137369366,1.904241889661304
0.33,0.099,MCP,0,15.352524899668921,30.567568622837634,0,0.3920885487447142,0.49790532589730496,0,15.4,30,30,30.573382286551755,822.8010745696142,28.682036939269615,-822.3010087978284,0.037157683954829414,-0.03486608104844411,0.0022916029063881245,0.5733822865517553,2.2044013460990377
0.34,0.102,MCP,0,15.36963080508087,30.615025849899162,0,0.38098971910092705,0.43102512226729245,0,15.4,30,30,30.620419177201146,712.0560415659573,25.329150532114394,-711.6053965955443,0.043002821954660424,-0.035579355881206004,0.007423466073458876,0.6204191772011463,2.538869583913336
0.35,0.105,MCP,0,15.38827743727279,30.665111301714738,0,0.36796237592827163,0.35720887615972524,0,15.4,30,30,30.67028787457424,623.0957546117057,22.588124770220787,-622.6861938685456,0.04922243113931506,-0.03625939506335658,0.012963036075958157,0.6702878745742389,2.8966780233691223
0.36,0.108,MCP,0,15.40780509091661,30.716281864430805,0,0.3537057849911029,0.2790564581450475,0,15.4,30,30,30.72151456008345,551.9785015394949,20.37069982596549,-551.602484358425,0.055657085329228674,-0.036913261391136064,0.018743823938088985,0.7215145600834489,3.2668996246923
0.37,0.111,MCP,0,15.427554060684274,30.766994424193786,0,0.33891921205377606,0.19916773879370342,0,15.4,30,30,30.772591526592567,495.13027456577413,18.587069851687065,-494.78127453038013,0.06215049474318637,-0.03754857895749756,0.024601915785686844,0.7725915265925671,3.638662433312477
0.38,0.114,MCP,0,15.446864641247707,30.815705867150122,0,0.324301922880646,0.12014258867613713,0,15.4,30,30,30.82197445728458,449.63041444706937,17.15980451340396,-449.3028496514407,0.06854957642308904,-0.03817351376625128,0.030376062656834835,0.8219744572845791,4.001155236326967
0.39,0.117,MCP,0,15.46578392384462,30.862748252619486,0,0.3099456365395746,0.04218316458136988,0,15.4,30,30,30.86998354775911,412.40370673277243,15.994651712929569,-412.0934219852492,0.07485379748965765,-0.038793696606385014,0.036060100883274514,0.8699835477591087,4.354474624724161
0.4,0.12,MCP,0,15.484863774352664,30.909574236911435,0,0.2953562224577198,-0.03661948810070732,0,15.4,30,30,30.918085303370628,380.85313448883596,15.003951098722514,-380.5574746360903,0.08118112338728024,-0.03940583262920235,0.04177529075807854,0.9180853033706278,4.707318947616069
0.41,0.123,MCP,0,15.504201649403694,30.95632160165723,0,0.2803541719383811,-0.11683216589834755,0,15.4,30,30,30.966432909191056,353.6663540170727,14.144678027168181,-353.3833867731152,0.0875583231411835,-0.04000508231483298,0.047553240826348736,0.966432909191056,5.061822897855621
0.42,0.126,MCP,0,15.52389500562956,31.00312812848812,0,0.2647599762848577,-0.19902166533980267,0,15.4,30,30,31.01518729606634,329.90723751267257,13.386138443789461,-329.6355512695902,0.09401184263159722,-0.04058660353696956,0.05342523909462841,1.0151872960663404,5.420119289642706
0.43,0.129,MCP,0,15.544041299662121,31.050131599035378,0,0.24839412680044926,-0.283754782953325,0,15.4,30,30,31.0645174320861,308.89127898523617,12.70591714873442,-308.62984609811235,0.10056780344896324,-0.04114555449156595,0.05942224895739809,1.0645174320860988,5.784338244554634
0.44,0.132,MCP,0,15.564737988133233,31.097469794930255,0,0.2310771147884551,-0.3715983152671667,0,15.4,30,30,31.11460073086636,290.1074188509781,12.087335192744547,-289.8554998621125,0.1072519994631687,-0.041677097380073615,0.0655749020830958,1.1146007308663606,6.156606135002378
0.45,0.135,MCP,0,15.585333368479098,31.145090034995917,0,0.21421544325376718,-0.45780342211622044,0,15.4,30,30,31.165272468112708,273.8285646677329,11.554473132393,-273.5846797220626,0.11381308047949289,-0.04220854275345883,0.0716045377260321,1.1652724681127076,6.523321782326324
0.46,0.138,MCP,0,15.605533288381737,31.19297219144121,0,0.19848110386139126,-0.5401713790768247,0,15.4,30,30,31.216419257274637,259.83281458318015,11.10572792943883,-259.59536656376315,0.12014040377213918,-0.042754846693861814,0.07738555707827621,1.2164192572746373,6.877857186993794
0.47,0.141,MCP,0,15.625971529841744,31.241302875975947,0,0.18259282090479761,-0.6230941562894003,0,15.4,30,30,31.268350283898197,247.23980089869087,10.700395539825156,-247.00813890176897,0.12646972765000217,-0.04329294401528635,0.08317678363471573,1.2683502838981973,7.232894175075881
0.48,0.144,MCP,0,15.647281874859695,31.290268700309902,0,0.16526931867745598,-0.7109637238943697,0,15.4,30,30,31.32143717460609,235.43671737502814,10.308852444046472,-235.21091694395426,0.13303548199202098,-0.04380008973494217,0.08923539225707847,1.3214371746060891,7.601231994830845
0.49,0.147,MCP,0,15.670098105436177,31.34005627615285,0,0.14522932147283663,-0.8081720520321537,0,15.4,30,30,31.376118233772708,224.00192764887882,9.909722970422187,-223.78261992626466,0.1400707510113686,-0.04425389709573457,0.09581685391563362,1.3761182337727078,7.995785198526294
0.5,0.15,MCP,0,15.695054003571773,31.3908522152146,0,0.12119155358440963,-0.9191111108431735,0,15.4,30,30,31.432910301107913,212.66115209891586,9.488452411702497,-212.44937016350292,0.14780748618575812,-0.044632521335027514,0.10317496485073165,1.4329103011079134,8.429599428983432
0.51,0.153,MCP,0,15.722721109608598,31.444617830373854,0,0.09289911006129713,-1.045069645401279,0,15.4,30,30,31.494038917435788,201.46217829780957,9.05079052757098,-201.2587699339446,0.15632730264079653,-0.044940633072842885,0.11138666956795204,1.4940389174357875,8.910349668608523
0.52,0.156,MCP,0,15.752815492936344,31.502225884446506,0,0.0614043430060568,-1.1826570162737942,0,15.4,30,30,31.56040253237951,190.7542942187649,8.619326605970215,-190.55946046249903,0.16545054810763388,-0.04520088207590446,0.12024966603172856,1.5604025323795092,9.430018950440111
0.53,0.159,MCP,0,15.784687729126954,31.56223016404814,0,0.02738986229231203,-1.3292461168413556,0,15.4,30,30,31.630563643867347,180.72646848880788,8.205643903784976,-180.5400892338329,0.17501898813358477,-0.0454192786677908,0.12959970946579452,1.6305636438673474,9.978265454570385
0.54,0.162,MCP,0,15.817688393752393,31.623184455794338,0,-0.008461722206313731,-1.4822098404845994,0,15.4,30,30,31.70303265453101,171.48085400958303,7.817207604689078,-171.3025818752336,0.18487797274883713,-0.04560227851414869,0.13927569423468833,1.703032654531011,10.544816555869103
0.55,0.165,MCP,0,15.851168062384597,31.683642546300675,0,-0.045467800616197165,-1.6389210805841605,0,15.4,30,30,31.77626110114123,163.05815182248813,7.458419591770913,-162.88748525580064,0.19487686292270862,-0.04575682198832909,0.14912004093437867,1.7762611011412304,11.119493055323941
0.56,0.168,MCP,0,15.884477310595527,31.742158222182717,0,-0.08294576306371487,-1.796752730520675,0,15.4,30,30,31.848637780940653,155.45834043349774,7.131535522897632,-155.29467734414766,0.20486927682445524,-0.04589036006768749,0.15897891675676787,1.8486377809406527,11.69222664280737
0.57,0.171,MCP,0,15.916966713957123,31.797285270056044,0,-0.12021299967524346,-1.953077683674778,0,15.4,30,30,31.918487611370683,148.6564222204028,6.837396867170794,-148.49909720753007,0.21471314279343617,-0.046010860625486046,0.16870228216794952,1.9184876113706828,12.25306838537109
0.58,0.174,MCP,0,15.948635552375208,31.84997570771602,0,-0.15676329608182724,-2.1064985769956315,0,15.4,30,30,31.986601830345844,142.57253569699606,6.575196681998752,-142.42083669064806,0.22435318046335195,-0.04613461964478124,0.17821856081857168,1.986601830345844,12.799599424742574
0.59,0.177,MCP,0,15.980092798163245,31.902073708133038,0,-0.19297930474871253,-2.2587599014313127,0,15.4,30,30,32.05495501383411,137.04842445044017,6.337953842369031,-136.90179321484436,0.23389510052649976,-0.046262590828060064,0.18763250969844,2.0549550138341104,13.339961558760342
0.6,0.18,MCP,0,16.011603565504647,31.953471290685226,0,-0.22951171605357698,-2.4119473313608237,0,15.4,30,30,32.123637568629334,131.9562712993104,6.118008110105905,-131.814367623495,0.24344153750574501,-0.046380532453515214,0.19706100505222882,2.1236375686293343,13.880194210853587
0.61,0.183,MCP,0,16.043432968582824,32.00406047475071,0,-0.2670112203740986,-2.5681465411631663,0,15.4,30,30,32.192790126561526,127.19641133640326,5.909291420626208,-127.05907024595139,0.2530951132058239,-0.04647473259553802,0.20662038061028615,2.192790126561526,14.42640835463597
0.62,0.186,MCP,0,16.07584612158118,32.05373327970761,0,-0.3061285080879554,-2.7294432052173456,0,15.4,30,30,32.26260475222438,122.69091697498487,5.706992855340051,-122.55811413656677,0.2629583798676989,-0.04653199279148209,0.216426387076216,2.2626047522243766,14.984781874617433
0.63,0.189,MCP,0,16.109108138683133,32.10238172493405,0,-0.3475142695728254,-2.8979229979023637,0,15.4,30,30,32.33332782256379,118.37907354216986,5.507331079551122,-118.25089579822502,0.273133813731409,-0.04653964173762695,0.22659417199378182,2.3333278225637883,15.561557744312926
0.64,0.192,MCP,0,16.14289946239789,32.151780382574074,0,-0.38961807311818275,-3.068969177949169,0,15.4,30,30,32.4062548161398,114.34917756572008,5.319256689796011,-114.22539086483636,0.28339735803971916,-0.04653445750410649,0.23686290053561213,2.4062548161398,16.145659048844646
0.65,0.195,MCP,0,16.176912223179066,32.202919009608,0,-0.4312677395607466,-3.2390322140082985,0,15.4,30,30,32.48192254217754,110.64300415935207,5.147716280847954,-110.52318936086803,0.29357411965600555,-0.04654225787960832,0.2470318617763974,2.481922542177543,16.727623479822373
0.66,0.198,MCP,0,16.211429067126694,32.25451240266845,0,-0.47368133809906227,-3.411798595338141,0,15.4,30,30,32.55955776734564,107.15931126183958,4.98493924479487,-107.04330138237293,0.3038425441890685,-0.04653574991818197,0.2573067942708869,2.5595577673456376,17.316396043072757
0.67,0.201,MCP,0,16.246732640340802,32.30527535838799,0,-0.5180769379316754,-3.590954811197082,0,15.4,30,30,32.638488689252995,103.81735760316485,4.824668279180677,-103.70518943475913,0.31438373546369297,-0.046489399519569354,0.26789433594412293,2.638488689252995,17.92121656165456
0.68,0.204,MCP,0,16.283105588921423,32.35392267339922,0,-0.5656726082571308,-3.780187350843507,0,15.4,30,30,32.718151234747324,100.55323298075177,4.661930844059628,-100.44510472734125,0.32538139515623865,-0.0463794397085625,0.27900195544767603,2.7181512347473245,18.55162042872024
0.69,0.207,MCP,0,16.320830558968584,32.39916914433473,0,-0.617686418273975,-3.983182703535806,0,15.4,30,30,32.798101075102686,97.31733661178716,4.492909999540802,-97.21356780279136,0.3370221814221964,-0.04618403829327605,0.29083814312891965,2.798101075102686,19.217459840153335
0.7,0.21,MCP,0,16.36110976873552,32.44421904689875,0,-0.6751300272959998,-4.20438981048584,0,15.4,30,30,32.882654701686455,94.07186269948822,4.316762190072915,-93.97276688459121,0.34954824703248216,-0.04590404050798142,0.30364420652450164,2.882654701686455,19.936514925339353
0.71,0.213,MCP,0,16.404184283056093,32.49177526690605,0,-0.7372166095524396,-4.44203346569588,0,15.4,30,30,32.974623485235405,90.87243840840226,4.139019045277204,-90.77812833293983,0.36286715821401905,-0.04556333666727106,0.31730382154674686,2.974623485235405,20.706724183779805
0.72,0.216,MCP,0,16.44889501790129,32.539800516155076,0,-0.8024665066150042,-4.6904639376099295,0,15.4,30,30,33.07127946973122,87.7986019389072,3.9650990275054845,-87.70902172598184,0.37667205102813794,-0.045176665802626706,0.3314953852255117,3.0712794697312233,21.50853465055951
0.73,0.219,MCP,0,16.494082889242108,32.586257506444234,0,-0.8694000600554025,-4.944031494671989,0,15.4,30,30,33.16970967922026,84.90576590603003,3.7990694297332457,-84.82072951559446,0.3906649840003922,-0.04475948367253728,0.3459055003278557,3.1697096792202615,22.32258942039073
0.74,0.222,MCP,0,16.538588813049522,32.62910894957196,0,-0.9365376114453441,-5.197086405326063,0,15.4,30,30,33.266804616297755,82.22999834181749,3.6439128324023855,-82.14922109530413,0.4045580115180442,-0.044328183797078556,0.3602298277209657,3.2668046162977546,23.129795473107464
0.75,0.225,MCP,0,16.58125370529453,32.666317557336654,0,-1.0023995023565375,-5.44397893801615,0,15.4,30,30,33.35925798729535,79.79279417135193,3.50179758123527,-79.71591695120736,0.41807356583675515,-0.043900237683949475,0.37417332815280613,3.3592579872953507,23.911363437229937
0.76,0.228,MCP,0,16.62256564864561,32.699865941575275,0,-1.0670553761251,-5.685744877765729,0,15.4,30,30,33.44913030857182,77.55725283564608,3.371591492781564,-77.48393277459614,0.431283072641251,-0.04348599563659568,0.3877970770046549,3.4491303085718172,24.672909662352698
0.77,0.231,MCP,0,16.66383070059156,32.73259422690045,0,-1.131904583230738,-5.9280993002644875,0,15.4,30,30,33.5404883776538,75.46023116671677,3.249413490081556,-75.39023676647267,0.44447900382854244,-0.04307459035519183,0.40140441347334976,3.5404883776538014,25.434557012607414
0.78,0.234,MCP,0,16.705116739333825,32.76375139427416,0,-1.1974620259605444,-6.1724114099557434,0,15.4,30,30,33.63293321167001,73.47851746304057,3.1331545288864917,-73.4116875658398,0.45772471156058975,-0.042653347776615794,0.415071363783974,3.6329332116700073,26.199628402170976
0.79,0.237,MCP,0,16.74649164307385,32.79258642465839,0,-1.2642426066016126,-6.420050411282812,0,15.4,30,30,33.72612056419395,71.59232539874506,3.0210625375764764,-71.52855539673543,0.47108569775252934,-0.04221066758422545,0.4288750301683038,3.7261205641939483,26.97160113249142
0.8,0.24,MCP,0,16.78802329001309,32.81834829901512,0,-1.3327612274410368,-6.672385508689016,0,15.4,30,30,33.81976264582305,69.78478037037652,2.9116907147921003,-69.72401041623381,0.4846294917935925,-0.04173597996040905,0.44289351183318276,3.8197626458230474,27.754102396562693
0.81,0.243,MCP,0,16.829779558352993,32.840285998306335,0,-1.4035327907659108,-6.930785906617673,0,15.4,30,30,33.91363072425387,68.04151105780791,2.8038583452713604,-67.98371573700166,0.49842559633105343,-0.04121972673871316,0.4572058695923396,3.9136307242538706,28.55090752229597
0.82,0.246,MCP,0,16.87182832629501,32.857648503494005,0,-1.4770721988633269,-7.1966208095120985,0,15.4,30,30,34.007558635223425,66.35032275699437,2.6966208462622907,-66.29550185320893,0.5125454891873679,-0.0406533632364377,0.4718921259509303,4.007558635223425,29.365940729401753
0.83,0.249,MCP,0,16.914033163974224,32.87132706514256,0,-1.5526494618761566,-7.4678723112279055,0,15.4,30,30,34.10205567909175,64.72268636020351,2.5917281499240636,-64.67077450346613,0.5268949358699722,-0.04005429054806203,0.48684064532191057,4.102055679091748,30.19417962925181
0.84,0.252,MCP,0,16.956279055659646,32.88255150384623,0,-1.6294124192427966,-7.742273558889204,0,15.4,30,30,34.19780399142,63.16967152382504,2.490864577281673,-63.12054336018976,0.5413642839431574,-0.03944156187364592,0.5019227220695113,4.1978039914200025,31.029880542652126
0.85,0.255,MCP,0,16.998666000753623,32.89107865561178,0,-1.7076927171936314,-8.02082033684206,0,15.4,30,30,34.294978648320864,61.68123296454814,2.393255752243729,-61.63478585126432,0.5560034551843707,-0.03881012976217251,0.5171933254221984,4.294978648320864,31.87603160993841
0.86,0.258,MCP,0,17.041293998658496,32.89666535644597,0,-1.7878220019590438,-8.304508429432548,0,15.4,30,30,34.39379908596863,60.24884702135,2.298251936407837,-60.204996515562,0.5708623614619666,-0.03815524754567659,0.5327071139162901,4.393799085968631,32.73565937986365
0.87,0.261,MCP,0,17.08426304877662,32.899068442355535,0,-1.8701319197694184,-8.594333621006735,0,15.4,30,30,34.494530706949575,58.86531310625485,2.205310166349313,-58.823989104510886,0.5859907794032321,-0.03747243061107066,0.5485183487921612,4.4945307069495755,33.61182229454149
0.88,0.264,MCP,0,17.127673150510326,32.898044749347214,0,-1.954954116855138,-8.891291695910681,0,15.4,30,30,34.59748683673419,57.524590109704704,2.1139792216720963,-57.485733527022816,0.601438215739627,-0.03675741675487587,0.5646807989847514,4.597486836734191,34.50760364727907
0.89,0.267,MCP,0,17.171486010851147,32.893795005080584,0,-2.042107751340597,-9.194876144000567,0,15.4,30,30,34.70291920778004,56.22833547474788,2.0245892315752916,-56.191874401057134,0.6171784904314855,-0.03601435007266542,0.5811641403588199,4.702919207780042,35.421717180357085
0.9,0.27,MCP,0,17.215581152182878,32.88664727886082,0,-2.131175700871757,-9.503846406103138,0,15.4,30,30,34.81090903008848,54.980687114091715,1.937684173184836,-54.94653160648668,0.633147944438227,-0.035250296460943006,0.597897647977284,4.810909030088482,36.350613858319434
0.91,0.273,MCP,0,17.259935296996236,32.8765494191631,0,-2.2221351909613505,-9.818097193020312,0,15.4,30,30,34.921550031435864,53.78011648870777,1.8531881847913645,-53.74817785833048,0.6493394271239326,-0.034465435305930575,0.6148739918180017,4.921550031435864,37.29398428927921
0.92,0.276,MCP,0,17.30452516778197,32.863449274462596,0,-2.3149634471221128,-10.137523215554008,0,15.4,30,30,35.03493431133673,52.62510903068431,1.7710180393373185,-52.59530012839315,0.6657455909670189,-0.03365983536839664,0.6320857555986219,5.034934311336727,38.25150214580336
0.93,0.279,MCP,0,17.34932748703081,32.84729469323448,0,-2.409637694866777,-10.462019184506154,0,15.4,30,30,35.15115214060608,51.514170089755346,1.691084310439475,-51.48640552506292,0.6823588942491109,-0.032833455091578805,0.6495254391575319,5.151152140606079,39.22282393457869
0.94,0.282,MCP,0,17.39431897723349,32.828033523953934,0,-2.506135159708076,-10.791479810678663,0,15.4,30,30,35.270291767115815,50.44582972411208,1.6132924277692555,-50.42002602237143,0.6991716056611382,-0.03198614367690231,0.6671854619842358,5.270291767115815,40.207588885363
0.95,0.285,MCP,0,17.439492281035267,32.805530199731145,0,-2.6045071379730294,-11.126013260736432,0,15.4,30,30,35.39245267264178,49.41788445254009,1.5374729509453358,-49.3939619861549,0.7161871266794505,-0.031116691969483024,0.6850704347099673,5.392452672641781,41.20606401024148
0.96,0.288,MCP,0,17.484861229139728,32.7797412857075,0,-2.704803606068012,-11.465770782297096,0,15.4,30,30,35.51784902743495,48.42839327578481,1.4634773745013867,-48.40627551514785,0.7334096100436724,-0.03022400933448305,0.7031856007091892,5.5178490274349485,42.218648001431994
0.97,0.291,MCP,0,17.530434326125082,32.75075282840502,0,-2.806999809624798,-11.81071170759171,0,15.4,30,30,35.64673780005068,47.476342338207274,1.3912281703710894,-47.455953957249854,0.7508315941045748,-0.02930780441598604,0.7215237896885887,5.64673780005068,43.245121743499375
0.98,0.294,MCP,0,17.576220076569555,32.7186508743457,0,-2.911070994275164,-12.16079536885133,0,15.4,30,30,35.7793733156095,46.560767866331915,1.3206340613251268,-46.54203508634441,0.7684446574920333,-0.02836747030737362,0.7400771871846596,5.779373315609497,44.28520738928793
0.99,0.297,MCP,0,17.622226985051356,32.68352147005154,0,-3.016992405650885,-12.515981098307012,0,15.4,30,30,35.916006744912096,45.68075031064364,1.251591285129073,-45.66360113042288,0.7862394225285666,-0.027402087786462474,0.7588373347421041,5.916006744912096,45.3385666845204
1,0.3,MCP,0,17.668463556148698,32.64545066204454,0,-3.1247392893837365,-12.876228228189817,0,15.4,30,30,36.05688558493315,44.835409191539895,1.1839848294105064,-44.81977350786755,0.8042055650902102,-0.02641043100407358,0.7777951340861368,6.056885584933148,46.40479961846705
0.01,0.003,PIP,53.2883397567997,63.52179011108831,73.74435132131788,-0.06230373368167219,-0.13038181323231557,-0.26007208031538215,53.267,63.467,73.667,20.4,20.457091672818684,1695.26888188996,47.12758115290068,-1695.3199912130392,0.012067166389565426,0.003634097357796533,0.01570126374732844,0.05709167281868588,0.7610602001578064
0.02,0.006,PIP,53.276727631382755,63.54752982780601,73.81960455099052,0.07738431981086127,0.01039194505595134,-0.16291481504375185,53.267,63.467,73.667,20.4,20.54464893623672,992.7320988069245,51.93715481947165,-992.6538106903403,0.020695058577160433,0.0013493803817192168,0.022044438958873838,0.14464893623672026,1.4043473852390276
0.03,0.009,PIP,53.26655000866699,63.57434524717455,73.89440969082014,0.20760528615248647,0.13895017570990906,-0.08114660708747497,53.267,63.467,73.667,20.4,20.630619891655673,703.4715223980502,53.73520248419527,-703.263761003825,0.029326872850983877,-6.66199690070017e-4,0.028660673160924008,0.23061989165567454,2.0438814532439045
0.04,0.012,PIP,53.257751986678855,63.60217545890608,73.9687137174841,0.3286776467471471,0.25571538736201205,-0.014221078173678538,53.267,63.467,73.667,20.4,20.71504384841052,545.7028461084116,54.58122977747932,-545.3725635625414,0.037960300181933054,-0.0024252743002516667,0.035535025881684154,0.3150438484105216,2.6796476074049598
0.05,0.015,PIP,53.250278663444796,63.630959552712724,74.0424636076599,0.4409198829987869,0.36111008864471467,0.03840814997051029,53.267,63.467,73.667,20.4,20.797961897932005,446.37182093986235,55.00911184389192,-445.927435889464,0.04659335764999829,-0.003940297413957552,0.042653060236043074,0.39796189793200654,3.311631812992435
0.06,0.018,PIP,53.24407513699125,63.66063661830662,74.11560633802489,0.5446504763113497,0.4555567881904714,0.0772874556179644,53.267,63.467,73.667,20.4,20.879416315344887,378.0836003830124,55.219001565602476,-377.53379183980775,0.05522433740631247,-0.005223541586422565,0.05000079581988672,0.4794163153448885,3.9398200204249196
0.07,0.021,PIP,53.239179869759816,63.69124706257986,74.18817033056861,0.639634021490159,0.5387422573397977,0.10201176708185608,53.267,63.467,73.667,20.4,20.95944899287751,328.2187586983561,55.29753111006474,-327.5726703664795,0.06385816909428975,-0.006271319594386888,0.05758684949990493,0.5594489928775097,4.564560874922048
0.08,0.024,PIP,53.23569774323178,63.7229052241676,74.26025029378411,0.7252505776833512,0.6098440713545096,0.11151937224153777,53.267,63.467,73.667,20.4,21.03811618740046,290.16467387596515,55.2868982355175,-289.4321731462077,0.07250405745943246,-0.007069149903920676,0.06543490755551053,0.6381161874004597,5.186466282964999
0.09,0.027,PIP,53.23367348399307,63.75566109039644,74.33189263410401,0.8012418228090884,0.6685209447490121,0.10537168871915274,53.267,63.467,73.667,20.4,21.11548754897643,260.1490194315026,55.21416557886003,-259.3402388415296,0.0811668927106456,-0.007612987471867243,0.0735539052387793,0.7154875489764301,5.805916950826549
0.1,0.03,PIP,53.23315181862968,63.7895646485931,74.40314375796099,0.8673494347855328,0.7144315920377109,0.08313013413684428,53.267,63.467,73.667,20.4,21.191640121446124,235.8516537337266,55.096077905447146,-234.976946818757,0.0898515646846861,-0.00789880176426555,0.081952762920421,0.7916401214461253,6.4232935625539085
0.11,0.033,PIP,53.23417747372755,63.82466588608421,74.47405007178769,0.9233150915308469,0.7472347277350109,0.044356126116755566,53.267,63.467,73.667,20.4,21.266658792120005,215.76727307813044,54.94359220903361,-214.83718646710764,0.09856294927738758,-0.007922575993952548,0.09064037328343755,0.8666587921200062,7.038976167995456
0.12,0.036,PIP,53.23679517587262,63.861014790196435,74.5446579820168,0.9688804709631924,0.7665890663553172,-0.011388917718969965,53.267,63.467,73.667,20.4,21.340636751139787,198.8766537501571,54.764213811930304,-197.9019077287372,0.10730589211315573,-0.007680306479887134,0.0996255856332681,0.9406367511397882,7.653343401720704
0.13,0.039,PIP,53.24108988718654,63.898685627104044,74.61500508172321,1.0034441166472998,0.7717073793273124,-0.08507938453480601,53.267,63.467,73.667,20.4,21.41363629619418,184.4683299336378,54.561465601912175,-183.4601603056815,0.11608299540575721,-0.0071577977096189856,0.10892519769613732,1.013636296194182,8.266650065898668
0.14,0.042,PIP,53.247067770310906,63.93767394440545,74.68507017413903,1.026910417039894,0.7624673202654251,-0.1768521697201697,53.267,63.467,73.667,20.4,21.485733737191435,172.03114936961745,54.34036069372931,-171.0007648681166,0.12489443810567277,-0.00635524605275498,0.11853919205291773,1.0857337371914362,8.878987831955062
0.15,0.045,PIP,53.25465535261168,63.977911651563566,74.75481148093266,1.0397798173971307,0.7395249269626807,-0.2858896179903334,53.267,63.467,73.667,20.4,21.557049291168337,161.18460584559156,54.10732548186147,-160.14257069049626,0.13374136554838947,-0.005290046786587341,0.12845131876180374,1.157049291168338,9.490478487218791
0.16,0.048,PIP,53.2637791614548,64.01933065804134,74.82418722377258,1.0425527629751654,0.7035362372121045,-0.41137407406057014,53.267,63.467,73.667,20.4,21.62770174118512,151.64048363941515,53.867205885218155,-150.59673025625037,0.142624853351256,-0.003979335213384159,0.13864551813787188,1.2277017411851219,10.101228939528154
0.17,0.051,PIP,53.27436572420619,64.06186287330166,74.89315562432714,1.035729699030153,0.6551572888067213,-0.5524878826461516,53.267,63.467,73.667,20.4,21.697807521290198,143.17649414763713,53.62371495093025,-142.1403382436472,0.15154587804696767,-0.002439992510289644,0.14910588553667922,1.2978075212901992,10.711330377663225
0.18,0.054,PIP,53.286341568231826,64.10544020680744,74.96167490426481,1.0198110708182488,0.5950441195395567,-0.7084133884623511,53.267,63.467,73.667,20.4,21.76747985617941,135.6184543646609,53.37973543151329,-134.59861113592294,0.16050529375338113,-6.886516374254412e-4,0.1598166421159546,1.3674798561794113,11.320857677518243
0.19,0.057,PIP,53.29963322089762,64.14999456802161,75.02970328525399,0.9952973235956085,0.5238527672036359,-0.8783329362244409,53.267,63.467,73.667,20.4,21.836827954576634,128.82794423312131,53.13752947008465,-127.83254492219451,0.16950381444464938,0.0012582968280267855,0.17076211127267513,1.4368279545766356,11.92986904701387
0.2,0.06,PIP,53.3138760723073,64.19511591759587,75.09687933840367,0.9645838185471102,0.4447464579300995,-1.0581738742420341,53.267,63.467,73.667,20.4,21.905794248896257,122.70871391551054,52.904693510784405,-121.74344786817646,0.17851865242414,0.0033345905664271588,0.18185324299056718,1.5057942488962581,12.536786130890134
0.21,0.063,PIP,53.32894602985637,64.2406501428454,75.16304587022275,0.9284450280348008,0.3587516639693959,-1.2465904283952582,53.267,63.467,73.667,20.4,21.974355799854557,117.1712650590646,52.68232318992578,-116.24103578691313,0.18754048433954823,0.005518640784570738,0.1930591251241195,1.5743557998545583,13.140996721744388
0.22,0.066,PIP,53.34513039684829,64.28691304322818,75.22846745547929,0.8849500640805881,0.26331929229351236,-1.4468552597551525,53.267,63.467,73.667,20.4,22.042699057612186,112.12540841256163,52.46374434961491,-111.23699413204673,0.19658968800815266,0.007860797449021668,0.20445048545717429,1.6426990576121874,13.743976715008984
0.23,0.069,PIP,53.362716476586606,64.33422041820226,75.29340866894148,0.8321680387063803,0.15590024987443632,-1.662241029392758,53.267,63.467,73.667,20.4,22.111050402260137,107.49903705052107,52.24358294187226,-106.6610434070439,0.2056860322559788,0.010410825826408262,0.21609685808238838,1.7110504022601383,14.34717168038416
0.24,0.072,PIP,53.381991572374844,64.3828880672257,75.35813408537751,0.7681680639340864,0.03394544368415578,-1.896020398379114,53.267,63.467,73.667,20.4,22.179678751358093,103.23399237106536,52.017492973731464,-102.4568062612915,0.21484860017459387,0.013217916897277686,0.228066517071873,1.7796787513580945,14.951988963917255
0.25,0.075,PIP,53.40324298751652,64.4332317897565,75.42290827955551,0.6910192517856133,-0.10509421930534313,-2.151466027785263,53.267,63.467,73.667,20.4,22.248898910107286,99.28302943373669,51.78195458926071,-98.57877150789064,0.22409568923313938,0.01633069089157095,0.24042638012471024,1.8488989101072875,15.559787522672677
0.26,0.078,PIP,53.42864511744794,64.4887519222835,75.49325793722295,0.5990564340327442,-0.2633471414170431,-2.4321064811063913,53.267,63.467,73.667,20.4,22.322538339037877,95.58439700452793,51.54065316448622,-94.96669285463636,0.23353747095334434,0.019753378154355048,0.2532908491076994,1.922538339037878,16.177306378384596
0.27,0.081,PIP,53.459129834381336,64.55103887358332,75.57184233787633,0.4927004120002426,-0.44022211911806886,-2.737586845175333,53.267,63.467,73.667,20.4,22.40258325431899,92.11352347460611,51.298928922881004,-91.59548959588712,0.24320623518972156,0.02345365683327057,0.26665989202299367,2.002583254318992,16.806599777278386
0.28,0.084,PIP,53.493120656784114,64.61754355154568,75.65462494690748,0.37314925203948773,-0.6341888366526455,-3.065354566069599,53.267,63.467,73.667,20.4,22.486600259894004,88.87662849103003,51.05601535932887,-88.47005875904985,0.2530091503433154,0.02742465439491996,0.28043380473823554,2.0866002598940057,17.442221907283283
0.29,0.087,PIP,53.52904110312364,64.6857168640603,75.73756922970813,0.24160102050185903,-0.8437169782649967,-3.4128570898666966,53.267,63.467,73.667,20.4,22.572123775642748,85.87046107761476,50.81090255980158,-85.58582937643743,0.26286249651368165,0.03165922984979893,0.29452172636348073,2.172123775642749,18.0791332643314
0.3,0.09,PIP,53.56531469186734,64.75300971901694,75.81663865167012,0.0992537837387347,-1.0672762281993498,-3.7775418626441413,53.267,63.467,73.667,20.4,22.65665532205786,83.08508947871071,50.56243774169315,-82.93155269016876,0.2726921938004686,0.03615006144704855,0.3088422552475173,2.25665532205786,18.712750519722597
0.31,0.093,PIP,53.60036494148262,64.81687302430532,75.88779667818521,-0.05269439189850565,-1.3033362706999283,-4.156856330479442,53.267,63.467,73.667,20.4,22.737663834742914,80.50609944762083,50.30940657311813,-80.49150120358553,0.28243405146633116,0.040889766557603374,0.32332381802393473,2.3376638347429157,19.33897906059904
0.32,0.096,PIP,53.63261537043684,64.87475768781516,75.94700677464517,-0.21304544005848275,-1.5503667900109575,-4.548247939450109,53.267,63.467,73.667,20.4,22.81258682849264,78.11625775756701,50.05059741611688,-78.24713333388587,0.2920337901911695,0.045871045940710786,0.33790483613188044,2.4125868284926426,19.95422879504939
0.33,0.099,PIP,53.66608052275327,64.93241638926119,76.00222874482733,-0.3912269990905799,-1.8208023487144969,-4.968923989255597,53.267,63.467,73.667,20.4,22.887126012600284,75.856309665247,49.77726425982126,-76.1477899101876,0.30171683955627293,0.05128804316451529,0.3530048827207885,2.487126012600285,20.571945330265436
0.34,0.102,PIP,53.704266973226545,64.99518638309733,76.06139831127079,-0.5927670354173115,-2.1218806737943376,-5.4293681259103135,53.267,63.467,73.667,20.4,22.967137475223904,73.69727833198478,49.488889036400614,-74.16938983363872,0.31164159647475226,0.05722979166426944,0.36887138813902137,2.5671374752239053,21.202158615923114
0.35,0.105,PIP,53.744836286481174,65.05989543932198,76.1204428175101,-0.8106179747969987,-2.4442761960973076,-5.9169423149642055,53.267,63.467,73.667,20.4,23.05011421145269,71.65804052822891,49.19524782907597,-72.32408535831534,0.3216682181306974,0.06353300422289834,0.3852012223535959,2.650114211452692,21.83680605619138
0.36,0.108,PIP,53.78545002714162,65.12337132793355,76.1752896070797,-1.0377322429879603,-2.7786633464702306,-6.41900852196721,53.267,63.467,73.667,20.4,23.133327043212933,69.7483749133938,48.90450423852666,-70.61511485593154,0.33166833022185055,0.0700365901481777,0.40170492037002786,2.7333270432129346,22.468275796441812
0.37,0.111,PIP,53.82376975983241,65.18244181893056,76.22186602351415,-1.267062265748515,-3.1157165557599305,-6.922928712469272,53.267,63.467,73.667,20.4,23.213813671404527,67.97084526146743,48.623528907790465,-69.03868833919539,0.3415260407915569,0.07658176598341311,0.41810780677496956,2.813813671404528,23.089491000369282
0.38,0.114,PIP,53.857457049178024,65.23393468231143,76.25609941034796,-1.4915604688369828,-3.4461102548132336,-7.416064852020332,53.267,63.467,73.667,20.4,23.288379548867844,66.32255038841838,48.358207772529894,-67.58572774112795,0.35113817868099645,0.08301204058835554,0.434150219269352,2.888379548867846,23.693952594013655
0.39,0.117,PIP,53.887346364756766,65.27910867854267,76.2795986848244,-1.7110613094664222,-3.7697879710947393,-7.899322298839339,53.267,63.467,73.667,20.4,23.35799190003711,64.76584223752484,48.11136874737911,-66.21883140966061,0.36065294749619836,0.08930111156001429,0.4499540590562117,2.9579919000371113,24.288060082418788
0.4,0.12,PIP,53.9159222662526,65.32147483649157,76.29701771816923,-1.93104432380081,-4.094069991580306,-8.383208237899925,53.267,63.467,73.667,20.4,23.426143309356938,63.27248288086275,47.87912496359306,-64.91488485639832,0.3702422007599508,0.09555486925369991,0.465797070013651,3.0261433093569394,24.881320412969487
0.41,0.123,PIP,53.9433214534485,65.36123932875769,76.30885128489057,-2.152929556024847,-4.420695886383652,-8.869487374884072,53.267,63.467,73.667,20.4,23.493264506272308,61.849349035750436,47.65691397685116,-63.681971944024546,0.3798465929316835,0.10181646472892067,0.48166305766060397,3.093264506272309,25.472114552774276
0.42,0.126,PIP,53.96968062612743,65.39860832794055,76.31559415949657,-2.3781370503232298,-4.75140522561849,-9.359924415473753,53.267,63.467,73.667,20.4,23.559793159219808,60.501942148454674,47.44042778327824,-62.52673521394715,0.38940556819499667,0.1081286502887174,0.49753421848371454,3.1597931592198094,26.05853666923263
0.43,0.129,PIP,53.99513648407239,65.43378800663974,76.31774111649543,-2.608086850880658,-5.087937579398536,-9.856284065350941,53.267,63.467,73.667,20.4,23.626173306704175,59.23463513748046,47.2255945102993,-61.454627117371764,0.3988574125909457,0.11453375367302555,0.5133911662639709,3.226173306704176,26.638394656206437
0.44,0.132,PIP,54.01982572706635,65.46698453745479,76.31578693039529,-2.8441990018818286,-5.4320325178375075,-10.360331030197617,53.267,63.467,73.667,20.4,23.69285488616606,58.050899307277554,47.00855103793395,-60.47013880000754,0.40813932546943,0.12107363748192983,0.5292129629513593,3.2928548861660616,27.20921113988512
0.45,0.135,PIP,54.046477956621715,65.503018600029293,76.31763424718565,-3.0765302581970535,-5.770900824062305,-10.857698467586337,53.267,63.467,73.667,20.4,23.763420141036864,56.93908381678807,46.80915559930409,-59.55378613161469,0.41734812975740915,0.127451175396121,0.5447993051535299,3.3634201410368654,27.77397391305666
0.46,0.138,PIP,54.07622221228989,65.54380545884328,76.32611053007948,-3.300376241690259,-6.098619130341143,-11.342100115460703,53.267,63.467,73.667,20.4,23.838893653387156,55.8824804825539,46.63672514044354,-58.68544199231483,0.4265897549202291,0.13352394342924023,0.560113698349469,3.438893653387158,28.336629234981473
0.47,0.141,PIP,54.10679435091237,65.58519316375099,76.33409777942019,-3.525015297036568,-6.427225780499706,-11.827421550059245,53.267,63.467,73.667,20.4,23.91608988237565,54.87583202997572,46.4729383932582,-57.86727495009016,0.43582190916597996,0.13956407244112098,0.5753859816071011,3.5160898823756526,28.8962564219302
0.48,0.144,PIP,54.135930229330576,65.62302976460664,76.33447799555113,-3.7597257689111063,-6.76875911836368,-12.327548347620505,53.267,63.467,73.667,20.4,23.99208304172237,53.9133796524835,46.30096049798345,-57.10075833167367,0.4450116686501805,0.14584159866968593,0.5908532673198659,3.592083041722372,29.45234569373795
0.49,0.147,PIP,54.16136570438597,65.65316331126442,76.3201331788157,-4.013786001988995,-7.135257487758748,-12.856366084383009,53.267,63.467,73.667,20.4,24.06421668622875,52.98913926121646,46.10528542593856,-56.38695136548218,0.45413488540738967,0.15262452492726125,0.6067594103346514,3.6642166862287517,30.004770324699756
0.5,0.15,PIP,54.18083663292001,65.67144185357859,76.28394532955724,-4.296474340945357,-7.538759232510594,-13.427760336585294,53.267,63.467,73.667,20.4,24.130129542447765,52.097103110486735,45.87160252487775,-55.726667623125756,0.46317603286449455,0.1601792125735632,0.6233552454380576,3.7301295424477665,30.55377141047378
0.51,0.153,PIP,54.19831332873116,65.6832691143467,76.23263197143889,-4.612414313542962,-7.985730849941343,-14.0514188273487,53.267,63.467,73.667,20.4,24.195174179041842,51.23089519785931,45.60218521566742,-55.116980485700495,0.47227701342319783,0.1685893620506698,0.6408663754738675,3.795174179041844,31.10672844060816
0.52,0.156,PIP,54.21801895328781,65.69539092330741,76.17640698976768,-4.955460886344113,-8.468447248711218,-14.719615935369719,53.267,63.467,73.667,20.4,24.26518040961462,50.39206436292142,45.313097046962184,-54.55447818103511,0.48152781030873953,0.17764566569358836,0.6591734760023279,3.86518040961462,31.66748401991612
0.53,0.159,PIP,54.238068634936496,65.70566849072657,76.11339692735284,-5.318739562223237,-8.977659389653056,-15.42011722024963,53.267,63.467,73.667,20.4,24.3385684767611,49.58496992442198,45.011047783454025,-54.03764070553865,0.49084568396145534,0.18717607034865313,0.6780217543101082,3.9385684767611018,32.23137701656359
0.54,0.162,PIP,54.25657750202367,65.71196302687002,76.04172832700365,-5.695375844054764,-9.504118233599687,-16.140688241589714,53.267,63.467,73.667,20.4,24.413498951147673,48.81193610841841,44.702153931618824,-53.563090400837325,0.5001542839219026,0.19701147230439858,0.697165756226301,4.013498951147675,32.79397865366704
0.55,0.165,PIP,54.27166068289577,65.7121357420036,75.95952773152932,-6.078495234713118,-10.038574741383938,-16.86909455899124,53.267,63.467,73.667,20.4,24.487857438069852,48.073412859317216,44.39203614116022,-53.12576978762109,0.5093846261702181,0.20698602357527052,0.7163706497454878,4.087857438069854,33.35115912924403
0.56,0.168,PIP,54.281433305899306,65.70404784639314,75.86492168373914,-6.461223237072726,-10.571779873838647,-17.593101732055484,53.267,63.467,73.667,20.4,24.55925018319372,47.36817379759382,44.08592060466777,-52.719145906363444,0.5184757657775961,0.21693730190452282,0.7354130676821192,4.15925018319372,33.899141314502224
0.57,0.171,PIP,54.28401049938074,65.68556055030447,75.75603672644232,-6.836685354008016,-11.09448459179664,-18.30047532038373,53.267,63.467,73.667,20.4,24.62500948213856,46.69353823852783,43.78873422030909,-52.33542917247862,0.527375101804128,0.2267063237369543,0.7540814255410824,4.22500948213856,34.43453526299987
0.58,0.174,PIP,54.282313939293935,65.66094983378568,75.63844119930094,-7.202835853345269,-11.604437459762096,-18.989875003541407,53.267,63.467,73.667,20.4,24.687696759277912,46.04126928948496,43.50739650817547,-51.96553943723808,0.5362079964401886,0.23621804201077157,0.7724260384509597,4.287696759277914,34.962749900544004
0.59,0.177,PIP,54.27962774577411,65.63445378081828,75.5168455555774,-7.565071854927188,-12.109142368645964,-19.6720583733904,53.267,63.467,73.667,20.4,24.751120491045043,45.406974150247265,43.240157219446694,-51.60963328967838,0.5450951303019221,0.24558395123196328,0.7906790815338851,4.3511204910450445,35.49031790355436
0.6,0.18,PIP,54.27461071343973,65.60387675756823,75.38808950848141,-7.927683139652811,-12.613983268891214,-20.352937857976578,53.267,63.467,73.667,20.4,24.814382387993803,44.79253666089873,42.979047696383105,-51.272597450857305,0.5539847536622169,0.2549273564938648,0.8089121101560819,4.414382387993804,36.01577570994455
0.61,0.183,PIP,54.26592163690929,65.5670231302015,75.2490127712227,-8.29495948842118,-13.12434411094082,-21.038425885345838,53.267,63.467,73.667,20.4,24.876713374415747,44.19955940206662,42.716462572663445,-50.95889093712999,0.5628271799752963,0.26437142514136786,0.8271986051166637,4.476713374415748,36.53757693337096
0.62,0.186,PIP,54.25221931080127,65.5216972648841,75.09645505701096,-8.671190682131337,-13.645608845237751,-21.73443488354406,53.267,63.467,73.667,20.4,24.93747594417172,43.629431689132275,42.44513404400555,-50.67261978899953,0.5715746224213009,0.27403911063545183,0.8456137330567526,4.537475944171721,37.05408319055047
0.63,0.189,PIP,54.23216252973414,65.46570352778197,74.92725607905592,-9.060666501682329,-14.18316142222498,-22.446877280617148,53.267,63.467,73.667,20.4,24.996168914112896,43.083396563905694,42.15809887659936,-50.41760118478971,0.5801810188534237,0.2840531276876984,0.864234146541122,4.596168914112898,37.56355111812716
0.64,0.192,PIP,54.21253535040221,65.40945511735258,74.75596039070142,-9.455528142260686,-14.727697178516554,-23.16728807234101,53.267,63.467,73.667,20.4,25.059477729123305,42.56197763564255,41.872351608595544,-50.189320078138536,0.5887761594080116,0.2941583491221872,0.8829345085301992,4.6594777291233065,38.07139143235666
0.65,0.195,PIP,54.19755755418616,65.35945607634402,74.59155189148282,-9.849300212989437,-15.27140906245764,-23.88805816445927,53.267,63.467,73.667,20.4,25.130992761271543,42.06275568361814,41.6004850468906,-49.981446678705524,0.5974642496154648,0.30415054371710093,0.901614793332566,4.730992761271544,38.58198777377493
0.66,0.198,PIP,54.18204152273399,65.3076470373583,74.42252931389736,-10.248347615672364,-15.821927442087894,-24.6163838499694,53.267,63.467,73.667,20.4,25.205859046225207,41.58198718267637,41.32968007055307,-49.79425085687746,0.6061725461914989,0.3142305931054649,0.9204031392969637,4.805859046225208,39.09242148535649
0.67,0.201,PIP,54.16079963769371,65.24596863299732,74.2373913904421,-10.659035252113243,-16.386882685446967,-25.35946142186883,53.267,63.467,73.667,20.4,25.279475000668526,41.11540216038482,41.04781188967374,-49.62730243363486,0.614841973381586,0.3246016646955706,0.9394436380771567,4.879475000668528,39.600369985790984
0.68,0.204,PIP,54.12864428071332,65.1663614958631,74.02463685361424,-11.087728024115853,-16.97390516057451,-26.124487173155007,53.267,63.467,73.667,20.4,25.347511742796907,40.65836272411607,40.74341381248738,-49.479629054388724,0.6234267699068538,0.33546918318445357,0.9588959530913073,4.947511742796909,40.10409610064768
0.69,0.207,PIP,54.08038783344085,65.0607662585576,73.77276443591089,-11.540790833483975,-17.59062523551019,-26.91865739682541,53.267,63.467,73.667,20.4,25.405941834359375,40.20599745427807,40.40564597820954,-49.349832959491344,0.6318943302737559,0.34704127557936876,0.9789356058531249,5.005941834359376,40.60244196353908
0.7,0.21,PIP,54.020547075811486,64.93436399512345,73.48575459021289,-12.030467726308519,-18.25411835963728,-27.76534985366845,53.267,63.467,73.667,20.4,25.46255182578788,39.756981040793185,40.03044666773958,-49.2446401885581,0.6404548624972728,0.35958992015273283,1.0000447826500058,5.062551825787882,41.10709331824498
0.71,0.213,PIP,53.95634914769519,64.79758258944534,73.17700660748973,-12.555698929268825,-18.96416340596771,-28.667543086534785,53.267,63.467,73.667,20.4,25.52633789893167,39.31727136593807,39.62809223032837,-49.16920574537077,0.649239812736497,0.3730169142386882,1.0222567269751854,5.12633789893167,41.624819163911226
0.72,0.216,PIP,53.88667197064227,64.65023288888845,72.84914747737153,-13.102893615051341,-19.7024458779841,-29.601834561515222,53.267,63.467,73.667,20.4,25.594843837131187,38.89123857360312,39.209298167867324,-49.118211690038976,0.6581133637256625,0.38698207420338343,1.0450954379290462,5.194843837131188,42.14765726974793
0.73,0.219,PIP,53.810393466202946,64.4921257408179,72.50480418948844,-13.658460956342502,-20.450651279169076,-30.544821744700563,53.267,63.467,73.667,20.4,25.664907215050754,38.481096050792004,38.78431926642545,-49.084607337413374,0.666948446093508,0.40115224498961305,1.0681006910831212,5.264907215050755,42.66794516857064
0.74,0.222,PIP,53.726391555927506,64.3230719925988,72.1466037334706,-14.208810125828752,-21.190465113005256,-31.47310210218161,53.267,63.467,73.667,20.4,25.73263327427479,38.086934380796215,38.3630737904058,-49.05967866253357,0.6756288919711381,0.4152022626698409,1.0908311546409792,5.332633274274791,43.17845714947198
0.75,0.225,PIP,53.633544161366174,64.14288249159631,71.7771730989481,-14.740350296196524,-21.903572882975258,-32.363273100049156,53.267,63.467,73.667,20.4,25.793409419130022,37.70686385824146,37.95526797058946,-49.03319558074065,0.6840507743126042,0.42881533848569803,1.1128661127983022,5.393409419130023,43.672505146586175
0.76,0.228,PIP,53.53549816589871,63.956229402650386,71.40109695735568,-15.257132055893877,-22.596160957257535,-33.224815723824896,53.267,63.467,73.667,20.4,25.851312531590978,37.338023598015674,37.56194764468322,-49.00581632583471,0.692358888887864,0.44206759556460107,1.134426484452465,5.451312531590979,44.157660719035434
0.77,0.231,PIP,53.435055188580925,63.76554986952006,71.01817143533091,-15.773656519909702,-23.288121919669997,-34.083912253348124,53.267,63.467,73.667,20.4,25.912559292515837,36.97946955644228,37.17435338754386,-48.98616539252563,0.7007282582289379,0.4552895856140023,1.1560178438429407,5.512559292515839,44.64432401001034
0.78,0.234,PIP,53.3298252544772,63.5673022079491,70.62384070530842,-16.292008650741693,-23.98170059715446,-34.94221209618611,53.267,63.467,73.667,20.4,25.975302876765674,36.63067767452587,36.787537348466536,-48.97471444034335,0.7091133586870472,0.46855394625988783,1.1776673049469348,5.575302876765676,45.13059944560146
0.79,0.237,PIP,53.21741838865194,63.35794473368128,70.21354893972278,-16.81427341088756,-24.67914181665275,-35.80136465990612,53.267,63.467,73.667,20.4,26.03779147831672,36.290946552257616,36.39674877136864,-48.97166564478957,0.7174734734687415,0.4819353179086947,1.1994087913774358,5.637791478316721,45.614744439270254
0.8,0.24,PIP,53.09544461616954,63.13393576246039,69.78274031100857,-17.342535762844996,-25.382690405106693,-36.66301935207542,53.267,63.467,73.667,20.4,26.098375401413875,35.95943707466601,35.99743136785736,-48.97699573432872,0.7257726350727718,0.49551021105582904,1.221282846128601,5.698375401413877,46.09516863494864
0.81,0.243,PIP,52.961513962094386,62.891733610030194,69.3268589916004,-17.878880669111723,-26.09459118945811,-37.52882558026128,53.267,63.467,73.667,20.4,26.155515112484977,35.635210016247704,35.585218079794956,-48.990494807771654,0.7339795415983095,0.5093569465885314,1.2433364881868412,5.755515112484979,46.57043164605956
0.82,0.246,PIP,52.81323645149086,62.627796592134466,68.8413491539328,-18.425393092185423,-26.817088996648828,-38.40043275203094,53.267,63.467,73.667,20.4,26.20779047606916,35.317261021491554,35.15592474712541,-49.011799704192754,0.7420674683725043,0.5235556576599506,1.2656231260324549,5.807790476069162,47.03923987513882
0.83,0.249,PIP,52.653681198350895,62.34673833283947,68.33228225833349,-18.97878720582235,-27.54648425788287,-39.27469682044005,53.267,63.467,73.667,20.4,26.25775871849355,35.00559696497411,34.71616389504867,-49.03934761091024,0.7501017264401042,0.5379988409514214,1.2881005673915256,5.857758718493553,47.50460435566973
0.84,0.252,PIP,52.48676776836828,62.05436610026274,67.80711681467079,-19.535594471994475,-28.279035772830444,-40.14884314318314,53.267,63.467,73.667,20.4,26.3086413190531,34.70056553292786,34.27348240085943,-49.07210551217505,0.7581617450611419,0.5525623614811477,1.3107241065422894,5.9086413190531,47.9704384246421
0.85,0.255,PIP,52.31138186416027,61.748928676225,67.26337756969032,-20.0976257855231,-29.01692592113262,-41.02507523478579,53.267,63.467,73.667,20.4,26.360193695212036,34.401727841668176,33.825288526328855,-49.11043729349648,0.7662462134615213,0.5673029547111434,1.3335491681726654,5.960193695212038,48.43693685385858
0.86,0.258,PIP,52.12640918834405,61.428674842547004,66.69858927013765,-20.666692041229524,-29.76233708243049,-41.90559660977361,53.267,63.467,73.667,20.4,26.4122857298375,34.10876346877816,33.36906068601045,-49.15475309373113,0.7743548297789887,0.5822774830671251,1.3566323128461137,6.012285729837501,48.90432338249228
0.87,0.261,PIP,51.930735443536896,61.09185338104945,66.11027666275837,-21.24460413393505,-30.51745163636513,-42.79261078267219,53.267,63.467,73.667,20.4,26.464906468344683,33.82147935216679,32.90233920843272,-49.205516177159204,0.7824881399414362,0.5975428185803082,1.3800309585217443,6.0649064683446845,49.37284150161384
0.88,0.264,PIP,51.723246332355984,60.73671307355307,65.49596449429804,-21.83317295846097,-31.28445196257761,-43.688321268007115,53.267,63.467,73.667,20.4,26.518169541679434,33.5398188921244,32.422717977353,-49.26324872456542,0.790647368340628,0.6131557162270103,1.4038030845676381,6.1181695416794355,49.842744431526896
0.89,0.267,PIP,51.50466024639931,60.364339575205456,64.85708915531961,-22.431549361616202,-32.06236759005295,-44.59186277532469,53.267,63.467,73.667,20.4,26.573090577276663,33.26416273124776,31.931785301978042,-49.327777510205706,0.7988504262671363,0.6290875930120045,1.427938019279141,6.173090577276664,50.31500688323084
0.9,0.27,PIP,51.27641491346294,59.97697831350237,64.19679263055683,-23.037500906273422,-32.84852535647536,-45.5005736791569,53.267,63.467,73.667,20.4,26.63079131550792,32.99510221219496,31.432751016900863,-49.398566384616124,0.8071134662424293,0.645267791017581,1.4523812572600105,6.230791315507922,50.79045883692376
0.91,0.273,PIP,51.038475040461215,59.574617728786784,63.51515805801139,-23.650763561349542,-33.642553604534676,-46.41396299150777,53.267,63.467,73.667,20.4,26.691637850421454,32.73300331840857,30.92565562568989,-49.4756353215683,0.815435039393726,0.6616896415129917,1.477124680906718,6.291637850421456,51.269112384753114
0.92,0.276,PIP,50.79080533430846,59.157246261401674,62.812268575685046,-24.271073295761497,-34.444080676920755,-47.33153972438143,53.267,63.467,73.667,20.4,26.755990717076692,32.478228639379104,30.410512820184945,-49.558995562933745,0.8238131153690958,0.6783462866940823,1.502159402063178,6.355990717076693,51.75094611060929
0.93,0.279,PIP,50.533370501919045,58.72485235169001,62.088207321579546,-24.898166078426204,-35.25273491632345,-48.252812889781914,53.267,63.467,73.667,20.4,26.824204203344713,32.23113553417669,29.88731067822368,-49.64864711574867,0.8322450872046172,0.6952306774880678,1.527475764692685,6.424204203344715,52.23590471284752
0.94,0.282,PIP,50.26613525020733,58.2774244399948,61.343057433696636,-25.53177787826059,-36.06814466543259,-49.1772914997133,53.267,63.467,73.667,20.4,26.896625661445988,31.99207433211219,29.356013056827873,-49.7445763519879,0.8407277809569347,0.7123355730173566,1.5530633539742913,6.496625661445989,52.723898849398516
0.95,0.285,PIP,49.98875133754294,57.814470706143005,60.576238577682346,-26.171998910508577,-36.890348268151136,-50.10485386431312,53.267,63.467,73.667,20.4,26.97346287871675,31.76123061765275,28.81605688432849,-49.84672762993733,0.8492574863810541,0.7296660153047189,1.5789235016857732,6.57346287871675,53.214826985082766
0.96,0.288,PIP,49.70102761995136,57.335689997481076,59.78731550016244,-26.819094679333173,-37.719664548699825,-51.03581354684199,53.267,63.467,73.667,20.4,27.055199555491125,31.538886947611733,28.26694489341394,-49.955245775965125,0.8578362197889761,0.747228256286602,1.605064476075578,6.6551995554911265,53.7089500145345
0.97,0.291,PIP,49.40316445083072,56.84135675563115,58.976588960608225,-27.473064087029982,-38.55614257024534,-51.97033243898869,53.267,63.467,73.667,20.4,27.14259628969732,31.3255771126182,27.70867944856548,-50.07043344554332,0.8664675575526447,0.7650161013261465,1.6314836588787909,6.742596289697321,54.20663196868811
0.98,0.294,PIP,49.09536218357913,56.331745422215434,58.144359718491,-28.133906035894604,-39.399831395954344,-52.908572432441964,53.267,63.467,73.667,20.4,27.236418418195516,31.121888928759013,27.14120527299234,-50.192622336698406,0.8751531271299852,0.7830225131413596,1.6581756402713448,6.836418418195517,54.70814532072349
0.99,0.297,PIP,48.77782117159467,55.80713043885605,57.29092853328206,-28.80161942822264,-40.250780088993466,-53.85069541889059,53.267,63.467,73.667,20.4,27.337433479886304,30.928457712167404,26.564409637818944,-50.322164135186895,0.8838925540451901,0.8012396039346837,1.6851321579798741,6.937433479886305,55.21366478432299
1,0.3,PIP,48.45074176827546,55.26778624717517,56.41659616445273,-29.476203166309688,-41.1090377125294,-54.79686329002334,53.267,63.467,73.667,20.4,27.44640851501847,30.745959530553378,25.978123373853773,-50.45942145982048,0.892683426833499,0.8196586316394923,1.7123420584729916,7.04640851501847,55.72326165091276
0.01,0.003,DIP,90.28345521794614,100.48822601715533,110.67207319772996,-0.5177424344635065,-0.736068406862151,-1.0054266933119993,90.267,100.467,110.667,20.400000000000006,20.394536471433717,2018.3982501867965,52.21323604891471,-2018.5569280722311,0.010104317356372195,0.018862717918388196,0.028967035274770295,-0.005463528566288289,0.8380506141962925
0.02,0.006,DIP,90.37018686406557,100.64368025583555,110.9002745314699,-0.5644437100299948,-0.926835495360239,-1.425100832343134,90.267,100.467,110.667,20.400000000000006,20.548724040502336,773.5547527894687,68.23778080783292,-773.8025132367043,0.02656402015035501,0.028615203656729364,0.0551792238070821,0.14872404050233,1.968896938227214
0.03,0.009,DIP,90.45300804721725,100.79061793143357,111.11203843825766,-0.6294158620697204,-1.1383944318650485,-1.8667154964211903,90.267,100.467,110.667,20.400000000000006,20.697606946481145,486.97098455347304,71.67585815634104,-487.2382510047893,0.04250275191541395,0.038568634655734436,0.08107138657114385,0.29760694648113883,3.0728000711736234
0.04,0.012,DIP,90.53189781800768,100.92904070056159,111.30740307402243,-0.7119174400308774,-1.3698859100787433,-2.3293336417722665,90.267,100.467,110.667,20.400000000000006,20.84128798034841,359.5110628651432,73.02712465308478,-359.7965693521803,0.05797120070312335,0.04870975883523531,0.10668095953835748,0.441287980348406,4.151185971608774
0.05,0.015,DIP,90.60683522704335,101.05895021983177,111.4864065946935,-0.8112069933616601,-1.6204506237034868,-2.8120182246224603,90.267,100.467,110.667,20.400000000000006,20.97987777746234,287.3260590462648,73.65705416206406,-287.63688424159363,0.07301766448578266,0.05902571940966856,0.13204338389545378,0.579877777462336,5.205564099613106
0.06,0.018,DIP,90.67779932493072,101.18034814585629,111.64908715620014,-0.9265430715102624,-1.8892292664414436,-3.313832201197871,90.267,100.467,110.667,20.400000000000006,21.113494052820975,240.77913296267906,73.95614925786302,-241.12433092413394,0.08768822195274531,0.0695040331787607,0.15719225513150542,0.7134940528209697,6.237521034760375
0.07,0.021,DIP,90.74477574919526,101.29318096228083,111.79533351356811,-1.0584697888742782,-2.1768606274240216,-3.835500292158295,90.267,100.467,110.667,20.400000000000006,21.242153990464164,208.21765237291208,74.07294571594788,-208.60759853440615,0.1020189870953883,0.08015504697523035,0.18217403407061622,0.8421539904641584,7.248367338981171
0.08,0.024,DIP,90.80778329985195,101.39740645490384,111.92500906967206,-1.2084216565715804,-2.4850141329520468,-4.378869616293171,90.267,100.467,110.667,20.400000000000006,21.365882750834025,184.13085754383633,74.07418731644871,-184.57733795727063,0.11603640495590163,0.09100438634366692,0.20704079129956773,0.9658827508340195,8.239104735720865
0.09,0.027,DIP,90.86685077124164,101.49304323356668,112.03811395221435,-1.3769928191307808,-2.8143764324818057,-4.94468672702306,90.267,100.467,110.667,20.400000000000006,21.484837493849678,165.56150631205702,73.99853360651774,-166.07693892825242,0.12976952174712755,0.10206260348947954,0.23183212523660582,1.0848374938496725,9.210906891579626
0.1,0.03,DIP,90.92200695770526,101.58010990811073,112.13464828889747,-1.5647774210804928,-3.165634175469589,-5.533698177768526,90.267,100.467,110.667,20.400000000000006,21.599205464876928,150.78384250889755,73.86872449365947,-151.38117411700122,0.14324615360297896,0.11334004994508615,0.2565862035480666,1.199205464876922,10.164937180495656
0.11,0.033,DIP,90.9732806535836,101.65862508837735,112.21461220742381,-1.7723696069493284,-3.5394740113716843,-6.14665052195013,90.267,100.467,110.667,20.400000000000006,21.709204036490203,138.72321400994207,73.69907788677301,-139.41586572652375,0.15649294309843728,0.12484687139295829,0.2813398144913958,1.309204036490197,11.102343034297892
0.12,0.036,DIP,91.02070065321749,101.72860738420789,112.27800583549585,-2.0003635212658994,-3.9365825896443782,-6.784290312988433,90.267,100.467,110.667,20.400000000000006,21.815080842856386,128.67566155240797,73.49911054179161,-129.47749776861642,0.1695354084810466,0.1365929967312941,0.3061284052123401,1.41508084285638,12.02425086570485
0.13,0.039,DIP,91.06417710560308,101.78981971278348,112.32437534108556,-2.2500037346611514,-4.358455483229952,-7.448495400498474,90.267,100.467,110.667,20.400000000000006,21.91691326738262,120.13795758961987,73.27772433697407,-121.06402206463193,0.18243121247531743,0.14859648862891006,0.3310277011042271,1.5169132673826127,12.933511549008202
0.14,0.042,DIP,91.1036356583427,101.84211729231717,112.35347514822413,-2.5214345182411133,-4.805290196540805,-8.139616089677535,90.267,100.467,110.667,20.400000000000006,22.014927929808792,112.76473451052306,73.04259946615751,-113.83039337103664,0.19522883661606447,0.16085845989656056,0.35608729651262566,1.6149279298087862,13.832746550497973
0.15,0.045,DIP,91.13912835368639,101.88565718419815,112.36561776870282,-2.813599567247022,-5.275826276238407,-8.856107617319541,90.267,100.467,110.667,20.400000000000006,22.109603881555554,106.32777815003546,72.7979970404535,-107.54754491675587,0.20793817256632086,0.17336323592305303,0.381301408489374,1.709603881555548,14.722613283483684
0.16,0.048,DIP,91.1707072338843,101.92059644981576,112.36111571431294,-3.125442576920121,-5.768803268984231,-9.596425220218434,90.267,100.467,110.667,20.400000000000006,22.2013987043565,100.65564875552735,72.5471146311217,-102.04319338516699,0.22056783676671046,0.18609508948628975,0.40666292625300204,1.8013987043564939,15.603632381837013
0.17,0.051,DIP,91.19842434118645,101.94709215055914,112.34028149684572,-3.4559072425016453,-6.282960721439741,-10.359024135168127,90.267,100.467,110.667,20.400000000000006,22.29074712275454,95.61702257608542,72.29239504434223,-97.18518261867479,0.23312530051871364,0.19903819431867598,0.4321634948373895,1.890747122754533,16.47619397238062
0.18,0.054,DIP,91.22233171784303,101.96530134781764,112.30342762809241,-3.8039372592328373,-6.817038180266415,-11.142359598962562,90.267,100.467,110.667,20.400000000000006,22.37805965653093,91.10956546665784,72.03573466830247,-92.87035861532961,0.24561701663169858,0.2121765875276581,0.4577936041593552,1.9780596565309239,17.340564174714473
0.19,0.057,DIP,91.24248140610409,101.97538110298046,112.2508666198443,-4.168476322354934,-7.3697751921257195,-11.944886848395662,90.267,100.467,110.667,20.400000000000006,22.463721324817442,87.05230807043625,71.7786282154008,-89.0169457214012,0.2580485437174333,0.22549414029092077,0.4835426840083546,2.063721324817436,18.196891951990455
0.2,0.06,DIP,91.25856650304179,101.97695677650951,112.18205164600468,-4.543979293509038,-7.934996606312965,-12.760575261877282,90.267,100.467,110.667,20.400000000000006,22.547703936386977,83.33065917594057,71.53932874325156,-85.50786272846806,0.2705811301549983,0.23890456542443292,0.509485695579431,2.1477039363869714,19.055211784599166
0.21,0.063,DIP,91.2703692602837,101.96967876669686,112.09640657994287,-4.928560166318512,-8.51066981330117,-13.587698955584669,90.267,100.467,110.667,20.400000000000006,22.63008942899138,79.87567602911638,71.32460929000622,-82.27382686258399,0.2833164056194308,0.2523808194749394,0.5356972250943698,2.2300894289913735,19.922804817364366
0.22,0.066,DIP,91.27807545191293,101.95374169167684,111.99419998264892,-5.326651333997972,-9.101748171518345,-14.431170272962822,90.267,100.467,110.667,20.400000000000006,22.71144021974209,76.6836045092183,71.1203971371498,-79.31342856807362,0.2961707442561845,0.26599371321505066,0.5621644574712356,2.311440219742085,20.795162092609907
0.23,0.069,DIP,91.28187085201256,101.92934016958388,111.87570041511299,-5.742685189762041,-9.713185039392508,-15.295901557456745,90.267,100.467,110.667,20.400000000000006,22.79236129258751,73.74695088005097,70.91484140517562,-76.62143289043976,0.30906174452770485,0.27981154640251377,0.5888732909302172,2.3923612925875055,21.667180883105484
0.24,0.072,DIP,91.28194123466577,101.89666881855237,111.74117643832525,-6.181094126825335,-10.349933775351673,-16.186805152511443,90.267,100.467,110.667,20.400000000000006,22.873500086492747,71.05592642935933,70.69795561425033,-74.19024216378472,0.3219084070240443,0.2938999090170477,0.6158083160410918,2.4735000864927414,22.5331674962636
0.25,0.075,DIP,91.27847237395565,101.85592225671675,111.59089661327585,-6.646310538402483,-11.016947737823864,-17.108793401571923,90.267,100.467,110.667,20.400000000000006,22.95554651302233,68.59950409634962,70.46129082901473,-72.01095629427007,0.3346313769379546,0.30832143182619604,0.6429528087641502,2.5555465130223247,23.38684787340958
0.26,0.078,DIP,91.27922257803428,101.81703264281356,111.43630411902473,-7.14559805039321,-11.725010734047121,-18.078990407150638,90.267,100.467,110.667,20.400000000000006,23.04721558092148,66.30170527731643,70.22218284613851,-70.01464608207166,0.3476112037318374,0.323191291433793,0.6708024951656311,2.6472155809214755,24.250708497779193
0.27,0.081,DIP,91.28800436996589,101.7848618711161,111.28288299128894,-7.679735134306224,-12.476414442366497,-19.10314178119421,90.267,100.467,110.667,20.400000000000006,23.15360039864385,64.12029341810607,69.9945917107276,-68.1611587728699,0.36109629517237696,0.33851357505930546,0.6996098702316832,2.7536003986438438,25.141917719396922
0.28,0.084,DIP,91.29908484620186,101.7519991630639,111.12196307604421,-8.243426451769619,-13.263374027870508,-20.169092131298914,90.267,100.467,110.667,20.400000000000006,23.26968118689093,62.08071937395356,69.76766056067599,-66.47068369633027,0.37482943853665945,0.35418864926589116,0.7290180878025508,2.8696811868909258,26.046291962970276
0.29,0.087,DIP,91.30673110319358,101.7110337400964,110.94487421926623,-8.831376664411474,-14.07810465564767,-21.264686065061024,90.267,100.467,110.667,20.400000000000006,23.390027554998376,60.19318823142295,69.5328687153003,-64.94838679660401,0.3885826327236802,0.3701261017135627,0.7587087344372424,2.9900275549983704,26.95053862873021
0.3,0.09,DIP,91.30521023739244,101.65455482365314,110.74294626693073,-9.43829043385989,-14.912821490786513,-22.37776819007682,90.267,100.467,110.667,20.400000000000006,23.508813227791617,58.456299025123435,69.28398590879962,-63.588124919151156,0.40216047919297737,0.3862448806882728,0.7884053598812508,3.108813227791611,27.842510279826858
0.31,0.093,DIP,91.28878934524985,101.57515163517363,110.50750906501341,-10.058872421742954,-15.759739698375554,-23.49618311394258,90.267,100.467,110.667,20.400000000000006,23.6198433101008,56.860238840070586,69.01690323938074,-62.37569428849118,0.41540176038542087,0.40247335669077877,0.8178751170762,3.2198433101007957,28.711390657624225
0.32,0.096,DIP,91.25173552321716,101.46541339609729,110.22989245949,-10.687827289688752,-16.611074443503313,-24.60777544425456,90.267,100.467,110.667,20.400000000000006,23.716590078175503,55.389374936562255,68.72940897728763,-61.29146019110788,0.42817941356692035,0.4187493446660054,0.8469287582329253,3.316590078175498,29.547797419653232
0.33,0.099,DIP,91.2033146404735,101.33594570966375,109.91979115468384,-11.351489061021057,-17.500979817093707,-25.75810123402865,90.267,100.467,110.667,20.400000000000006,23.811520548748867,53.98882535786164,68.4280794521503,-60.30127890365725,0.44104535319884536,0.43548580266511455,0.8765311558639604,3.411520548748861,30.38398096332416
0.34,0.102,DIP,91.15388652869909,101.1995290961858,109.59095067657645,-12.067401223300662,-18.453195855716704,-26.98073034829901,90.267,100.467,110.667,20.400000000000006,23.91880939743852,52.637788461510105,68.1195400802292,-59.39768389529142,0.45440376764552853,0.45292886644704045,0.9073326340925694,3.5188093974385133,31.246241304908587
0.35,0.105,DIP,91.0993592280971,101.05201515271264,109.24077710363088,-12.817082634511195,-19.4443166429299,-28.245528112689364,90.267,100.467,110.667,20.400000000000006,24.03355317469335,51.35916845211433,67.80367656309465,-58.58907574453603,0.46795058991466104,0.4707824111505957,0.9387330010652563,3.6335531746933434,32.11780306957757
0.36,0.108,DIP,91.03564077887066,100.88925547629356,108.86667651431009,-13.582052152636267,-20.45093626229088,-29.522359852823435,90.267,100.467,110.667,20.400000000000006,24.149873694637005,50.16449146261367,67.48167880038234,-57.87298890970391,0.48141370500357406,0.488763530554175,0.9701772355577495,3.7498736946369995,32.982812502032814
0.37,0.111,DIP,90.9586392212229,100.70710166397782,108.46605498707711,-14.343828635659506,-21.449648797357252,-30.78109089432493,90.267,100.467,110.667,20.400000000000006,24.26092926241877,49.0557789010671,67.15629028061062,-57.23808965621695,0.49455802773709556,0.506603187855066,1.0011612155921616,3.8609292624187646,33.82670743306649
0.38,0.114,DIP,90.86426259535699,100.50140531281468,108.03631860039499,-15.083930941564535,-22.4170483316866,-31.991586562817577,90.267,100.467,110.667,20.400000000000006,24.358968979702805,48.02753309047941,66.8318875005105,-56.666245476204104,0.5071875945369247,0.5240462289115964,1.0312338234485203,3.9589689797027994,34.636469557467166
0.39,0.117,DIP,90.75328187412447,100.27194878497815,107.57349772216526,-15.804575069077753,-23.35771177860999,-33.16256010268406,90.267,100.467,110.667,20.400000000000006,24.444974285862955,47.02148602334953,66.52958294508385,-56.106343740430766,0.5198681784264384,0.5411970501820355,1.0610652286084739,4.044974285862949,35.44475569942697
0.4,0.12,DIP,90.63027405002698,100.0231889524849,107.07922529717821,-16.521872355979706,-24.293143460681772,-34.323521804227155,90.267,100.467,110.667,20.400000000000006,24.527116132301305,46.00879557207922,66.25641644109035,-55.543972956186494,0.5330962444751709,0.5583236715156773,1.0914199159908484,4.1271161323013,36.28305860635116
0.41,0.123,DIP,90.49685619274288,99.75798917714818,106.55931126922997,-17.238184668835235,-25.22532857529451,-35.47553256195071,90.267,100.467,110.667,20.400000000000006,24.607519348767468,45.01959232254894,65.99762609571154,-55.00790028255439,0.5465957837304163,0.5754238138836961,1.1220195976141116,4.2075193487674625,37.136667894021514
0.42,0.126,DIP,90.35464537195041,99.47921282078126,106.01956558211661,-17.955873874209157,-26.15625231984073,-36.61965327035855,90.267,100.467,110.667,20.400000000000006,24.68792581554164,44.078848646412396,65.7397162693334,-54.521570411626165,0.5600855415616897,0.5924913919586037,1.152576933520294,4.287925815541634,37.98935460570088
0.43,0.129,DIP,90.20525865732796,99.1897232451974,105.4657981796343,-18.677301838666313,-27.087899891712986,-37.75694482395452,90.267,100.467,110.667,20.400000000000006,24.769682567135785,43.20683903621527,65.47060664994488,-54.10367520054286,0.5732815248617062,0.6095160942174276,1.1827976190791338,4.369682567135779,38.82350071771187
0.44,0.132,DIP,90.05031311855379,98.89238381220987,104.90381900557915,-19.404830428771536,-28.022256488303817,-38.88846811724248,90.267,100.467,110.667,20.400000000000006,24.85373861504391,42.41976707068327,65.1796348953513,-53.768852356493355,0.5858999313605514,0.6264829714146083,1.2123829027751598,4.453738615043903,39.62031092491288
0.45,0.135,DIP,89.90117946312348,98.60122528819991,104.34700029260017,-20.122825327164335,-28.94502721902168,-40.004392353040814,90.267,100.467,110.667,20.400000000000006,24.946277853231994,41.678520055239915,64.90497136143715,-53.47381653480652,0.5985403949125034,0.6431741239708619,1.2417145188833651,4.546277853231988,40.41382219102809
0.46,0.138,DIP,89.7607882812144,98.31881600414364,103.79434551899087,-20.824310727992508,-29.850483862782376,-41.102032013654714,90.267,100.467,110.667,20.400000000000006,25.04899312312274,40.94667984231676,64.67055321446301,-53.1834005545675,0.6117466231593118,0.6595405610722741,1.271287184231586,4.648993123122736,41.23840142509793
0.47,0.141,DIP,89.61809646652765,98.03082566874664,103.23011149701411,-21.524636265083295,-30.753461621239516,-42.193165912818294,90.267,100.467,110.667,20.400000000000006,25.155900150046985,40.2383986849922,64.44738985013815,-52.918333995105925,0.6251715021509898,0.6758227999000164,1.3009943020510062,4.75590015004698,42.07524848580157
0.48,0.144,DIP,89.46206091276424,97.72292399071446,102.6385550389327,-22.239151572263946,-31.66879569604669,-43.28957286426563,90.267,100.467,110.667,20.400000000000006,25.26117206644402,39.56364462087143,64.20920722726653,-52.69527339408252,0.6384945651118735,0.6922674575132387,1.3307620226251122,4.861172066444013,42.905974920184974
0.49,0.147,DIP,89.28163851362524,97.38078067875269,102.00393295700944,-22.983206283361703,-32.61132128885749,-44.40303168173078,90.267,100.467,110.667,20.400000000000006,25.35917453639551,38.928894771797744,63.93227808084062,-52.527558938352726,0.6514229259538883,0.7091261433170452,1.3605490692709337,4.959174536395505,43.71270564303506
0.5,0.15,DIP,89.06578616281169,96.99006544156688,101.31050206350719,-23.772150032203815,-33.59587360132551,-45.54532117894785,90.267,100.467,110.667,20.400000000000006,25.444506059407054,38.33787955639985,63.595113499539366,-52.42590795261372,0.6636910114440466,0.7266553172148545,1.3903463286589006,5.044506059407048,44.47813082232092
0.51,0.153,DIP,88.82117460280813,96.55666621648179,100.55935603142048,-24.620856083550905,-34.642571047455945,-46.74312099966966,90.267,100.467,110.667,20.400000000000006,25.52653429197426,37.77259798786076,63.21052641032514,-52.385291210407175,0.6757950379843584,0.7450681263493351,1.4208631643336929,5.126534291974256,45.229838899854045
0.52,0.156,DIP,88.56166911016014,96.09712088840593,99.76586402414304,-25.52301821710915,-35.74838071151223,-47.999739309069525,90.267,100.467,110.667,20.400000000000006,25.617114022200237,37.220023156534374,62.80598240159171,-52.39260559658014,0.6882616357991942,0.7642346752754268,1.452496311074621,5.2171140222002315,46.00001030738893
0.53,0.159,DIP,88.2870183796605,95.61307408742069,98.93569608953666,-26.462216839124142,-36.89341080053539,-49.29189770301232,90.267,100.467,110.667,20.400000000000006,25.7141653339323,36.68748232477147,62.38377621989,-52.44285203041051,0.7008975188403712,0.7839065059102621,1.4848040247506336,5.314165333932294,46.77860860205429
0.54,0.162,DIP,87.99697110610191,95.10617044360744,98.0745222754631,-27.422032355841484,-38.057769521566435,-50.596317777362906,90.267,100.467,110.667,20.400000000000006,25.814761743506605,36.1793573596052,61.94679601511389,-52.5284912197053,0.7135218430476926,0.8038436537076397,1.5173654967553325,5.414761743506599,47.55570975632756
0.55,0.165,DIP,87.69127598427713,94.57805458704753,97.18801262978403,-28.38604517350674,-39.22156508164634,-51.88972112798612,90.267,100.467,110.667,20.400000000000006,25.91511981435808,35.69722400002572,61.49866751186931,-52.63968536872614,0.7259701710793928,0.8238155745701626,1.5497857456495552,5.515119814358073,48.3217391537382
0.56,0.168,DIP,87.36968170897886,94.03037114782228,96.28183720036125,-29.337835698365517,-40.36490568781612,-53.148829350746844,90.267,100.467,110.667,20.400000000000006,26.010620115611534,35.2400849475617,61.04384681073388,-52.7646153324021,0.7380975430200045,0.8436017549580846,1.5816992979780886,5.610620115611528,49.06769527468301
0.57,0.171,DIP,87.03193697499981,93.46476475601305,95.36166603505649,-30.26098433666339,-41.46789954711676,-54.350364041509906,90.267,100.467,110.667,20.400000000000006,26.095854263472418,34.804669522857765,60.587654481955035,-52.88983636285751,0.7497802628562273,0.8629919450194038,1.6127722078756306,5.6958542634724125,49.78532473255647
0.58,0.174,DIP,86.68405142358976,92.88665559712179,94.42840669263751,-31.155410971071266,-42.532821170274666,-55.49927306678841,90.267,100.467,110.667,20.400000000000006,26.173944966407788,34.36897202225718,60.15041662141393,-53.00014631054061,0.7615573997807576,0.8820177791637085,1.643575178944466,5.773944966407782,50.50510989465647
0.59,0.177,DIP,86.32954672568685,92.29760785132014,93.47771004496688,-32.0364857557029,-43.57953708341605,-56.62009544691987,90.267,100.467,110.667,20.400000000000006,26.25191294327743,33.923621249077456,59.73724050636677,-53.099755411403784,0.773853497258679,0.9009025187233537,1.6747560159820327,5.851912943277423,51.25323269378808
0.6,0.18,DIP,85.96443962061642,91.69348214069416,92.50736110954861,-32.9109645039681,-44.61454351668155,-57.71893950850571,90.267,100.467,110.667,20.400000000000006,26.329500981423188,33.48152941224131,59.33193029945819,-53.20190482326331,0.7863888371776936,0.9197313736377644,1.7061202108154576,5.929500981423182,52.014867793330964
0.61,0.183,DIP,85.58474684770376,91.0701390873298,91.51514490388672,-33.78560302927669,-45.64433670021182,-58.801913578147364,90.267,100.467,110.667,20.400000000000006,26.406260825431097,33.05390639387317,58.91932052872875,-53.318031632045084,0.798884722149686,0.9385895213602681,1.737474243509954,6.006260825431092,52.77426127122583
0.62,0.186,DIP,85.1864851462742,90.42343931331311,90.49884644548517,-34.667157145038495,-46.67541286414749,-59.87512598244624,90.267,100.467,110.667,20.400000000000006,26.481555471778186,32.65032530434118,58.48535757716231,-53.457940231895606,0.8110655935258693,0.957561407638601,1.76862700116447,6.081555471778181,53.51485049740196
0.63,0.189,DIP,84.76567125565305,89.7492434407301,89.45625075184797,-35.562382664663346,-47.71426823862923,-60.944685048003784,90.267,100.467,110.667,20.400000000000006,26.554564797251576,32.27886555169434,58.01709449021498,-53.63000017024017,0.8226610304728541,0.976730099913109,1.7993911303859638,6.15456479725157,54.21941450066559
0.64,0.192,DIP,84.34061331128306,89.06769726448158,88.4036585690785,-36.46507622405858,-48.758942199264304,-62.014035513821185,90.267,100.467,110.667,20.400000000000006,26.635766052696635,31.92704148490611,57.544977641031444,-53.82393237894547,0.8342697855449278,0.9959523215800857,1.8302221071250138,6.235766052696629,54.92149076465318
0.65,0.195,DIP,83.9222750954917,88.39027585997583,87.34847913134361,-37.3681646665648,-49.80467170196085,-63.081162060993144,90.267,100.467,110.667,20.400000000000006,26.731111395883953,31.581117645324387,57.09281077748505,-54.02790164337891,0.8464270231374006,1.0151151817239166,1.8615422048613168,6.331111395883948,55.65377502003025
0.66,0.198,DIP,83.49565681793142,87.69983377006004,86.27516018824251,-38.277099116741795,-50.85374934731085,-64.1439829292614,90.267,100.467,110.667,20.400000000000006,26.832795020283385,31.244854112230524,56.63963718088916,-54.24566566948438,0.8587908563727275,1.0343575007887504,1.8931483571614782,6.432795020283379,56.397785938425706
0.67,0.201,DIP,83.045758688254665,86.97922553758137,85.16814948937446,-39.19733069914929,-51.908467735906285,-65.20041635836766,90.267,100.467,110.667,20.400000000000006,26.932964234405066,30.920190391113046,56.16610580265157,-54.47942592762398,0.871047813539532,1.053832221110792,1.924880034650324,6.5329642344050605,57.135746405309625
0.68,0.204,DIP,82.5575809161139,86.211305705387,84.01189478433868,-40.13431053834705,-52.97111946833912,-66.24838058805362,90.267,100.467,110.667,20.400000000000006,27.023774575176326,30.607449455154036,55.65444146744962,-54.73009931304274,0.8829149457478154,1.073705505501255,1.9566204512490701,6.62377457517632,57.85074420005226
0.69,0.207,DIP,82.01612371116155,85.3789288163241,82.79084382273439,-41.09348975889484,-54.043997145201345,-67.28579385806106,90.267,100.467,110.667,20.400000000000006,27.097449606485203,30.305594883085146,55.088339956950925,-54.99757345053546,0.8941401649109173,1.0941567073731506,1.9882968722840677,6.697449606485197,58.526816661379634
0.7,0.21,DIP,81.42056349366062,84.47519052300719,81.48636622588235,-42.10585386684129,-55.16448956448781,-68.3534865241104,90.267,100.467,110.667,20.400000000000006,27.165879097944696,30.008543530335754,54.46694099937413,-55.2973253256115,0.9052714961151848,1.1156535871459476,2.0209250832611327,6.765879097944691,59.19459014776734
0.71,0.213,DIP,80.78576767355192,83.51451064500282,80.10622510371002,-43.179503654123245,-56.34670705871739,-69.47153952186048,90.267,100.467,110.667,20.400000000000006,27.245075262177227,29.7165651364646,53.806421603507886,-55.63699654565415,0.9168312399855845,1.1382209011278144,2.055052141113399,6.845075262177222,59.88554540361779
0.72,0.216,DIP,80.12027294500467,82.5117299755863,78.67445843872677,-44.28556317413283,-57.5580245302681,-70.60674696096069,90.267,100.467,110.667,20.400000000000006,27.332268842389954,29.435172239219153,53.117681566288645,-56.002620124860215,0.9285581419487225,1.1613918012348377,2.0899499431835604,6.932268842389949,60.58559443772348
0.73,0.219,DIP,79.43261600218813,81.48168930803291,77.21510421344199,-45.39515648026219,-58.765816881517964,-71.72590295106033,90.267,100.467,110.667,20.400000000000006,27.422918656700286,29.166927253091632,52.412639712215835,-56.378349398374596,0.9402059537757278,1.1847126672867934,2.1249186210625215,7.022918656700281,61.28077742677296
0.74,0.222,DIP,78.73133353927152,80.43922943561795,75.75220041036502,-46.47940762590341,-59.93745901484498,-72.79580160180878,90.267,100.467,110.667,20.400000000000006,27.510694791262512,28.911445734732332,51.70439864887937,-56.74666066178774,0.9515502975422966,1.2077457399962706,2.159296037538567,7.110694791262507,61.95767286998755
0.75,0.225,DIP,78.02496225042405,79.39919115161666,74.30978501200522,-47.509440664448626,-61.040325832627175,-73.7832370228553,90.267,100.467,110.667,20.400000000000006,27.587556650064737,28.665569438271753,51.00730684182455,-57.08864561280178,0.9623934633313879,1.2300706890117017,2.1924641523430894,7.187556650064732,62.603752571200474
0.76,0.228,DIP,77.31601568673777,78.36083907653071,72.88014273441978,-48.49855284017604,-62.0912091535446,-74.70619183078831,90.267,100.467,110.667,20.400000000000006,27.658929310103613,28.422278515764894,50.326778257019626,-57.409612204247836,0.9731425752781264,1.2518947059120369,2.225037281190163,7.258929310103607,63.241707320607475
0.77,0.231,DIP,76.59783223409693,77.31011700473856,71.43733419750123,-49.479821765016695,-63.1283390041059,-75.60400713729527,90.267,100.467,110.667,20.400000000000006,27.734949067927882,28.179831959306707,49.65240847565307,-57.72888642306448,0.984212720217024,1.273716317436909,2.2579290376539336,7.334949067927877,63.89647387213658
0.78,0.234,DIP,75.86518583885909,76.24188449033078,69.978061239512,-50.45404204384198,-64.15124759843198,-76.47551479467414,90.267,100.467,110.667,20.400000000000006,27.813328065127116,27.940644165995753,48.97612365989393,-58.047324044830596,0.995443336949848,1.2955700092431475,2.2910133461929956,7.413328065127111,64.55961559799694
0.79,0.237,DIP,75.11285044738185,75.15100108739792,68.49902569871458,-51.42200828152327,-65.15946715064378,-77.31954665522296,90.267,100.467,110.667,20.400000000000006,27.891634431528793,27.70654252797229,48.29040691330955,-58.36527996826005,1.0066804403100689,1.3174958924912596,2.3241763328013283,7.491634431528787,65.22264871600485
0.8,0.24,DIP,74.33560000602277,74.03232635003054,66.99692941337138,-52.384515082931976,-66.15252987486222,-78.13493457123974,90.267,100.467,110.667,20.400000000000006,27.967311630655075,27.478789603411848,47.588322064913235,-58.682689485853054,1.017778149412468,1.3395392631002534,2.357317412512721,7.56731163065507,65.87713513161617
0.81,0.243,DIP,73.52820846113949,72.88071983231923,65.46847422174483,-53.34235705293946,-67.12996798520828,-78.9205103950225,90.267,100.467,110.667,20.400000000000006,28.03769962332929,27.25812042296016,46.86351576318738,-58.99914875109996,1.0285998883368521,1.3617502448870553,2.390350133223907,7.637699623329283,66.51476785139998
0.82,0.246,DIP,72.68544975908952,71.69104108835452,63.91036196209737,-54.29632879641713,-68.09131369580278,-79.67510597886923,90.267,100.467,110.667,20.400000000000006,28.100057442293984,27.04478971064188,46.11020343121545,-59.313990911950285,1.039019261859406,1.3841835368090685,2.4232027986684748,7.7000574422939785,67.127445348087
0.83,0.249,DIP,71.81454728629495,70.47070064015378,62.32801893156705,-55.24417799182026,-69.03581587750865,-80.39890758914643,90.267,100.467,110.667,20.400000000000006,28.15818430147348,26.83565595656988,45.339000188871786,-59.62571157168841,1.0492825048526462,1.4067892289871458,2.456071733839792,7.758184301473474,67.72932923910489
0.84,0.252,DIP,70.92403902936371,69.22806384916562,60.72673702085653,-56.18449445143863,-69.9641067225291,-81.09362345955809,90.267,100.467,110.667,20.400000000000006,28.217475316163835,26.627985464627166,44.561358862605,-59.933988327894795,1.0596924560308236,1.4295165332980588,2.4892089893288825,7.817475316163829,68.33872818538683
0.85,0.255,DIP,70.01067083493234,67.9594225286276,59.10301645857523,-57.11933598089536,-70.87779342699567,-81.76036839340834,90.267,100.467,110.667,20.400000000000006,28.27762577853081,26.422330193771057,43.773242799873366,-60.23973707270502,1.0702169555506171,1.4524229543868878,2.522639909937505,7.877625778530803,68.9539539277141
0.86,0.258,DIP,69.07118854963737,66.66106849177726,57.45335747333258,-58.05076038581355,-71.77848318703992,-82.40025719400136,90.267,100.467,110.667,20.400000000000006,28.338456290861945,26.219266108421134,42.97071948803343,-60.54383680430872,1.0808256864886148,1.475566790454514,2.5563924769431288,7.938456290861939,69.57332565058552
0.87,0.261,DIP,68.10233802011533,65.32929355185216,55.774260293738,-58.980825471816324,-72.66778319879344,-83.01440466464133,90.267,100.467,110.667,20.400000000000006,28.399921385856874,26.019399803957537,42.1499579690692,-60.84714158765752,1.0914902572632463,1.4990068090737867,2.5904970663370332,7.999921385856869,70.19517760772416
0.88,0.264,DIP,67.10086509300271,63.96038952208982,54.0622251484009,-59.91158904452677,-73.54730065838773,-83.60392560863238,90.267,100.467,110.667,20.400000000000006,28.462118528431702,25.823375868213795,41.30722512839484,-61.150491222759676,1.1021842641211739,1.5228019073111139,2.6249861714322873,8.062118528431697,70.81786638625958
0.89,0.267,DIP,66.06849577421369,62.5561415450857,52.31859076981994,-60.842357709178195,-74.41666847793736,-84.16864235343179,90.267,100.467,110.667,20.400000000000006,28.52694762363789,25.631232837548488,40.444555321050274,-61.45372701275782,1.11297602438566,1.5469415518561511,2.6599175762418112,8.126947623637886,71.44580706395229
0.9,0.27,DIP,65.00930805095325,61.12113777957482,50.54757553239826,-61.770683704898836,-75.27403227971999,-84.70729501746378,90.267,100.467,110.667,20.400000000000006,28.596748436869944,25.44308741810638,39.566224853540824,-61.756028502664186,1.1239496200653418,1.5713723261932477,2.6953219462585896,8.196748436869939,72.08466472826152
0.91,0.273,DIP,63.92357574179402,59.65587456300406,48.74999912760192,-62.6959932881542,-76.11876832511159,-85.21937509048293,90.267,100.467,110.667,20.400000000000006,28.672385814962805,25.259738359960004,38.67191603895967,-62.057194207153806,1.1351022487395315,1.5960882431872516,2.7311904919267826,8.2723858149628,72.73459983957241
0.92,0.276,DIP,62.811572665308645,58.160848232820264,46.92668124689701,-63.617712715409766,-76.95025287548826,-85.70437406224386,90.267,100.467,110.667,20.400000000000006,28.754715904367796,25.081986092849068,37.761292576168266,-62.356961424515646,1.1464289868403137,1.6210827272136017,2.7675117140539154,8.35471590436779,73.39564510374377
0.93,0.279,DIP,61.673572640069835,56.63655512647033,45.07844158174964,-64.5352682431311,-77.76786219222603,-86.16178342250114,90.267,100.467,110.667,20.400000000000006,28.844583870206186,24.91062847828963,36.83400712595058,-62.65500330085524,1.1579227675987829,1.646348613281053,2.8042713808798356,8.44458387020618,74.06770013600071
0.94,0.282,DIP,60.50984948465025,55.08349158140114,43.20609982362593,-65.44808612778364,-78.57097253670096,-86.5910946610094,90.267,100.467,110.667,20.400000000000006,28.9428215500447,24.746456458031407,35.88970930497384,-62.950926789189566,1.1695743832709986,1.6718781477849187,2.8414525310559173,8.542821550044696,74.75052715233512
0.95,0.285,DIP,59.3198317447688,53.50120752907886,41.30960184475804,-66.35585253026431,-79.35905178761199,-86.99170517955861,90.267,100.467,110.667,20.400000000000006,29.049964304327514,24.590138539489352,34.92735725671219,-63.2442449488384,1.1813664350721782,1.6976753140699583,2.8790417491421363,8.649964304327508,75.4433277497184
0.96,0.288,DIP,58.102932524552386,51.88900797995105,39.388232632087465,-67.25882252646586,-80.13225481673271,-87.36362361338156,90.267,100.467,110.667,20.400000000000006,29.16711409798583,24.442460240565378,33.945836088614186,-63.534771721710214,1.1932969844655525,1.7237519399207977,2.91704892438635,8.767114097985825,76.14640032160638
0.97,0.291,DIP,56.85940248018554,50.24702188993665,37.44182054914414,-68.15727574534763,-80.89098837505131,-87.70725830239716,90.267,100.467,110.667,20.400000000000006,29.2959912318527,24.304498155811256,32.94459530960023,-63.82245987849073,1.2053732212054733,1.7501101790082882,2.9554834002137618,8.895991231852694,76.8607690602014
0.98,0.294,DIP,55.58949226785283,48.57537821495452,35.47019395945799,-69.05149181586899,-81.63565921355581,-88.02301758652433,90.267,100.467,110.667,20.400000000000006,29.438374645938055,24.17747569456152,31.922974696626465,-64.10717416709817,1.2175950466392123,1.7767502204916794,2.9943452671308917,9.038374645938049,77.58705070301373
0.99,0.297,DIP,54.29345254373879,46.87420591092358,33.47318122655893,-69.94175036698927,-82.36667408323437,-88.31130980568192,90.267,100.467,110.667,20.400000000000006,29.596090973813904,24.06274845763035,30.880225072289655,-64.38867529948196,1.229954717181483,1.8036701905423833,3.0336249077238664,9.196090973813899,78.3254114513509
1,0.3,DIP,52.971533964028005,45.143633933762736,31.450610713976896,-70.82833102766783,-83.0844397350751,-88.57254329978883,90.267,100.467,110.667,20.400000000000006,29.771002488485706,23.96178771488799,29.81553197516843,-64.66660704932472,1.242436617948515,1.830866043203842,3.073302661152357,9.3710024884857,79.07552903091043
