time,pressure,joint,u1_start,u1_mid,u1_end,u2_start,u2_mid,u2_end,u1_init_offset_start,u1_init_offset_mid,u1_init_offset_end,L_init,L_arc,R_arc,u1_center_arc,u2_center_arc,theta_arc,theta_arc_start,theta_arc_end,delta_L,theta_joint
0.01,0.007,MCP,0,15.3806306,29.9872002,0,0.0344536,0.0901338,0,15.4,30,30,29.987348008098905,9538.45741321965,-13.676381134376967,9538.447608515968,0.0031438362314789485,3.140158838327226,3.1370150020956937,-0.012651991901094561,-0.17834926017726402
0.01,0.007,PIP,49.559083799999996,59.7880333,70.0226659,0.151057,0.159033,0.126431,49.574,59.774,69.974,20.400000000000006,20.46365054171145,2580.408753800439,56.685621815805426,-2580.2478557934937,0.007930391071403893,-0.002761789993507768,0.005168601077900644,0.0636505417114428,0.5502586454350733
0.01,0.007,DIP,83.6292551,91.6638169,99.69862,0.0381088,-0.0417347,-0.153215,83.583,91.583,99.583,16,16.070545328987095,2041.1660971564725,67.36347799235932,-2041.0631774364451,0.007873217839241406,0.007968949361337267,0.015842167200580754,0.07054532898709454,0.6321375579839967
0.02,0.014,MCP,0,15.3852525,30.00325074,0,0.0331728,0.076694,0,15.4,30,30,30.00335213092143,18270.535339294867,-31.70116024502054,18270.507836972178,0.0016421714839626247,3.1398575552162247,3.1382153837321303,0.0033521309214314954,-0.0857995509195707
0.02,0.014,PIP,49.57271871,59.8205879,70.079834,0.105999,0.0836052,-0.00531321,49.574,59.774,69.974,20.400000000000006,20.50756098400021,1581.9536872316885,51.23977037516587,-1581.8468098677868,0.012963439542839619,-0.0010537931591544046,0.011909646383683822,0.1075609840002052,0.9054556485322363
0.02,0.014,DIP,83.6829115,91.746379,99.81196,-0.199928,-0.366461,-0.592646,83.583,91.583,99.583,16,16.133975531285614,1092.1927961801061,65.16279330540982,-1092.2356917228633,0.014772094805709624,0.016957634129121133,0.03172972893484917,0.13397553128561412,1.1924130708469942
0.03,0.021,MCP,0,15.39408717,30.0401273,0,0.029831,0.035461,0,15.4,30,30,30.04016031229871,9669.069298123723,26.433937178842044,-9669.033164638748,0.0031068305941429116,-0.0027338691338216837,3.729614602577517e-4,0.040160312298709755,0.21212127933694847
0.03,0.021,PIP,49.6081897,59.890141,70.185443,-0.0369845,-0.143988,-0.365357,49.574,59.774,69.974,20.400000000000006,20.58029523388088,927.7021839921823,45.09530896330236,-927.7281917943891,0.02218416167278777,0.004864598373981107,0.027048760046759355,0.18029523388087298,1.5470014159312986
0.03,0.021,DIP,83.78147,91.87546499999999,99.969013,-0.78292,-1.11115,-1.53171,83.583,91.583,99.583,16,16.20520231719042,711.6529661724609,58.993479960623546,-712.0040528496008,0.02277121446475258,0.0348386169186582,0.057609831383419755,0.2052023171904196,1.8280919732712753
0.04,0.028,MCP,0,15.4142001,30.0973941,0,0.0114734,-0.0589024,0,15.4,30,30,30.097605542092985,2717.7385710487897,9.730011877934915,-2717.721153362716,0.011074503582762988,-0.0035801944925201216,0.007494309090222885,0.09760554209298533,0.7097117764533369
0.04,0.028,PIP,49.663308,59.984752,70.319159,-0.301274,-0.537106,-0.946113,49.574,59.774,69.974,20.400000000000006,20.666875888652196,618.3318420709155,40.70010459356131,-618.5681483378594,0.03342359956659315,0.014496289417945634,0.047919888984538396,0.2668758886521907,2.3246516476624066
0.04,0.028,DIP,83.900707,92.021677,100.13570299999999,-1.66606,-2.20762,-2.87677,83.583,91.583,99.583,16,16.280745533998616,518.6904091409201,53.449203063601296,-519.4618174592385,0.03138817538763357,0.0587422156942102,0.09013039108184435,0.28074553399861557,2.5045742309765484
0.05,0.035,MCP,0,15.450323000000001,30.173857,0,-0.030519,-0.224406,0,15.4,30,30,30.17532146492407,1348.0209586977437,5.062466628232714,-1348.0114526664904,0.022384905271854938,-0.003755489479230629,0.018629415792610984,0.17532146492407108,1.3953742271892302
0.05,0.035,PIP,49.734227,60.081594,70.439008,-0.700871,-1.08895,-1.69122,49.574,59.774,69.974,20.400000000000006,20.72991812738449,503.25712583756666,36.047462354072415,-503.7718472844756,0.04119150442804731,0.027199719036829193,0.06839122346487715,0.32991812738448445,2.8698453285155114
0.05,0.035,DIP,83.999759,92.136908,100.262468,-2.70258,-3.44627,-4.3477,83.583,91.583,99.583,16,16.3467260949709,422.51410602319623,49.61497318010564,-423.815220860733,0.03868918424719637,0.08147149070454911,0.12016067495174769,0.3467260949709008,3.0852038063845164
0.06,0.042,MCP,0,15.4741316,30.234804,0,-0.054424,-0.336599,0,15.4,30,30,30.237903596847644,969.3333801080798,4.327957333392515,-969.3237181546089,0.031194534529984042,-0.004464894949546244,0.026729639580441594,0.2379035968476444,1.9384103193146882
0.06,0.042,PIP,49.788909,60.169079,70.55522500000001,-0.998399,-1.52222,-2.31494,49.574,59.774,69.974,20.400000000000006,20.810307910414334,403.98631785505796,34.61997338436134,-404.6998337341071,0.05151240769961088,0.0375569705253448,0.0890693782249572,0.41030791041432835,3.5829792013287487
0.06,0.042,DIP,84.088651,92.24057,100.371666,-3.62316,-4.57822,-5.725,83.583,91.583,99.583,16,16.41961864561891,349.5591137028886,47.49207729291092,-351.2612832915208,0.0469723660518688,0.10488572145907804,0.15185808751094437,0.41961864561891105,3.731568976006141
0.07,0.049,MCP,0,15.4852146,30.273392,0,-0.0611561,-0.38874,0,15.4,30,30,30.27755907675693,831.8550582679738,4.4575116764372495,-831.8431153502856,0.036397637756508436,-0.005358545295090954,0.03103909246141672,0.2775590767569298,2.261278739893304
0.07,0.049,PIP,49.822227,60.232402,70.645533,-1.16067,-1.77634,-2.71116,49.574,59.774,69.974,20.400000000000006,20.884179911112245,342.8040311883893,34.79118491058627,-343.6350071009227,0.06092162871805688,0.043861394007474325,0.10478302272553056,0.4841799111122391,4.229402221800496
0.07,0.049,DIP,84.152947,92.319085,100.454962,-4.24791,-5.37356,-6.72435,83.583,91.583,99.583,16,16.491125936302584,299.3204396242985,47.36696240118464,-301.29928083336114,0.05509522155253394,0.12320983611558384,0.1783050576681139,0.49112593630258417,4.3627587168225705
0.08,0.056,MCP,0,15.4860684,30.288652,0,-0.0554346,-0.388476,0,15.4,30,30,30.29294956162497,800.7463465680197,4.876800335280484,-800.7314957965128,0.0378308932553484,-0.0060903562096152304,0.03174053704572669,0.2929495616249689,2.347855332971527
0.08,0.056,PIP,49.834241999999996,60.266107,70.701615,-1.18986,-1.8417,-2.84723,49.574,59.774,69.974,20.400000000000006,20.937039357897085,311.0474939280509,35.65479590579037,-311.91399293367203,0.06731139059664012,0.04560191612371966,0.11291330672035663,0.5370393578970791,4.666761414369975
0.08,0.056,DIP,84.192207,92.375441,100.522148,-4.50716,-5.73625,-7.22109,83.583,91.583,99.583,16,16.55661002070246,265.3139956048477,48.88149452044183,-267.4609008899047,0.06240383204420726,0.1334863447645146,0.19589017680872137,0.5566100207024611,4.932899576922968
0.09,0.063,MCP,0,15.469276,30.277354,0,-0.0248905,-0.306611,0,15.4,30,30,30.28043673878198,869.4547411300531,6.335718045319912,-869.4316566299951,0.03482692693057916,-0.007287066040888117,0.027539860889687927,0.2804367387819795,2.169685974244454
0.09,0.063,PIP,49.823192,60.281104,70.74567900000001,-1.04713,-1.68787,-2.72065,49.574,59.774,69.974,20.400000000000006,20.99414711951216,282.3126233417152,37.79063902054661,-283.1032147896705,0.07436488978426072,0.0426342925717823,0.11699918235604727,0.5941471195121544,5.1432907923301805
0.09,0.063,DIP,84.225359,92.431141,100.59309999999999,-4.45054,-5.75316,-7.34403,83.583,91.583,99.583,16,16.62493649307733,237.03380390871996,51.17155256184739,-239.16839205941758,0.07013740748758128,0.13990359067837646,0.2100409981659562,0.6249364930773282,5.5294162770781545
0.1,0.07,MCP,0,15.4475364,30.25712,0,0.0121289,-0.201536,0,15.4,30,30,30.258958129533777,994.598720532587,8.504670774747028,-994.5623587589026,0.03042328278215634,-0.008550960545317095,0.02187232223683648,0.2589581295337773,1.905375251283876
0.1,0.07,PIP,49.803861,60.286904,70.780874,-0.851804,-1.46317,-2.50241,49.574,59.774,69.974,20.400000000000006,21.04759405178785,260.1248090854918,39.90384751424942,-260.78815396811336,0.08091344353421674,0.03806789921467789,0.11898134274889166,0.6475940517878449,5.582919385347554
0.1,0.07,DIP,84.253083,92.48312299999999,100.66248,-4.27326,-5.63129,-7.30983,83.583,91.583,99.583,16,16.692194953003185,214.7117581756683,53.41804616370615,-216.7593527265384,0.07774234208145378,0.14410959331088966,0.22185193539234505,0.6921949530031846,6.11389679167829
0.11,0.077,MCP,0,15.4330961,30.246687,0,0.0385644,-0.129557,0,15.4,30,30,30.24793114121131,1092.1840593138274,10.445633639703349,-1092.1341072217713,0.027694902597475,-0.00956413234617679,0.018130770251301675,0.24793114121131055,1.7392942592708083
0.11,0.077,PIP,49.792893,60.298213000000004,70.818099,-0.723092,-1.32105,-2.37968,49.574,59.774,69.974,20.400000000000006,21.09699990673453,242.85440031950392,41.247968839390424,-243.42711756536903,0.08687098063275325,0.03519264320741745,0.12206362384017079,0.6969999067345256,5.982694594822073
0.11,0.077,DIP,84.2808,92.532386,100.72626,-4.20517,-5.62603,-7.39896,83.583,91.583,99.583,16,16.75777507435117,196.8371613738534,55.011870152581984,-198.8540791757345,0.0851352201860048,0.14924964283772385,0.23438486302373404,0.7577750743511693,6.6804350580954335
0.12,0.084,MCP,0,15.427770500000001,30.255211,0,0.0535884,-0.102694,0,15.4,30,30,30.256375511200826,1079.5686822937416,11.463651458752508,-1079.5078158515935,0.028026355346762753,-0.010618932443233689,0.017407422903531953,0.2563755112008259,1.7612180941608258
0.12,0.084,PIP,49.799394,60.331141,70.876986,-0.703653,-1.3305,-2.46039,49.574,59.774,69.974,20.400000000000006,21.15855738878382,223.73910652124948,41.775591833361574,-224.29883717380477,0.09456798910911132,0.03587000590574554,0.13043799501485806,0.7585573887838137,6.501203479810865
0.12,0.084,DIP,84.319862,92.58615,100.78347,-4.41249,-5.94298,-7.85856,83.583,91.583,99.583,16,16.826458230443034,180.9727652864756,55.51502607872714,-183.07816438370006,0.09297784782040076,0.15984652435540725,0.25282437217580755,0.8264582304430341,7.275405910530079
0.13,0.091,MCP,0,15.4372182,30.289419,0,0.0489406,-0.14546,0,15.4,30,30,30.29110278173788,931.5437493775057,10.67176525083227,-931.4826195000808,0.03251710164120535,-0.011456250657811628,0.021060850983394823,0.2911027817378802,2.034436120185486
0.13,0.091,PIP,49.829125999999995,60.387611,70.954919,-0.83956,-1.54644,-2.80361,49.574,59.774,69.974,20.400000000000006,21.226299026669036,205.83249181424324,41.3634120362864,-206.49788434780046,0.10312414157539833,0.04114074742890193,0.14426488900429896,0.8262990266690302,7.079968358901025
0.13,0.091,DIP,84.365343,92.63636,100.82330999999999,-4.95507,-6.64138,-8.74587,83.583,91.583,99.583,16,16.89607238900348,167.34899474028987,55.07983344632209,-169.72170791789588,0.1009630946109035,0.17590234194799784,0.2768654365589014,0.8960723890034785,7.877638357563631
0.14,0.098,MCP,0,15.458658100000001,30.343229,0,0.0280517,-0.244453,0,15.4,30,30,30.346261155569582,754.115093997192,9.097692605826012,-754.0602144282933,0.040240888157693576,-0.012064356455502885,0.028176531702194568,0.34626115556958226,2.5016709667374215
0.14,0.098,PIP,49.875475,60.458752000000004,71.04136,-1.09782,-1.92314,-3.34776,49.574,59.774,69.974,20.400000000000006,21.29625830562631,190.18381095876893,40.38658396914594,-191.04476758749175,0.11197724032485211,0.04991398711627103,0.16189122744112425,0.8962583056263043,7.679794536981298
0.14,0.098,DIP,84.407474,92.67327,100.83679,-5.74824,-7.62187,-9.94617,83.583,91.583,99.583,16,16.965541936840935,155.72642963434177,54.12752109640079,-158.50243908734234,0.10894452519509627,0.19568983396591716,0.30463435916101494,0.9655419368409355,8.476855558359432
0.15,0.105,MCP,0,15.481052700000001,30.399722,0,0.00618428,-0.349446,0,15.4,30,30,30.404706069786645,627.3436313148084,7.9911148019231195,-627.2927337658812,0.04846579219440455,-0.012738363029995897,0.03572742916440591,0.4047060697866449,3.0002094937055346
0.15,0.105,PIP,49.922824,60.53119,71.12678,-1.37268,-2.32561,-3.93058,49.574,59.774,69.974,20.400000000000006,21.37082287583029,175.90677099362054,39.49620770961996,-176.97016789243895,0.1214894842030005,0.059308298935753685,0.1807977831387555,0.970822875830283,8.322881946579598
0.15,0.105,DIP,84.440579,92.69492,100.82572,-6.59652,-8.66969,-11.2263,83.583,91.583,99.583,16,17.03641702287161,145.4221752500158,53.15874146403207,-148.61432062661024,0.11715143851741935,0.21680498225604422,0.33395642077346044,1.0364170228716105,9.087565172401153
0.16,0.112,MCP,0,15.4969813,30.444262,0,-0.00718417,-0.423641,0,15.4,30,30,30.45101696959416,555.8596802703388,7.490827436225665,-555.8092043629396,0.05478184162374307,-0.013476520154300337,0.041305321469440916,0.4510169695941606,3.3819040838303382
0.16,0.112,PIP,49.958915,60.59085,71.19915,-1.57684,-2.63312,-4.39105,49.574,59.774,69.974,20.400000000000006,21.441043117274134,164.43638608990037,39.02678394071481,-165.6494263171828,0.13039111128088113,0.06653150533700643,0.1969226166178889,1.0410431172741283,8.921816287688863
0.16,0.112,DIP,84.463508,92.70752999999999,100.80691,-7.28405,-9.53317,-12.298,83.583,91.583,99.583,16,17.106396863843973,136.58206086580608,52.65483259164912,-140.11050639749988,0.12524629336682264,0.2350489401810734,0.36029523354789794,1.1063968638439725,9.688276301138636
0.17,0.119,MCP,0,15.500059,30.465809,0,-0.00357398,-0.435776,0,15.4,30,30,30.473091448155873,531.9873198919473,7.627377694365888,-531.9326382497361,0.05728161237817718,-0.014338009108313707,0.04294360326986455,0.47309144815587345,3.5315248612750385
0.17,0.119,PIP,49.975746,60.630678,71.25565,-1.63983,-2.75055,-4.60641,49.574,59.774,69.974,20.400000000000006,21.50277672628938,155.6918025758848,39.1701987761627,-156.95620884821327,0.13811116815741692,0.06945928214533134,0.2075704503027485,1.102776726289374,9.436373662412654
0.17,0.119,DIP,84.483654,92.72609,100.80521999999999,-7.65253,-10.031,-12.9572,83.583,91.583,99.583,16,17.174644500571265,129.01070754555397,52.85623523739427,-132.72638435741248,0.1331257290756805,0.24767795916773694,0.3808036882434169,1.1746445005712651,10.27072957351468
0.18,0.126,MCP,0,15.4872239,30.460807,0,0.021169,-0.372716,0,15.4,30,30,30.466973672612056,550.6186430874449,8.496160147777376,-550.5530904265295,0.05533225955041543,-0.015430820285927332,0.03990143926449347,0.46697367261205613,3.4126269873048174
0.18,0.126,PIP,49.971168,60.651028000000004,71.30014,-1.53616,-2.64653,-4.54154,49.574,59.774,69.974,20.400000000000006,21.558555901514488,148.65872705137082,39.94815141491345,-149.8566112771892,0.14502045274519718,0.06747418219297342,0.21249463493817194,1.1585559015144824,9.891116810512578
0.18,0.126,DIP,84.50809699999999,92.76088,100.83426,-7.66468,-10.1248,-13.1654,83.583,91.583,99.583,16,17.242200489238503,122.31691712264562,53.71347061682511,-126.04170142015919,0.1409633343844823,0.25449941112313107,0.3954627455076126,1.2422004892385026,10.845168343067419
0.19,0.133,MCP,0,15.4636419,30.437501,0,0.0597237,-0.259601,0,15.4,30,30,30.44182592657129,604.3779460829303,10.065841893029999,-604.2941175771992,0.05036885631560452,-0.01665564961237914,0.033713206703223725,0.4418259265712905,3.111585832846187
0.19,0.133,PIP,49.951335,60.656409000000004,71.33459,-1.32039,-2.39157,-4.28237,49.574,59.774,69.974,20.400000000000006,21.60796064772309,143.0537854619535,41.070706978238455,-144.09825936683754,0.15104780749384594,0.06211888716043246,0.2131666946542794,1.207960647723084,10.28279642921315
0.19,0.133,DIP,84.535573,92.80819,100.88783,-7.42592,-9.93163,-13.0508,83.583,91.583,99.583,16,17.30857387334187,116.44984139536876,54.93793503033454,-120.05160706837336,0.1486354439468583,0.25698570984919816,0.4056211537960572,1.3085738733418708,11.40676116086233
0.2,0.14,MCP,0,15.4390454,30.410785,0,0.0996326,-0.139329,0,15.4,30,30,30.41365038089595,678.4918417270585,12.09765110332457,-678.3839813320757,0.04482537373401559,-0.017831153534695603,0.026994220199319643,0.41365038089595174,2.78035593942488
0.2,0.14,PIP,49.927946,60.657441,71.36523,-1.08717,-2.11155,-3.98885,49.574,59.774,69.974,20.400000000000006,21.654934989948803,138.15422693546128,42.17235762513644,-139.02353673877784,0.1567446430724476,0.05616670445568561,0.2129113475281337,1.2549349899487972,10.650154668454629
0.2,0.14,DIP,84.562204,92.85664,100.94493,-7.14024,-9.68327,-12.873,83.583,91.583,99.583,16,17.374469255144948,111.17189801987558,56.14674687342007,-114.61932031626023,0.15628472270967883,0.25846752315066346,0.4147522458603436,1.3744692551449482,11.961807759203982
0.21,0.147,MCP,0,15.4232448,30.397489,0,0.128785,-0.056535,0,15.4,30,30,30.399717801142597,733.4016469598348,13.835017189358377,-733.2711422541926,0.041450299337557193,-0.01886529424407308,0.022585005093476326,0.3997178011425966,2.5835716920882943
0.21,0.147,PIP,49.915503,60.66886,71.40245,-0.937235,-1.94261,-3.83724,49.574,59.774,69.974,20.400000000000006,21.70578081511436,133.1784610171967,42.905047721868165,-133.93105438910655,0.16298266738727066,0.05266389805235368,0.21564656543962415,1.3057808151143533,11.054249346597711
0.21,0.147,DIP,84.58596,92.89471999999999,100.98116,-7.03588,-9.6418,-12.9275,83.583,91.583,99.583,16,17.441198087467217,106.31525414879809,56.950949371241435,-109.69667803056244,0.16405169913864512,0.2629544505288326,0.42700614966747896,1.4411980874672174,12.523819699607035
0.22,0.154,MCP,0,15.4234304,30.411582,0,0.138499,-0.0456695,0,15.4,30,30,30.413908764335872,715.0653002438008,14.132211419160186,-714.925635442709,0.042533050833212405,-0.019764812494549394,0.022768238338663444,0.4139087643358721,2.652894447654897
0.22,0.154,PIP,49.926576,60.702563,71.45393,-0.949894,-1.99115,-3.96309,49.574,59.774,69.974,20.400000000000006,21.76345003853685,127.91731521614432,43.022570259647566,-128.6807604217213,0.17013685756117328,0.053998647870043943,0.22413550543121724,1.3634500385368433,11.523151568504694
0.22,0.154,DIP,84.60491,92.91243,100.97605,-7.28495,-10.0027,-13.4325,83.583,91.583,99.583,16,17.508897068718944,101.80608121871055,57.13348968224751,-105.31453348802704,0.17198282125312817,0.27322755093667617,0.4452103721898043,1.5088970687189445,13.093252064634088
0.23,0.161,MCP,0,15.4402759,30.456388,0,0.12701,-0.115528,0,15.4,30,30,30.459623522820973,624.783312095278,12.85897005034839,-624.6509697118782,0.048752300090524746,-0.020582941017638304,0.028169359072887635,0.45962352282097285,3.0211430485982387
0.23,0.161,PIP,49.963674999999995,60.760594,71.51941000000001,-1.14508,-2.285,-4.40341,49.574,59.774,69.974,20.400000000000006,21.829558696452573,122.32959119520572,42.53082660887729,-123.24864934496526,0.17844871778912727,0.06079828652518275,0.23924700431431065,1.4295586964525668,12.072176259436116
0.23,0.161,DIP,84.61369,92.90022,100.91435,-7.93488,-10.8207,-14.4496,83.583,91.583,99.583,16,17.57804843229215,97.57808071851703,56.697795902236955,-101.43453076636331,0.18014341236121925,0.2901414391984373,0.4702848515596562,1.5780484322921495,13.674957381650069
0.24,0.168,MCP,0,15.468717400000001,30.523428,0,0.0995823,-0.245661,0,15.4,30,30,30.52880421947779,519.7962519645638,11.080188983240745,-519.6781436317136,0.058732251539126215,-0.021318022653644252,0.03741422888548032,0.5288042194777915,3.6112956077000735
0.24,0.168,PIP,50.017936,60.83359,71.58977,-1.47601,-2.76243,-5.08046,49.574,59.774,69.974,20.400000000000006,21.903052536269218,116.6593359941316,41.66237546366158,-117.83573362770234,0.1877522475986922,0.07168496996926535,0.2594372175679567,1.5030525362692124,12.690678249437278
0.24,0.168,DIP,84.60491,92.85194,100.79182,-8.88684,-11.9838,-15.8532,83.583,91.583,99.583,16,17.648431183412328,93.63951063274895,55.84554729002243,-98.00057074928831,0.18847205697847877,0.31217422672860873,0.5006462837070879,1.6484311834123275,14.266245477652436
0.25,0.175,MCP,0,15.501032,30.596312,0,0.0671498,-0.394742,0,15.4,30,30,30.60507821413566,438.20686398371447,9.648494421492563,-438.1006302184922,0.06984162214143927,-0.022019906532046208,0.047821715609391975,0.6050782141356592,4.267010963090643
0.25,0.175,PIP,50.074413,60.906980000000004,71.65372,-1.84803,-3.29609,-5.83064,49.574,59.774,69.974,20.400000000000006,21.979423848860918,111.31916409828753,40.758917478049476,-112.77673610767073,0.19744510324794146,0.08378074374169757,0.2812258469896387,1.5794238488609125,13.33424257499883
0.25,0.175,DIP,84.577482,92.77456,100.6264,-9.93061,-13.2515,-17.3729,83.583,91.583,99.583,16,17.719152927553257,89.99632416951627,54.92442336863452,-94.90139602572451,0.19688751836327914,0.33576535909385813,0.5326528774571364,1.7191529275532567,14.858871763485304
0.26,0.182,MCP,0,15.526766,30.657502,0,0.0436101,-0.513028,0,15.4,30,30,30.669801662759948,387.4339763556442,8.851347835069802,-387.33285385601937,0.07916136305662225,-0.02284806841929931,0.05631329463732282,0.6698016627599479,4.810754122215809
0.26,0.182,PIP,50.119662,60.96889,71.70708,-2.15099,-3.73834,-6.46523,49.574,59.774,69.974,20.400000000000006,22.053579610586244,106.63457357580745,40.127348519311745,-108.3163607806738,0.20681453370194386,0.09384381364274305,0.30065834734468705,1.6535796105862381,13.953597025130126
0.26,0.182,DIP,84.54322499999999,92.69259,100.45897,-10.8261,-14.3505,-18.7029,83.583,91.583,99.583,16,17.789441354147595,86.67689167629783,54.25715976060373,-92.0396321420002,0.2052385706283027,0.3569449421359305,0.5621835127642327,1.7894413541475949,15.445986894752245
0.27,0.189,MCP,0,15.538348000000001,30.695247,0,0.0393188,-0.563899,0,15.4,30,30,30.7095867880445,362.9316556360224,8.687336053443428,-362.8276682600142,0.08461534371871543,-0.023938848303019154,0.060676495415699895,0.7095867880445006,5.115796159791834
0.27,0.189,PIP,50.146695,61.015570000000004,71.75356000000001,-2.3053,-3.98242,-6.84802,49.574,59.774,69.974,20.400000000000006,22.121976216258936,102.7106899306391,39.94021437657774,-104.50761689796272,0.21538143917831715,0.09953543536939116,0.3149168745477085,1.7219762162589305,14.514292844419238
0.27,0.189,DIP,84.52055899999999,92.63625,100.334383,-11.4017,-15.0861,-19.6269,83.583,91.583,99.583,16,17.858918249743834,83.636146429727,54.05402763360783,-89.29133638453695,0.21353109883833904,0.3728538633838378,0.5863849622221775,1.8589182497438337,16.023883937051536
0.28,0.196,MCP,0,15.534707000000001,30.707769,0,0.0559646,-0.540639,0,15.4,30,30,30.721951461799115,358.04622998563184,9.056921969722044,-357.93166243203234,0.08580442660444146,-0.025298096573659255,0.060506330030783234,0.7219514617991152,5.159124814060359
0.28,0.196,PIP,50.155688,61.048410000000004,71.79825000000001,-2.29655,-4.00817,-6.95319,49.574,59.774,69.974,20.400000000000006,22.18382779439182,99.44452164057478,40.18906066269287,-101.24036852264439,0.22307742476324108,0.10039153746780223,0.3234689622310434,1.783827794391815,15.009113109305279
0.28,0.196,DIP,84.520062,92.62049999999999,100.27331099999999,-11.6259,-15.4227,-20.1059,83.583,91.583,99.583,16,17.927344024181206,80.85746270129312,54.30626202352401,-86.62627043556857,0.22171539181743954,0.38295971797567335,0.6046751097931123,1.927344024181206,16.589303356064974
0.29,0.203,MCP,0,15.521873000000001,30.70362,0,0.083966,-0.471641,0,15.4,30,30,30.716267814275284,365.75529264694256,9.739025418489767,-365.62560835251765,0.08398037822497126,-0.026630309442262575,0.05735006878270908,0.7162678142752839,5.029401268408443
0.29,0.203,PIP,50.152902999999995,61.07265,71.84325,-2.18329,-3.89256,-6.87817,49.574,59.774,69.974,20.400000000000006,22.24174655397196,96.58556519553952,40.70056985540419,-98.30521675069195,0.23028023399710998,0.09802175784791614,0.3283019918450255,1.841746553971955,15.463134451710772
0.29,0.203,DIP,84.536508,92.63443,100.257841,-11.6221,-15.5003,-20.2961,83.583,91.583,99.583,16,17.995028663185487,78.308844183254,54.8168378303023,-84.07219511602821,0.22979561058358264,0.38927601221414165,0.6190716227977255,1.9950286631854866,17.14689726556655
0.3,0.21,MCP,0,15.509239000000001,30.699359,0,0.111095,-0.403745,0,15.4,30,30,30.710635313535995,374.12627904192243,10.433897524250009,-373.9807567939932,0.0820862821830667,-0.027892321732954462,0.05419396045011339,0.7106353135359953,4.898644460816391
0.3,0.21,PIP,50.149888,61.09661,71.8884,-2.07078,-3.77716,-6.80376,49.574,59.774,69.974,20.400000000000006,22.300199267881922,93.86110881404468,41.19191866193986,-95.50344309562364,0.23758721316687753,0.09558404400066683,0.3331712571675439,1.9001992678819164,15.920257793148853
0.3,0.21,DIP,84.552548,92.64715,100.23942699999999,-11.6192,-15.579,-20.488,83.583,91.583,99.583,16,18.06297535922673,75.89264422167555,55.30927644884429,-81.65151051409906,0.23800693129714143,0.3955591135756739,0.6335660448728152,2.06297535922673,17.704661985897406
0.31,0.217,MCP,0,15.50648,30.712027,0,0.124963,-0.384106,0,15.4,30,30,30.723257682893255,369.93465599591167,10.733702939954405,-369.7789033030553,0.08305049874330453,-0.029019204918185142,0.054031293825120605,0.7232576828932551,4.940588533141512
0.31,0.217,PIP,50.159022,61.13007,71.93376,-2.06518,-3.80606,-6.91544,49.574,59.774,69.974,20.400000000000006,22.364616637686094,91.01212086702131,41.40782904731669,-92.65559211197906,0.24573228735503538,0.0963029354681802,0.3420352228232154,1.9646166376860883,16.432406527456912
0.31,0.217,DIP,84.548896,92.62379,100.162644,-11.8524,-15.9276,-20.9814,83.583,91.583,99.583,16,18.132493386224002,73.60208962483647,55.487608569533194,-79.4742098694959,0.24635840474976584,0.40589721979980325,0.6522556245495688,2.1324933862240023,18.275515876852186
0.32,0.224,MCP,0,15.520156,30.751715,0,0.116896,-0.443228,0,15.4,30,30,30.76496569569,347.319922412018,10.375323796400853,-347.1649192536741,0.0885781773819303,-0.029876971770767213,0.05870120561116552,0.7649656956900017,5.258201132942871
0.32,0.224,PIP,50.187269,61.177640000000004,71.97692,-2.23191,-4.0669,-7.32446,49.574,59.774,69.974,20.400000000000006,22.437609685080645,87.97073364707148,41.224183801053464,-89.74484094234943,0.25505766241643235,0.10206423581315562,0.3571218982295869,2.037609685080639,17.02510959679539
0.32,0.224,DIP,84.510277,92.538516,99.987796,-12.4605,-16.7029,-21.9507,83.583,91.583,99.583,16,18.204719419295344,71.34381210346247,55.25921427300077,-77.53211327948858,0.2551688630388147,0.4224555953367763,0.6776244583755923,2.204719419295344,18.869519631549117
0.33,0.231,MCP,0,15.549236,30.816734,0,0.0880465,-0.577806,0,15.4,30,30,30.834612652183566,313.0597396433858,9.546722504334815,-312.91414265739047,0.09849434068816401,-0.03049961895017839,0.06799472173798489,0.8346126521835657,5.839772485641629
0.33,0.231,PIP,50.231764,61.23501,72.01159,-2.56353,-4.54983,-8.01757,49.574,59.774,69.974,20.400000000000006,22.51839118675106,84.8309444449784,40.69608950641123,-86.85682776073143,0.2654502002079743,0.11264605179517724,0.3780962520031512,2.1183911867510545,17.690418527877114
0.33,0.231,DIP,84.428551,92.381253,99.703107,-13.4244,-17.8818,-23.3678,83.583,91.583,99.583,16,18.27906775869419,69.15012530488053,54.669013820733774,-75.84322549805427,0.26433889567231306,0.4448929913794395,0.7092318870517514,2.2790677586941896,19.479758141997767
0.34,0.238,MCP,0,15.586411,30.89403,0,0.0480903,-0.752608,0,15.4,30,30,30.918977805093206,279.3297751681369,8.654709769444441,-279.1956648916466,0.11068987467047561,-0.030988802085938693,0.07970107258453912,0.9189778050932063,6.5592213652031734
0.34,0.238,PIP,50.281476,61.2922,72.03273,-2.98183,-5.14991,-8.86063,49.574,59.774,69.974,20.400000000000006,22.603611038865793,81.7607421562025,40.0281888580294,-84.09711253490417,0.2764604435180148,0.12573704523779883,0.4021974887558141,2.2036110388657875,18.39624246965637
0.34,0.238,DIP,84.309783,92.167009,99.33552999999999,-14.5739,-19.2705,-25.0154,83.583,91.583,99.583,16,18.3547149310521,67.06637698333526,53.90884528175081,-74.3541802563017,0.27367983416806463,0.47045988674609573,0.7441397209141603,2.3547149310521007,20.099987906234695
0.35,0.245,MCP,0,15.620963,30.966095,0,0.0113646,-0.916032,0,15.4,30,30,30.998918621728297,253.71522399827603,7.994977467867479,-253.58922537005327,0.1221799706506336,-0.03151683639003208,0.09066313426060081,0.998918621728297,7.234656089560412
0.35,0.245,PIP,50.324703,61.34122,72.04359000000001,-3.37349,-5.71441,-9.65806,49.574,59.774,69.974,20.400000000000006,22.687829835420477,78.95920465035279,39.46299311171255,-81.58205255755486,0.2873360988865927,0.1379986166309056,0.4253347155174977,2.287829835420471,19.08972803590585
0.35,0.245,DIP,84.179039,91.938515,98.950575,-15.6622,-20.5884,-26.5813,83.583,91.583,99.583,16,18.430601294348712,65.11154655044926,53.247768678559176,-72.95766239008178,0.28306194938970536,0.49502137760403186,0.7780833269937385,2.430601294348712,20.72142613491242
0.36,0.252,MCP,0,15.643666,31.01846,0,-0.00927659,-1.02129,0,15.4,30,30,31.057224347774696,238.4062705222141,7.680535799468213,-238.28251969908374,0.13027016562838628,-0.032221740578729265,0.09804842504965929,1.0572243477746959,7.703837374133383
0.36,0.252,PIP,50.354693,61.38095,72.05609,-3.63697,-6.10647,-10.2351,49.574,59.774,69.974,20.400000000000006,22.766094210177332,76.54827399380174,39.183736867379096,-79.36574914315801,0.29740832839706804,0.1464564901814929,0.4438648185785609,2.3660942101773266,19.724520396024538
0.36,0.252,DIP,84.071994,91.750936,98.62718,-16.4711,-21.5887,-27.7932,83.583,91.583,99.583,16,18.5061572370428,63.27333565019361,52.915198558243894,-71.54168291050338,0.29247955788760716,0.5148633086591142,0.8073428665467213,2.5061572370427996,21.33645362806887
0.37,0.259,MCP,0,15.650511,31.04535,0,-0.00788885,-1.04698,0,15.4,30,30,31.086175274658743,232.36861370861376,7.708193433392307,-232.24072939701247,0.13377957882745847,-0.03317835267211494,0.10060122615534305,1.0861752746587428,7.894742193045562
0.37,0.259,PIP,50.370653999999995,61.41458,72.08161,-3.72678,-6.26478,-10.514,49.574,59.774,69.974,20.400000000000006,22.836350992225015,74.532960866632,39.2476668563956,-77.42509349868264,0.306392644632594,0.14979538786899635,0.45618803250159007,2.436350992225009,20.280998861416204
0.37,0.259,DIP,84.013462,91.640027,98.41472999999999,-16.9053,-22.1647,-28.5345,83.583,91.583,99.583,16,18.580816397242874,61.5743072502368,52.969386147429326,-70.08105263037093,0.3017624919713801,0.5284235665871259,0.8301860585585057,2.5808163972428737,21.94197350163421
0.38,0.266,MCP,0,15.644184000000001,31.05166,0,0.0116587,-1.00723,0,15.4,30,30,31.09109427135554,232.7923569323593,7.995480585124605,-232.65501012515477,0.1335571952664642,-0.03435273175796981,0.0992044635084947,1.0910942713555407,7.857631270684457
0.38,0.266,PIP,50.376143,61.44496,72.12122000000001,-3.67416,-6.23105,-10.548,49.574,59.774,69.974,20.400000000000006,22.89989863486918,72.82120471353173,39.57044309860614,-75.6891911085895,0.3144674511353407,0.14893673505629365,0.4634041861916349,2.499898634869176,20.772531023807563
0.38,0.266,DIP,84.000301,91.5995289,98.30277,-17.0328,-22.3936,-28.8923,83.583,91.583,99.583,16,18.654909934075093,59.9688101108067,53.33545015881834,-68.56846831810832,0.3110768731213057,0.5367510861158155,0.8478279592371211,2.654909934075093,22.53974742886089
0.39,0.273,MCP,0,15.633126,31.05079,0,0.0376469,-0.944336,0,15.4,30,30,31.08772109298257,235.46203884235445,8.383276553021869,-235.31275445677394,0.13202859045060886,-0.0356110425557078,0.09641754789490029,1.0877210929825694,7.741311255165528
0.39,0.273,PIP,50.377936,61.47441,72.16594,-3.57166,-6.13011,-10.4967,49.574,59.774,69.974,20.400000000000006,22.96128468250738,71.24812159314627,39.970065183154155,-74.05549542069488,0.32227214092218465,0.1466038184867966,0.4688759594089807,2.561284682507374,21.241032782229016
0.39,0.273,DIP,84.003141,91.583577859,98.22479,-17.0534,-22.5022,-29.1173,83.583,91.583,99.583,16,18.729214791043763,58.45658554505117,53.78344431431438,-67.09280772841987,0.3203952919318146,0.5432953691729685,0.8636906611047828,2.7292147910437627,23.137834278514628
0.4,0.28,MCP,0,15.628373,31.05955,0,0.0551837,-0.911993,0,15.4,30,30,31.095593067816264,235.12417932268664,8.64394489453026,-234.96523555374574,0.1322517877888704,-0.036771603894675334,0.09548018389419383,1.0955930678162638,7.730505217727738
0.4,0.28,PIP,50.384673,61.5052,72.20315000000001,-3.53533,-6.1183,-10.5594,49.574,59.774,69.974,20.400000000000006,23.025914845903724,69.664824280066,40.23643442952954,-72.45703192246626,0.3305242650628833,0.14619253654438555,0.4767168016072688,2.6259148459037185,21.73928016011578
0.4,0.28,DIP,83.982433,91.5303259,98.09112999999999,-17.2156,-22.7707,-29.5185,83.583,91.583,99.583,16,18.80460913805799,56.990545795472144,54.08966831282473,-65.73719240403157,0.3299601517336583,0.5521529596546554,0.8821131113883137,2.804609138057991,23.743023836309238
0.41,0.287,MCP,0,15.638015000000001,31.09076,0,0.0527961,-0.95123,0,15.4,30,30,31.129476001199407,228.02507170322738,8.58839453855061,-227.86327655967773,0.1365177774912144,-0.037673166152092825,0.09884461133912037,1.1294760011994072,7.964366532132926
0.41,0.287,PIP,50.402918,61.538940000000004,72.22191000000001,-3.65313,-6.31411,-10.8866,49.574,59.774,69.974,20.400000000000006,23.09769000414257,67.98684970086873,40.22625630778271,-70.87401432214108,0.3397376125790313,0.1502504210024786,0.48998803358151005,2.697690004142565,22.303654407304002
0.41,0.287,DIP,83.905682,91.389116,97.82845,-17.7053,-23.4087,-30.3254,83.583,91.583,99.583,16,18.881942988345266,55.56746251388024,54.085563433720104,-64.59350127627519,0.3398021456104592,0.56645854573502,0.9062606913454784,2.8819429883452656,24.363590482726117
0.42,0.294,MCP,0,15.664009,31.147100000000002,0,0.0279214,-1.07204,0,15.4,30,30,31.193018319501682,214.51441836164443,8.214125065196471,-214.35709420135345,0.14541222244051755,-0.03830107919027786,0.10711114325023824,1.1930183195016824,8.476972261664141
0.42,0.294,PIP,50.43271,61.57325,72.2146,-3.94637,-6.74665,-11.5152,49.574,59.774,69.974,20.400000000000006,23.17760174573537,66.21126496133405,39.923085011577086,-69.3182247265006,0.350055262639531,0.1594028488380544,0.5094581114775857,2.777601745735364,22.943148209744727
0.42,0.294,DIP,83.757367,91.137513,97.40599999999999,-18.5665,-24.4647,-31.5889,83.583,91.583,99.583,16,18.961047264538447,54.18879518697735,53.74545039501618,-63.685347342454094,0.3499071569890737,0.5869690053788819,0.9368761623679561,2.961047264538447,24.999506443573093
0.43,0.301,MCP,0,15.701375,31.21988,0,-0.0127738,-1.25012,0,15.4,30,30,31.277218227927776,198.5811669058796,7.689258822356622,-198.43224321783904,0.157503446652381,-0.03873066956139715,0.11877277709098617,1.2772182279277757,9.182525949596883
0.43,0.301,PIP,50.467374,61.60281,72.18058,-4.36151,-7.34379,-12.3526,49.574,59.774,69.974,20.400000000000006,23.263205515458374,64.41810882370628,39.436869644832285,-67.82819983091439,0.3611283525743209,0.17208099073201286,0.533209343306335,2.863205515458368,23.635086314150836
0.43,0.301,DIP,83.5465288,90.792554,96.85111,-19.6824,-25.8058,-33.161,83.583,91.583,99.583,16,19.041786236164718,52.85306383813465,53.19268271359023,-62.950059803142615,0.36027781273912923,0.611756481910212,0.9720342946493417,3.041786236164718,25.647281191424376
0.44,0.308,MCP,0,15.740311,31.29361,0,-0.0559105,-1.43701,0,15.4,30,30,31.364352811831218,184.46686933091826,7.215519208014044,-184.32569588450997,0.17002702396150157,-0.039125510663280294,0.13090151329822106,1.3643528118312176,9.91363494258165
0.44,0.308,PIP,50.498616999999996,61.624810000000004,72.13111,-4.79353,-7.96371,-13.218,49.574,59.774,69.974,20.400000000000006,23.349637781274307,62.71372466238883,38.949954494750536,-66.43474717949574,0.37232101755993674,0.1852058688149549,0.5575268863748911,2.9496377812743013,24.332054329141826
0.44,0.308,DIP,83.309406,90.41128,96.24697,-20.8278,-27.1775,-34.7617,83.583,91.583,99.583,16,19.123443688351497,51.567475688670704,52.63621584002448,-62.28090548453065,0.37084312219984983,0.6370374710220407,1.007880593221891,3.1234436883514967,26.300323131867017
0.45,0.315,MCP,0,15.770480000000001,31.35334,0,-0.087027,-1.58056,0,15.4,30,30,31.435607036085607,174.5754692127793,6.922869668320107,-174.43815043280384,0.1800688675095049,-0.039665855787649834,0.14040301172185438,1.4356070360856066,10.493704395912774
0.45,0.315,PIP,50.521878,61.64315,72.0883,-5.13106,-8.45621,-13.9206,49.574,59.774,69.974,20.400000000000006,23.43166774306632,61.19003866331966,38.63303753616341,-65.15502441459024,0.3829327167448322,0.19553740173518225,0.5784701184800142,3.031667743066315,24.9853555127546
0.45,0.315,DIP,83.098739,90.07202,95.70296,-21.7682,-28.3167,-36.104,83.583,91.583,99.583,16,19.20502782998888,50.34201829108727,52.27936494906636,-61.5737899181108,0.38149101847569356,0.6588396985902035,1.040330717065898,3.205027829988879,26.953131769577297
0.46,0.322,MCP,0,15.785586,31.39072,0,-0.0970305,-1.64788,0,15.4,30,30,31.479212362738195,169.4092651300859,6.852622250002764,-169.27061375269633,0.18581753683050306,-0.04046114210155926,0.1453563947289448,1.4792123627381955,10.81318861589673
0.46,0.322,PIP,50.537178,61.66471,72.07310000000001,-5.30483,-8.72797,-14.3425,49.574,59.774,69.974,20.400000000000006,23.50600498153054,59.888933837112894,38.57519865473871,-63.98698611486705,0.39249329509626335,0.2010885398163481,0.5935818349126112,3.1060049815305355,25.56579317407602
0.46,0.322,DIP,82.957486,89.83619,95.30241,-22.361,-29.0648,-37.0177,83.583,91.583,99.583,16,19.286261373963896,49.17287734480624,52.241029343659186,-60.759843170680206,0.39221339924296617,0.6746993700986613,1.066912769341628,3.286261373963896,27.60006327238161
0.47,0.329,MCP,0,15.786205,31.40697,0,-0.0863268,-1.64046,0,15.4,30,30,31.49584719938258,168.07338672209394,6.975021687241169,-167.92859314809095,0.18739342268065526,-0.04151177937629049,0.14588164330436487,1.495847199382581,10.87900666808177
0.47,0.329,PIP,50.546759,61.69278,72.09067,-5.31893,-8.78432,-14.4913,49.574,59.774,69.974,20.400000000000006,23.57289286024538,58.775587273987,38.75612660581493,-62.899748395948976,0.4010660540125017,0.20197466609195844,0.6030407201044601,3.1728928602453728,26.074135684567715
0.47,0.329,DIP,82.892605,89.71242,95.05596,-22.6173,-29.4355,-37.5197,83.583,91.583,99.583,16,19.36686617227895,48.066919586088055,52.489514735899505,-59.84740691481308,0.40291465188637293,0.6847971230516167,1.0877117749379888,3.36686617227895,28.23967521048879
0.48,0.336,MCP,0,15.779074,31.41212,0,-0.064733,-1.59364,0,15.4,30,30,31.498283015423176,168.64343901022139,7.198447583645679,-168.48973818479203,0.18677443486855178,-0.042697393390372915,0.14407704147817904,1.4982830154231763,10.810963672328063
0.48,0.336,PIP,50.553554,61.72481,72.12656,-5.24886,-8.72697,-14.496,49.574,59.774,69.974,20.400000000000006,23.63583063640002,57.77455354351184,39.05282548977531,-61.867163408758394,0.4091045137821641,0.20040085442339467,0.6095053682055589,3.2358306364000136,26.544212604062587
0.48,0.336,DIP,82.869646,89.64977999999999,94.89263,-22.6964,-29.6077,-37.8055,83.583,91.583,99.583,16,19.447346366111955,47.01310190417784,52.87788009190753,-58.90034630930159,0.4136580140095746,0.691826555036261,1.1054845690458366,3.4473463661119546,28.876044304658322
0.49,0.343,MCP,0,15.774685,31.42111,0,-0.0469051,-1.5605,0,15.4,30,30,31.505686163459817,168.5446483683243,7.386736150539191,-168.38270286060975,0.18692783466259785,-0.043840626036982064,0.1430872086256155,1.505686163459817,10.78878514436403
0.49,0.343,PIP,50.561332,61.75551,72.15552000000001,-5.20781,-8.70869,-14.5502,49.574,59.774,69.974,20.400000000000006,23.700089001356,56.79003268219263,39.29808930684471,-60.86971057911777,0.4173283212211907,0.1996551363571793,0.6169834575783703,3.300089001355996,27.025374287688745
0.49,0.343,DIP,82.831029,89.56354,94.69456,-22.8352,-29.8466,-38.1626,83.583,91.583,99.583,16,19.528612019745164,45.99748385437878,53.204717818620985,-58.02113762738082,0.42455826674280395,0.6998271488821245,1.1243854156249289,3.5286120197451645,29.5184814344978
0.5,0.35,MCP,0,15.782481,31.44752,0,-0.0462804,-1.58948,0,15.4,30,30,31.53533951853086,165.51704021254,7.406433898467183,-165.351248370332,0.19052624115339675,-0.04476220569412967,0.14576403545926736,1.5353395185308614,10.974169620036797
0.5,0.35,PIP,50.57357,61.77964,72.15348,-5.29826,-8.86768,-14.8286,49.574,59.774,69.974,20.400000000000006,23.770302911318524,55.75255932871647,39.35002582207557,-59.90943035724678,0.4263535736748708,0.20269505200480029,0.6290486256796707,3.370302911318518,27.560920929402712
0.5,0.35,DIP,82.722435,89.37353999999999,94.35013,-23.2461,-30.389,-38.8462,83.583,91.583,99.583,16,19.61158285416891,45.00521611158146,53.30502672572572,-57.306128885407745,0.4357624415255756,0.712390033153454,1.1481524746790297,3.6115828541689083,30.174757149875184
0.51,0.357,MCP,0,15.807241000000001,31.49784,0,-0.069665,-1.70512,0,15.4,30,30,31.5960150988595,158.85477862266708,7.204396346260119,-158.69132731356984,0.1988987386643907,-0.04536765200925511,0.15353108665513598,1.5960150988594997,11.448829327414641
0.51,0.357,PIP,50.59074,61.79228,72.10430000000001,-5.57186,-9.27366,-15.4189,49.574,59.774,69.974,20.400000000000006,23.848917951694464,54.63724547531355,39.147534709185514,-58.99733749718243,0.4364956129142709,0.21100185978154126,0.6474974726958118,3.448917951694458,28.173037713242984
0.51,0.357,DIP,82.51032,89.03117,93.79265,-24.0342,-31.3511,-39.9794,83.583,91.583,99.583,16,19.69689023574823,44.02999002889489,53.104357966571655,-56.805062344972775,0.4473516851314764,0.7313326641731549,1.1786843493046308,3.6968902357482314,30.84898440416567
0.52,0.364,MCP,0,15.846662,31.56761,0,-0.114159,-1.89681,0,15.4,30,30,31.683518065522183,149.8645095795845,6.845248416078252,-149.708095324373,0.21141441795928922,-0.04569214487156909,0.16572227308772092,1.6835180655221826,12.172793798868495
0.52,0.364,PIP,50.60881,61.78949,72.00531000000001,-6.0042,-9.8937,-16.2783,49.574,59.774,69.974,20.400000000000006,23.934655676177965,53.47404686632162,38.73749676399853,-58.14387405262808,0.44759387177132093,0.2238666122816525,0.6714604840529736,3.534655676177959,28.850334742491064
0.52,0.364,DIP,82.19628,88.54131,93.03175999999999,-25.1444,-32.6694,-41.4898,83.583,91.583,99.583,16,19.784115012766126,43.078341328427896,52.650982346354645,-56.49434223544977,0.45925897800782683,0.7557716021849011,1.2150305801927284,3.784115012766126,31.53848080897874
0.53,0.371,MCP,0,15.890103,31.64137,0,-0.16474,-2.11048,0,15.4,30,30,31.77871412106709,141.18930103847882,6.483675331964708,-141.04035125425582,0.22507876933540683,-0.04593801558532661,0.17914075375007896,1.7787141210670896,12.966346785963454
0.53,0.371,PIP,50.62264,61.774950000000004,71.88013000000001,-6.48091,-10.5734,-17.2113,49.574,59.774,69.974,20.400000000000006,24.022534366757146,52.338760502770484,38.284567338941834,-57.34462805105105,0.45898172092718065,0.23797471453542593,0.6969564354626062,3.62253436675714,29.544848200604555
0.53,0.371,DIP,81.83615999999999,87.98725,92.1846,-26.3379,-34.0766,-43.088,83.583,91.583,99.583,16,19.872459413658653,42.15788199911962,52.13676549578188,-56.258344193469334,0.47138182639425885,0.7816905271275865,1.253072353521846,3.872459413658653,32.235484317313556
0.54,0.378,MCP,0,15.925597,31.70283,0,-0.204233,-2.28397,0,15.4,30,30,31.859179037390792,134.72281457832167,6.238249270151001,-134.57830811073643,0.236479464425599,-0.04632088983589383,0.19015857458970495,1.859179037390792,13.620266697678163
0.54,0.378,PIP,50.631519999999995,61.76123,71.76831,-6.87039,-11.1353,-17.9942,49.574,59.774,69.974,20.400000000000006,24.10632677090315,51.306974715341255,37.961577307864864,-56.58837675146328,0.46984502408588,0.2495251734729089,0.7193701975587892,3.706326770903143,30.199634387054097
0.54,0.378,DIP,81.51204,87.4872,91.41265,-27.3446,-35.2728,-44.453,83.583,91.583,99.583,16,19.96051165283393,41.280244272295946,51.77261962637184,-55.97370133100675,0.48353666517012006,0.8044184351693354,1.287955100339456,3.9605116528339295,32.92806398316022
0.55,0.385,MCP,0,15.946585,31.74487,0,-0.222794,-2.38212,0,15.4,30,30,31.913058145813487,130.93186609709238,6.1475822481802895,-130.7874642011565,0.24373790045998728,-0.04696979765417435,0.19676810280581367,1.913058145813487,14.025832557403065
0.55,0.385,PIP,50.6387,61.7605,71.70015000000001,-7.10193,-11.4839,-18.5079,49.574,59.774,69.974,20.400000000000006,24.18285978190139,50.40970207518181,37.85116740016268,-55.862744936962315,0.47972629843823905,0.2564746025872731,0.7362009010255118,3.782859781901383,30.785977837477745
0.55,0.385,DIP,81.27927,87.11816999999999,90.81821,-28.0243,-36.1047,-45.4243,83.583,91.583,99.583,16,20.047713748841947,40.45118841109327,51.66154754218278,-55.57587273698684,0.49560259009211444,0.8215233393497033,1.3171259294418176,4.047713748841947,33.61174372898297
0.56,0.392,MCP,0,15.95196,31.76624,0,-0.218523,-2.39777,0,15.4,30,30,31.937391379207824,129.57180523122543,6.204532299960014,-129.4231682884381,0.24648411220492322,-0.04790321371371088,0.1985808984912116,1.9373913792078241,14.155659636786933
0.56,0.392,PIP,50.64691,61.77932,71.68776,-7.15977,-11.5984,-18.7271,49.574,59.774,69.974,20.400000000000006,24.25129238209473,49.640404862357485,37.96276863862262,-55.152293926371705,0.48853937532013525,0.25838604298621026,0.7469254183063453,3.851292382094723,31.296756722576507
0.56,0.392,DIP,81.15859999999999,86.90834,90.43778999999999,-28.3487,-36.5424,-45.9735,83.583,91.583,99.583,16,20.133684354379334,39.66696753862366,51.82288216208594,-55.048587127935846,0.5075680245729699,0.8324020149216046,1.3399700394945742,4.133684354379334,34.282646234882336
0.57,0.399,MCP,0,15.949379,31.77765,0,-0.202677,-2.37205,0,15.4,30,30,31.947209166988536,129.33948379747474,6.334365880979927,-129.18427875667808,0.24700275761895596,-0.04899432578411936,0.1980084318348368,1.9472091669885359,14.149752335197418
0.57,0.399,PIP,50.65614,61.80867,71.70421,-7.13143,-11.5969,-18.801,49.574,59.774,69.974,20.400000000000006,24.31592671828373,48.93907837585362,38.17877271618224,-54.45318713076024,0.49686114911148654,0.25780337445827406,0.754664523569761,3.9159267182837247,31.770905862437992
0.57,0.399,DIP,81.09477,86.77842,90.16315,-28.4983,-36.7869,-46.3162,83.583,91.583,99.583,16,20.219487863664845,38.915912127002855,52.11028231595075,-54.46650537445369,0.5195686483636345,0.8402318482252776,1.3598004965889128,4.219487863664845,34.951110920274964
0.58,0.406,MCP,0,15.948085,31.79061,0,-0.188814,-2.3531,0,15.4,30,30,31.9593278790317,128.93768532281499,6.450541115144703,-128.77622923399755,0.24786646199686843,-0.050049253711203494,0.1978172082856653,1.9593278790317008,14.164637836544708
0.58,0.406,PIP,50.66523,61.83629,71.71572,-7.11672,-11.6133,-18.897,49.574,59.774,69.974,20.400000000000006,24.381058273210748,48.256450210469794,38.372351043628576,-53.781161643284996,0.5052393652428457,0.25757948421224414,0.7628188494550898,3.981058273210742,32.24874916798321
0.58,0.406,DIP,81.02121,86.63415,89.86751,-28.6733,-37.0588,-46.6859,83.583,91.583,99.583,16,20.305991759634452,38.19160468098635,52.36805226280247,-53.92394790844022,0.5316873152948132,0.8484364146883951,1.3801237299832088,4.305991759634452,35.622319526388594
0.59,0.413,MCP,0,15.960244,31.82055,0,-0.19442,-2.40437,0,15.4,30,30,31.996210366711754,126.70150112423157,6.439884470375344,-126.53773458989168,0.25253221219012456,-0.05084912528642776,0.20168308690369635,1.996210366711754,14.408431123264133
0.59,0.413,PIP,50.67248,61.84532,71.67421,-7.24768,-11.8261,-19.2395,49.574,59.774,69.974,20.400000000000006,24.453145914692964,47.51818458758815,38.386972061451374,-53.15023070463905,0.5146060634875386,0.26151391951951714,0.7761199830070558,4.0531459146929585,32.78919178793343
0.59,0.413,DIP,80.84376999999999,86.34109,89.3689,-29.1409,-37.6522,-47.3916,83.583,91.583,99.583,16,20.39429978772327,37.48039769645846,52.39709833339025,-53.54514312648911,0.5441324276463143,0.8617369163641082,1.405869344010423,4.39429978772327,36.30872829033178
0.6,0.42,MCP,0,15.989724,31.87183,0,-0.225464,-2.5468,0,15.4,30,30,32.065101625256666,122.35489276312981,6.2734488117062615,-122.19395902860295,0.2620663620484093,-0.051295053371676703,0.21077130867673208,2.0651016252566663,14.947998884886468
0.6,0.42,PIP,50.67557,61.82733,71.55992,-7.56696,-12.292,-19.8976,49.574,59.774,69.974,20.400000000000006,24.533763119613862,46.720391251858224,38.178216220894654,-52.58485763245938,0.5251189568888311,0.2707897482131512,0.7959087051019823,4.133763119613857,33.406102082303114
0.6,0.42,DIP,80.52656999999999,85.84947,88.6019,-29.9807,-38.6525,-48.5194,83.583,91.583,99.583,16,20.484876776214445,36.78018759608659,52.14328427321206,-53.37239277659995,0.5569541134802161,0.8815104852777873,1.4384645987580025,4.4848767762144455,37.01206282411769
0.61,0.427,MCP,0,16.032583,31.9379,0,-0.276602,-2.76103,0,15.4,30,30,32.15855232329485,116.77184661047546,6.006739418364929,-116.61725104966362,0.2753964526275629,-0.05146267524222653,0.22393377738533643,2.158552323294849,15.71332928274595
0.61,0.427,PIP,50.671569999999996,61.78242,71.37887,-8.03153,-12.9538,-20.799,49.574,59.774,69.974,20.400000000000006,24.621277966854382,45.88427785821168,37.80540174526679,-52.07501611327753,0.5365950847681922,0.2842157223251144,0.8208108070933066,4.221277966854377,34.08612307599118
0.61,0.427,DIP,80.08727,85.18630999999999,87.6056,-31.1038,-39.9598,-49.9602,83.583,91.583,99.583,16,20.57752482657802,36.093885161416566,51.67222300635448,-53.36034174382092,0.57011110703524,0.9063426237118147,1.4764537307470542,4.577524826578021,37.73090102612953
0.62,0.434,MCP,0,16.080928,32.00911,0,-0.336261,-3.0059,0,15.4,30,30,32.2631146410093,111.13426321426292,5.72318502324956,-110.98679927525941,0.29030754069793185,-0.05152072425480786,0.2387868164431239,2.2631146410093024,16.578499104250508
0.62,0.434,PIP,50.659859999999995,61.71813,71.15748,-8.55831,-13.6983,-21.8006,49.574,59.774,69.974,20.400000000000006,24.711636212552396,45.05760474984634,37.37181066632614,-51.6119450462911,0.548445403384135,0.2993639091395587,0.8478093125236935,4.31163621255239,34.79011561940288
0.62,0.434,DIP,79.57939,84.42934,86.48689999999999,-32.3387,-41.384,-51.5116,83.583,91.583,99.583,16,20.671230395681384,35.42762849185555,51.11102697907226,-53.42588016866193,0.5834776776106673,0.9332587820029045,1.5167364596135715,4.671230395681384,38.45686500321554
0.63,0.441,MCP,0,16.122076,32.06988,0,-0.386078,-3.21471,0,15.4,30,30,32.354388418426964,106.70979379803299,5.51367723380226,-106.56725320557048,0.30319980263164337,-0.05169285185709569,0.25150695077454843,2.3543884184269643,17.31926729489618
0.63,0.441,PIP,50.645869999999995,61.6582,70.95402200000001,-9.00734,-14.3378,-22.6693,49.574,59.774,69.974,20.400000000000006,24.79854935343083,44.29191098780317,37.03953488576891,-51.157559735022986,0.5598889007128118,0.3122460358034344,0.8721349365162463,4.398549353430823,35.46081987915318
0.63,0.441,DIP,79.11277,83.73241,85.4506,-33.4103,-42.6247,-52.8615,83.583,91.583,99.583,16,20.764547237881416,34.789333157254575,50.6660322511832,-53.43730209658187,0.5968653421444329,0.9573791184116518,1.5542444605560854,4.764547237881416,39.17776682566276
0.64,0.448,MCP,0,16.148513,32.11307,0,-0.413797,-3.34425,0,15.4,30,30,32.41792819728826,103.95683560232814,5.419342005927419,-103.81548247093143,0.31184027495121497,-0.05215433492369438,0.25968594002752043,2.417928197288262,17.80288246609883
0.64,0.448,PIP,50.63765,61.62438,70.81551400000001,-9.29287,-14.7573,-23.2634,49.574,59.774,69.974,20.400000000000006,24.878068774989913,43.61964567799376,36.89915582627692,-50.69247467096632,0.5703409183706637,0.32041573031703635,0.8907566486876997,4.478068774989907,36.062697925717465
0.64,0.448,DIP,78.76827,83.20593,84.6398,-34.1556,-43.5072,-53.8335,83.583,91.583,99.583,16,20.857277484271403,34.18162723651628,50.46208154003673,-53.31658471908982,0.6101897180011824,0.9757297912526371,1.5859195092538199,4.857277484271403,39.890419194168814
0.65,0.455,MCP,0,16.15955,32.1388,0,-0.417975,-3.38944,0,15.4,30,30,32.45188472977037,102.6972050944961,5.432584196069189,-102.5534151706983,0.3159957926791679,-0.052923748624411134,0.2630720440547559,2.45188472977037,18.01268437219186
0.65,0.455,PIP,50.639129999999994,61.6241,70.755094,-9.40509,-14.9438,-23.5675,49.574,59.774,69.974,20.400000000000006,24.949157191886652,43.0417335486035,36.952401547585595,-50.21273990953106,0.5796503796417404,0.32360593427343043,0.903256313915171,4.549157191886646,36.586302689072326
0.65,0.455,DIP,78.56671,82.87752,84.0891,-34.5591,-44.0166,-54.4166,83.583,91.583,99.583,16,20.94866227392973,33.60404029461897,50.512549773700464,-53.05763016105573,0.6233971299363146,0.9878508961355573,1.6112480260718722,4.948662273929731,40.59078208824183
0.66,0.462,MCP,0,16.162041000000002,32.15518,0,-0.409013,-3.38776,0,15.4,30,30,32.46951189423862,102.20822233708877,5.503363313228765,-102.0599515262984,0.3176800373961328,-0.05387067623188968,0.26380936116424386,2.4695118942386216,18.071925388540237
0.66,0.462,PIP,50.64669,61.643570000000004,70.739524,-9.42169,-15.0017,-23.7125,49.574,59.774,69.974,20.400000000000006,25.015957388660727,42.51408961625781,37.11100020186115,-49.723463132056615,0.5884156902913987,0.3240214071625374,0.9124370974539358,4.615957388660721,37.069057259173185
0.66,0.462,DIP,78.4457,82.65971,83.6816,-34.7759,-44.3232,-54.7887,83.583,91.583,99.583,16,21.03993784711441,33.04743983983827,50.69855570256905,-52.7266454804884,0.6366586322293878,0.9965750553091091,1.6332336875384976,5.039937847114409,41.287352706464524
0.67,0.469,MCP,0,16.167884,32.17505,0,-0.405164,-3.40412,0,15.4,30,30,32.493345906970454,101.4470481095396,5.550583672019173,-101.29508670729867,0.32029858445841697,-0.05474143323202639,0.26555715122639056,2.493345906970454,18.187323619074284
0.67,0.469,PIP,50.65184,61.65517,70.705656,-9.47445,-15.1078,-23.9164,49.574,59.774,69.974,20.400000000000006,25.084156003581437,41.991837678642305,37.22560068388883,-49.262017523737285,0.5973579007317326,0.3254492673910328,0.9228071681227651,4.684156003581432,37.56400754910802
0.67,0.469,DIP,78.29248,82.39684,83.21379999999999,-35.0597,-44.701,-55.23,83.583,91.583,99.583,16,21.132120697584007,32.507725565036004,50.82543203406677,-52.446864732894745,0.6500645717371523,1.0064512718630196,1.6565158436001708,5.132120697584007,41.98989631115337
0.68,0.476,MCP,0,16.1874,32.2092,0,-0.422243,-3.49495,0,15.4,30,30,32.542886079778,99.57836943038194,5.505711333291393,-99.42604689480565,0.3268067780777396,-0.055318443150313555,0.27148833492742586,2.5428860797780004,18.537699751890212
0.68,0.476,PIP,50.64639,61.6335,70.59508100000001,-9.67744,-15.4154,-24.3683,49.574,59.774,69.974,20.400000000000006,25.15921064787423,41.430844161776896,37.17665012055394,-48.85754918230708,0.6072579778880178,0.33113208072295003,0.9383900586109679,4.759210647874223,38.1207217518799
0.68,0.476,DIP,78.00355,81.94575,82.4982,-35.6288,-45.3848,-55.977,83.583,91.583,99.583,16,21.226279426256955,31.976035436182006,50.73159049077352,-52.323322057941,0.6638183607414532,1.021491081676571,1.6853094424180237,5.226279426256955,42.706396212762726
0.69,0.483,MCP,0,16.225285,32.26161,0,-0.467786,-3.68698,0,15.4,30,30,32.62722533379546,96.36601702058172,5.345365495352044,-96.2176506891129,0.3385760493434836,-0.055497888313952304,0.2830781610295322,2.627225333795458,19.205885417331178
0.69,0.483,PIP,50.62384,61.562400000000004,70.374133,-10.0835,-15.9953,-25.1536,49.574,59.774,69.974,20.400000000000006,25.243451076713516,40.82110322381445,36.91077428438431,-48.532353000948156,0.618392181571096,0.3425932816350226,0.9609854632061189,4.84345107671351,38.759676233810126
0.69,0.483,DIP,77.52288,81.2306,81.4383,-36.5787,-46.4743,-57.1259,83.583,91.583,99.583,16,21.322990508886264,31.45017357679142,50.34455927107033,-52.404384830860906,0.677992776631971,1.0435001154410015,1.7214928920729728,5.322990508886264,43.441379054835174
0.7,0.49,MCP,0,16.276754,32.32586,0,-0.535027,-3.95598,0,15.4,30,30,32.73799291544085,92.40003875934546,5.114580238656778,-92.25837756925321,0.35430713401221037,-0.05538088167441832,0.2989262523377919,2.7379929154408487,20.11375749923717
0.7,0.49,PIP,50.58323,61.4458,70.057367,-10.6422,-16.7792,-26.1866,49.574,59.774,69.974,20.400000000000006,25.33489461195914,40.17918035736156,36.49033905435673,-48.268745934799746,0.6305478207028015,0.35837301866879323,0.9889208393715949,4.934894611959134,39.46193050639013
0.7,0.49,DIP,76.88141,80.2967,80.0972,-37.8066,-47.8557,-58.5551,83.583,91.583,99.583,16,21.42172420806022,30.933271535971453,49.735245523689656,-52.63741394068606,0.692514019512921,1.0707737243393949,1.763287743852315,5.421724208060219,44.192373650866756
0.71,0.497,MCP,0,16.330819,32.38931,0,-0.607113,-4.24138,0,15.4,30,30,32.85373796585312,88.5992958382869,4.887951679392636,-88.46436091116132,0.37081263067618936,-0.05519721757147524,0.31561541310471436,2.853737965853121,21.06362150453649
0.71,0.497,PIP,50.532181,61.30965,69.70472600000001,-11.2289,-17.6003,-27.2607,49.574,59.774,69.974,20.400000000000006,25.42776960353322,39.55090103891873,36.04714245943376,-48.03185411334059,0.6429125237503914,0.37496277416690477,1.017875297917296,5.027769603533216,40.17624309757721
0.71,0.497,DIP,76.18762,79.2947,78.6732,-39.0725,-49.2698,-60.0011,83.583,91.583,99.583,16,21.521392653778825,30.430985532662937,49.08145837600878,-52.90365622438005,0.7072197063969208,1.0989754373426013,1.8061951437395216,5.521392653778825,44.94776984746135
0.72,0.504,MCP,0,16.377841,32.44487,0,-0.669426,-4.49154,0,15.4,30,30,32.95787057138192,85.51885781733633,4.712424465077836,-85.38892257220911,0.3853871697138209,-0.05513184675338008,0.33025532296044113,2.9578705713819176,21.906011694013984
0.72,0.504,PIP,50.481705999999996,61.18119,69.376913,-11.7445,-18.3235,-28.2113,49.574,59.774,69.974,20.400000000000006,25.517036500624545,38.96910597262391,35.686571076261295,-47.7957857314959,0.6548016913333977,0.38943219498448567,1.0442338863178835,5.11703650062454,40.856292735552906
0.72,0.504,DIP,75.54294,78.3624,77.3437,-40.1897,-50.5183,-61.2675,83.583,91.583,99.583,16,21.6210719446314,29.948472849236563,48.526595089660916,-53.113636462512304,0.7219423859598423,1.1245981242972316,1.8465405102570742,5.6210719446313995,45.70096016042809
0.73,0.511,MCP,0,16.41041,32.48556,0,-0.708544,-4.65932,0,15.4,30,30,33.033070831794774,83.48302194891096,4.621524293772613,-83.35500265085724,0.39568609353899525,-0.05538716699066667,0.3402989265483286,3.033070831794774,22.482011080086245
0.73,0.511,PIP,50.446791999999995,61.09544,69.139267,-12.0925,-18.823,-28.8865,49.574,59.774,69.974,20.400000000000006,25.59859919200941,38.45670371852555,35.501976611250136,-47.52653101385224,0.6656472530607954,0.39912693750126876,1.0647741905620645,5.198599192009404,41.46458829131082
0.73,0.511,DIP,75.05557999999999,77.6444,76.2909,-40.9881,-51.424,-62.1844,83.583,91.583,99.583,16,21.71994959827946,29.487703194223215,48.209437201281034,-53.186839955478696,0.7365765131051137,1.1442939370195357,1.88087045012465,5.7199495982794595,46.4443759778377
0.74,0.518,MCP,0,16.42832,32.51314,0,-0.723597,-4.74231,0,15.4,30,30,33.07905379280478,82.36176983599628,4.608095526467033,-82.23275859495766,0.4016311676967819,-0.055978678943811894,0.34565248875297,3.0790537928047783,22.7909404940537
0.74,0.518,PIP,50.43183,61.05931,69.003292,-12.2713,-19.0964,-29.2853,49.574,59.774,69.974,20.400000000000006,25.671961802783994,38.01069586038874,35.491056960362904,-47.22249884594844,0.6753878407560793,0.40396535086665636,1.0793531916227361,5.271961802783988,41.99854037808905
0.74,0.518,DIP,74.74018,77.1587,75.5345,-41.471,-51.9937,-62.7648,83.583,91.583,99.583,16,21.817944624708144,29.045694181302835,48.13505202290202,-53.1251630242591,0.7511593452895574,1.1579310652001513,1.9090904104897086,5.817944624708144,47.17773636355906
0.75,0.525,MCP,0,16.439330000000002,32.53511,0,-0.728124,-4.78726,0,15.4,30,30,33.11186874015021,81.64775406542938,4.625288645085378,-81.5166390921417,0.4055453713229592,-0.05667964963570036,0.34886572168725904,3.111868740150207,22.97999238554342
0.75,0.525,PIP,50.426424,61.04604,68.91474000000001,-12.3743,-19.2675,-29.5595,49.574,59.774,69.974,20.400000000000006,25.741583599811495,37.599999884260704,35.556833326957545,-46.90914131297803,0.6846165872087376,0.40657715674183426,1.0911937439505721,5.341583599811489,42.495621967994516
0.75,0.525,DIP,74.50446,76.7798,74.9136,-41.8112,-52.4115,-63.1916,83.583,91.583,99.583,16,21.915804353731797,28.621421892566588,48.16462299385718,-53.00935956495171,0.7657133330410695,1.1688057774042175,1.9345191104452868,5.915804353731797,47.90779239545708
0.76,0.532,MCP,0,16.45435,32.56019,0,-0.73917,-4.8554,0,15.4,30,30,33.152673906462404,80.73205435877412,4.623045741109313,-80.59957846703462,0.41065069097748413,-0.057295409382975115,0.35335528159450874,3.152673906462404,23.240461354777896
0.76,0.532,PIP,50.414508999999995,61.01729,68.79404000000001,-12.5227,-19.4994,-29.9064,49.574,59.774,69.974,20.400000000000006,25.813339165787852,37.18783331971657,35.574270769292525,-46.62112043659604,0.694133991186357,0.4104932538544293,1.1046272450407864,5.413339165787846,43.01270045267887
0.76,0.532,DIP,74.21627,76.3297,74.2017,-42.2312,-52.911,-63.6916,83.583,91.583,99.583,16,22.014967526190677,28.206053754261752,48.123665189157606,-52.943690026763534,0.7805050546237563,1.181222724282247,1.9617277789060037,6.014967526190677,48.64512776143927
0.77,0.539,MCP,0,16.48378,32.59565,0,-0.773846,-5.00612,0,15.4,30,30,33.22139558113906,79.11147522271362,4.5522482597602965,-78.98039343847017,0.41993143836105457,-0.057574001233042925,0.3623574371280124,3.2213955811390633,23.75242610647787
0.77,0.539,PIP,50.378817999999995,60.93333,68.56288,-12.8318,-19.9445,-30.508,49.574,59.774,69.974,20.400000000000006,25.891842749064214,36.74742662727897,35.43017139103907,-46.401299970771866,0.7045892767316595,0.41894222163013484,1.1235314983617943,5.491842749064208,43.58803806979901
0.77,0.539,DIP,73.74952,75.6402,73.1884,-42.9317,-53.7003,-64.4619,83.583,91.583,99.583,16,22.11622987153952,27.797682272436273,47.85062142834833,-53.02913494629289,0.7956141686484997,1.1990453408350974,1.9946595094835968,6.11622987153952,49.39782365957362
0.78,0.546,MCP,0,16.53018,32.6422,0,-0.836745,-5.25599,0,15.4,30,30,33.323858588117766,76.73959948495401,4.4081824003886245,-76.61288440618887,0.43424592794039046,-0.05747502395199409,0.37677090398839636,3.3238585881177656,24.567839125243665
0.78,0.546,PIP,50.310770999999995,60.77695,68.18882,-13.3333,-20.6457,-31.4149,49.574,59.774,69.974,20.400000000000006,25.979634696064586,36.26724134273798,35.09683556454729,-46.2551614780252,0.7163388704023018,0.4328892068623029,1.1492280772646049,5.579634696064581,44.24639606990468
0.78,0.546,DIP,73.0536,74.6446,71.7923,-43.9663,-54.8314,-65.5455,83.583,91.583,99.583,16,22.220236125695497,27.39292684098802,47.295233351390685,-53.287189899120854,0.8111669211063408,1.2235962436278334,2.0347631647341746,6.2202361256954966,50.17029936336178
0.79,0.553,MCP,0,16.58962,32.69467,0,-0.922569,-5.58477,0,15.4,30,30,33.452847982747706,73.9354607988939,4.215510020914409,-73.81518704716764,0.45246012699833166,-0.057047015189321586,0.3954131118090094,3.4528479827477057,25.619227164213765
0.79,0.553,PIP,50.210963,60.553988000000004,67.69063,-13.9844,-21.5436,-32.5508,49.574,59.774,69.974,20.400000000000006,26.073346516469513,35.77160553241348,34.616268872177855,-46.177773191174985,0.7288838767061727,0.45109554440702854,1.1799794211132009,5.673346516469508,44.95660835985909
0.79,0.553,DIP,72.16669999999999,73.3985,70.0901,-45.2442,-56.2049,-66.8401,83.583,91.583,99.583,16,22.32634169706614,26.996485105195028,46.52072845851728,-53.67594665941026,0.827009205460225,1.253154135775635,2.0801633412358593,6.326341697066141,50.955869286637466
0.8,0.56,MCP,0,16.6518,32.744839999999996,0,-1.01412,-5.93305,0,15.4,30,30,33.588431952630785,71.21895663700894,4.026374825788808,-71.10504968162539,0.47162207281167257,-0.05656531593199096,0.41505675687968185,3.588431952630785,26.72618036154208
0.8,0.56,PIP,50.094589,60.30119,67.14091,-14.669,-22.4853,-33.7333,49.574,59.774,69.974,20.400000000000006,26.169848122960765,35.277650705463024,34.10805069195496,-46.116467818920874,0.7418251385687697,0.4703107834093582,1.2121359219781278,5.769848122960759,45.69008681811387
0.8,0.56,DIP,71.2065,72.05879999999999,68.2793,-46.5623,-57.6085,-68.1403,83.583,91.583,99.583,16,22.434225482314393,26.608826053233333,45.6839542829548,-54.087543122488896,0.8431121853114723,1.2840738393098416,2.1271860246213135,6.4342254823143925,51.75361946517663
0.81,0.567,MCP,0,16.70592,32.78656,0,-1.09349,-6.23705,0,15.4,30,30,33.70860010275968,69.0143837976067,3.8785335431412267,-68.90531291938298,0.4884286180343849,-0.05622854025251483,0.43220007778187053,3.708600102759682,27.69114590167608
0.81,0.567,PIP,49.98549,60.069578,66.64034000000001,-15.2633,-23.3037,-34.7612,49.574,59.774,69.974,20.400000000000006,26.260380288987736,34.829613205988174,33.689331299241424,-46.045391671594324,0.7539670375803327,0.4868930715548737,1.2408601091352067,5.860380288987731,46.3692368104913
0.81,0.567,DIP,70.3357,70.8432,66.6328,-47.6999,-58.8159,-69.2385,83.583,91.583,99.583,16,22.541399450063064,26.238640776663072,44.974164102956586,-54.427363619354935,0.8590917358078863,1.311505366068412,2.170597101876298,6.541399450063064,52.54248006998604
0.82,0.574,MCP,0,16.74572,32.81858,0,-1.14842,-6.45613,0,15.4,30,30,33.799913165217355,67.47013640106634,3.7924587110472734,-67.36346608439547,0.5009610913530502,-0.056239083015962386,0.4447220083370877,3.7999131652173546,28.394991075700727
0.82,0.574,PIP,49.903718999999995,59.898607,66.25547,-15.6921,-23.9033,-35.5276,49.574,59.774,69.974,20.400000000000006,26.34469645025066,34.42586513816358,33.43706717581781,-45.92436038873349,0.7652588059739316,0.498743060263298,1.26400186623723,5.944696450250653,46.98940403647413
0.82,0.574,DIP,69.65039999999999,69.87219999999999,65.291,-48.5464,-59.7205,-70.0419,83.583,91.583,99.583,16,22.648997816028587,25.879927226746823,44.49686415044984,-54.634935745736136,0.8751569360141368,1.333309302282435,2.208466238296572,6.6489978160285865,53.33231125705764
0.83,0.581,MCP,0,16.77243,32.84327,0,-1.18121,-6.59713,0,15.4,30,30,33.86436143579968,66.46849814768437,3.7541912264313675,-66.36239367476212,0.5094798645902524,-0.05651083186621596,0.4529690327240368,3.8643614357996796,28.857122025559256
0.83,0.581,PIP,49.85136,59.790119600000004,65.99017,-15.9695,-24.3006,-36.0516,49.574,59.774,69.974,20.400000000000006,26.420199702852514,34.07568320255481,33.33042632757773,-45.77236792092835,0.7753388111341424,0.5061694617977712,1.2815082729319136,6.0201997028525085,47.53045969901027
0.83,0.581,DIP,69.1562,69.1536,64.2629,-49.126,-60.3501,-70.5854,83.583,91.583,99.583,16,22.7555814506762,25.538196378874016,44.240961449722995,-54.73227882545317,0.8910410552524499,1.349468507959907,2.2405095632123566,6.7555814506762,54.11005680201448
0.84,0.588,MCP,0,16.79302,32.86481,0,-1.2031,-6.7007,0,15.4,30,30,33.91615911898209,65.71170313530223,3.7394613879780483,-65.60521593188997,0.5161357490483509,-0.05693784331338642,0.45919790573496444,3.916159118982087,29.204809436477714
0.84,0.588,PIP,49.813553999999996,59.7120391,65.78023,-16.1749,-24.6031,-36.4635,49.574,59.774,69.974,20.400000000000006,26.493018816327282,33.74552069420481,33.2954493457674,-45.601289271448586,0.7850825315869845,0.511505131098622,1.2965876626856068,6.093018816327277,48.04514380227701
0.84,0.588,DIP,68.7487,68.5479,63.373,-49.5822,-60.8523,-71.0053,83.583,91.583,99.583,16,22.863116327519574,25.20430840686409,44.086097798655985,-54.77962387405348,0.9071114334283054,1.3630944422256512,2.2702058756539563,6.863116327519574,54.89287497866721
0.85,0.595,MCP,0,16.81915,32.8877,0,-1.23525,-6.83854,0,15.4,30,30,33.97921317264199,64.7926253809309,3.7041486432133284,-64.68665694393731,0.5244302568829446,-0.05720048112991268,0.4672297757530322,3.979213172641991,29.651151211860277
0.85,0.595,PIP,49.760045,59.602452,65.5143,-16.4433,-24.9871,-36.9672,49.574,59.774,69.974,20.400000000000006,26.567412640536443,33.41824497124948,33.19510190759338,-45.46711362439766,0.7949972436731201,0.518624068884215,1.313621312557335,6.167412640536437,48.57251354309294
0.85,0.595,DIP,68.259,67.8359,62.3564,-50.1325,-61.4448,-71.4972,83.583,91.583,99.583,16,22.972542002037137,24.879062254973437,43.837719593821596,-54.883163323121394,0.9233684841736679,1.3786662018314435,2.3020346860051113,6.972542002037137,55.68755236528823
0.86,0.602,MCP,0,16.85913,32.91427,0,-1.29238,-7.06228,0,15.4,30,30,34.07130998421736,63.447771710822686,3.623285340892733,-63.344230506078006,0.5369977394872892,-0.057137666020858256,0.4798600734664311,4.071309984217358,30.354331765873575
0.86,0.602,PIP,49.665791899999995,59.411159,65.10002,-16.8724,-25.582,-37.7133,49.574,59.774,69.974,20.400000000000006,26.64913717090699,33.06587154979254,32.93891484465208,-45.395433592566114,0.8059408665752889,0.5303847870131618,1.3363256535884505,6.249137170906984,49.16498220848046
0.86,0.602,DIP,67.54599999999999,66.834,60.9917,-50.9355,-62.283,-72.1925,83.583,91.583,99.583,16,23.085282887624544,24.556259635619902,43.34773207520903,-55.113264561581744,0.9400976871143013,1.3998344008031454,2.3399320879174463,7.085282887624544,56.50562998633551
