time,pressure,joint,resample_u1_start,resample_u1_mid,resample_u1_end,resample_u2_start,resample_u2_mid,resample_u2_end,u1_init_offset_start,u1_init_offset_mid,u1_init_offset_end,L_init,L_arc,R_arc,u1_center_arc,u2_center_arc,theta_arc,theta_arc_start,theta_arc_end,delta_L,theta_joint
0.01,0.007,MCP,0,15.413857417423142,30.041834327169582,0,-0.009170609642993335,-0.06096386801034387,0,15.4,30,30,30.04193963142855,5099.243456952691,4.673093097998733,-5099.241315673904,0.005891450346515053,-9.164288372497652e-4,0.00497502150921786,0.041939631428551394,0.3468509857381092
0.02,0.014,MCP,0,15.417403548853036,30.065489194872637,0,-0.007308069326500584,-0.07668473923596085,0,15.4,30,30,30.065678019910504,3527.0320981569503,6.0368424014298085,-3527.0269318454657,0.008524356224492914,-0.0017115935384105047,0.006812762686097485,0.0656780199105036,0.5200621106165714
0.03,0.021,MCP,0,15.420911549121726,30.08902658241694,0,-0.005269666207854032,-0.09205053469787447,0,15.4,30,30,30.089323223689306,2698.8350712339225,6.7882080164833765,-2698.8265342467153,0.011149004081206155,-0.0025152389808326733,0.008633765100366621,0.08932322368930556,0.6917027220246106
0.04,0.028,MCP,0,15.424294248326458,30.112291856914876,0,-0.0029458402519534892,-0.10664960680203706,0,15.4,30,30,30.11271754334764,2191.8207912097673,7.293540365186531,-2191.8086561213213,0.013738676840786347,-0.0033276232503935696,0.01041105359039508,0.11271754334763884,0.8602684382238209
0.05,0.035,MCP,0,15.427464476564484,30.13513038547886,0,-2.2703142369876906e-4,-0.12007030795440095,0,15.4,30,30,30.135701849162214,1852.5761870909307,7.686469860598117,-1852.560241168274,0.016266916340149984,-0.0041490827572018265,0.012117833582958128,0.1357018491622135,1.024253919147037
0.06,0.042,MCP,0,15.430428385105039,30.15755290525534,0,0.0028791285660612013,-0.1323391423968065,0,15.4,30,30,30.158284374912135,1609.6592225489987,8.01555339365132,-1609.6392650655737,0.018735819328984774,-0.004979679182202152,0.013756140146766061,0.1582843749121352,1.1837622546933033
0.07,0.049,MCP,0,15.433295068190159,30.179752958355,0,0.006235742377987876,-0.14396953537974078,0,15.4,30,30,30.18066041853434,1425.021284194045,8.29241146272491,-1424.9971566000324,0.021179094483212396,-0.005819182040092583,0.015359912443114408,0.180660418534341,1.3406794130443906
0.08,0.056,MCP,0,15.436131770376292,30.20185011933662,0,0.009758471604447011,-0.1552802208221262,0,15.4,30,30,30.202951255869845,1278.8246542429831,8.526503159959747,-1278.7962288979227,0.023617742397802673,-0.006667502309338925,0.016950240088464803,0.20295125586984497,1.4961743534799554
0.09,0.063,MCP,0,15.439005736219892,30.223963962758965,0,0.013362977837804357,-0.16658993264288519,0,15.4,30,30,30.225279165500506,1159.27519964554,8.722871854907657,-1159.2423819114833,0.02607256600912552,-0.007524489586219778,0.018548076422904625,0.2252791655005062,1.6514168049864864
0.1,0.07,MCP,0,15.441984210277411,30.2462140631808,0,0.016964922670425677,-0.17821740476094008,0,15.4,30,30,30.2477674094741,1058.940809396182,8.884337458030702,-1058.90353968271,0.028564171992504155,-0.008389932288534054,0.020174239703964324,0.24776740947410048,1.807577223276624
0.11,0.077,MCP,0,15.444829916370203,30.26818246953554,0,0.020868432975997303,-0.18903355033417762,0,15.4,30,30,30.26998642715996,975.7941814252762,9.040826316402216,-975.7522984666455,0.031020872027487035,-0.00926522809890972,0.021755643928580426,0.26998642715996013,1.960561060552965
0.12,0.084,MCP,0,15.447381120666222,30.289583492931627,0,0.02527949437578709,-0.19826988237284224,0,15.4,30,30,30.29163990005869,907.0934286924489,9.20808465080188,-907.0466909448966,0.033394178528801916,-0.01015137196547877,0.02324280656332569,0.29163990005869067,2.107572631956669
0.13,0.091,MCP,0,15.449818381241801,30.310735101190367,0,0.029966556583532974,-0.20678603457439257,0,15.4,30,30,30.313053687674227,848.179532442595,9.369971762391764,-848.1277750927103,0.03573895918046787,-0.011047380889478504,0.02469157829098537,0.3130536876742269,2.251732597271855
0.14,0.098,MCP,0,15.45232225617328,30.33195526213306,0,0.034698069312972944,-0.21544164063628735,0,15.4,30,30,30.33455600734096,795.9826747332296,9.513445319531455,-795.9258211878911,0.03810956817308551,-0.011952109171712891,0.026157459001374596,0.3345560073409608,2.3961633302294576
0.15,0.105,MCP,0,15.455073303536995,30.353561943581017,0,0.03924248227784496,-0.22509633425598527,0,15.4,30,30,30.3564773374487,748.4366023658137,9.627809093101844,-748.3746742460957,0.0405598513507913,-0.012864248778113083,0.02769560257267433,0.35647733744869825,2.5439888653157907
0.16,0.112,MCP,0,15.458252081409293,30.375873113355556,0,0.043368245191887,-0.23660974913094515,0,15.4,30,30,30.379150636777883,704.147855655158,9.70449148231521,-704.080979340322,0.04314314158993257,-0.01378233086060726,0.029360810729328186,0.37915063677788297,2.698334917443087
0.17,0.119,MCP,0,15.460676084057091,30.396807621816773,0,0.04858409483607022,-0.2443908388334954,0,15.4,30,30,30.400413516291593,667.9916083578239,9.829304089902847,-667.919286753707,0.0455101727864925,-0.014715242995274349,0.030794929791216324,0.40041351629159294,2.8388239370476147
0.18,0.126,MCP,0,15.461729185090007,30.41528059728494,0,0.05567695195132394,-0.24551967331858712,0,15.4,30,30,30.41912884243169,640.6627466269988,10.037677767122926,-640.5841084047383,0.04748072055474462,-0.01566828808465394,0.031812432470098975,0.41912884243168946,2.9548202370499284
0.19,0.133,MCP,0,15.46244151159842,30.43310442452164,0,0.06333254219132331,-0.24486256085761293,0,15.4,30,30,30.4371791728354,616.6473118072886,10.256723905521058,-616.5620056197765,0.04935913704647345,-0.016633814341809702,0.032725322704662725,0.43717917283539975,3.0640697862717223
0.2,0.14,MCP,0,15.4638431906727,30.452091488288428,0,0.07023659120974347,-0.24728580972196532,0,15.4,30,30,30.456454244567915,591.9956490834221,10.420501685276873,-591.9039294330875,0.051447091362450355,-0.017603237278111732,0.03384385408433847,0.45645424456791517,3.1843267088979164
0.21,0.147,MCP,0,15.466964349403222,30.47405417334686,0,0.07507482466025951,-0.2576557281830367,0,15.4,30,30,30.478852402503733,563.9684751484148,10.470629150348405,-563.8712680093072,0.05404353921463939,-0.018567049817996135,0.03547648939663805,0.4788524025037333,3.3333539356156865
0.22,0.154,MCP,0,15.47146812343323,30.4984977915565,0,0.07837801164299278,-0.274176849664484,0,15.4,30,30,30.503866132616128,534.723918330265,10.444311774002434,-534.6219086289294,0.057046010262394566,-0.019533399616421462,0.03751261064597878,0.5038661326161282,3.505820584198073
0.23,0.161,MCP,0,15.476392077779582,30.52376966695589,0,0.0814157593549915,-0.29221626842399806,0,15.4,30,30,30.529773896850774,507.3773264706346,10.40697917097355,-507.27058479772296,0.060171734730873394,-0.020512759427045366,0.039658975303827615,0.5297738968507737,3.6853245339147005
0.24,0.168,MCP,0,15.48182798359307,30.54994520257508,0,0.08398205059532121,-0.3123841339840222,0,15.4,30,30,30.556667261331942,481.6109079509576,10.353063648371752,-481.49961654235875,0.0634467923314634,-0.02149839428174618,0.04194839804971691,0.5566672613319419,3.8730338770472836
0.25,0.175,MCP,0,15.4878676120245,30.577099801444135,0,0.08587086816304758,-0.33529059586700016,0,15.4,30,30,30.58464074954215,457.19021667296863,10.278374709762764,-457.0746648358468,0.06689697118217111,-0.02248350982394258,0.04441346135822738,0.5846407495421495,4.070123985642425
0.26,0.182,MCP,0,15.49460273422467,30.605308866593102,0,0.08687619485723619,-0.3615458035953755,0,15.4,30,30,30.613792417736,433.94417713287487,10.179943125654871,-433.8247545097978,0.07054776635097462,-0.02346125979871208,0.04708650655226155,0.6137924177360006,4.277778144000896
0.27,0.189,MCP,0,15.502125121344378,30.634647801052044,0,0.08679201347695265,-0.391759906691592,0,15.4,30,30,30.644224564504302,411.7498094966032,10.0558886425844,-411.62699707878363,0.07442438067419946,-0.02442475580628756,0.04999962486790979,0.6442245645043023,4.497188337988862
0.28,0.196,MCP,0,15.510689066441365,30.66586792597809,0,0.0855229679556687,-0.42679175325342755,0,15.4,30,30,30.676735961140178,390.2348262271333,9.906566937044401,-390.10906107400626,0.07861096421795273,-0.02538889571138976,0.053222068506561845,0.676735961140178,4.734031561037934
0.29,0.203,MCP,0,15.520298456015125,30.699159053911448,0,0.08322960607688888,-0.4663724236489077,0,15.4,30,30,30.711539519325857,369.52746236548194,9.741322489882075,-369.3990417941292,0.08311030342029233,-0.026364619939707602,0.05674568348058384,0.7115395193258571,4.989195021330348
0.3,0.21,MCP,0,15.530669451379081,30.73375432495678,0,0.08008976641472806,-0.5094204158058465,0,15.4,30,30,30.7478571368909,350.0988256014805,9.5702834580488,-349.9679947681908,0.0878262218791084,-0.02733935410419343,0.06048686777491404,0.7478571368909002,5.256704012309186
0.31,0.217,MCP,0,15.541518213846642,30.768886879218726,0,0.07628128754330094,-0.5548542276520589,0,15.4,30,30,30.78490217635358,332.22129744676556,9.400910629191742,-332.0882613953017,0.09266384308575668,-0.02830091191870044,0.0643629311670556,0.7849021763535795,5.530602352863766
0.32,0.224,MCP,0,15.552560904731237,30.803789856801956,0,0.07198200803672239,-0.6015923571153592,0,15.4,30,30,30.821878126708324,316.0256111624339,9.23848508179154,-315.89054639856414,0.09752968442442532,-0.029237508328412275,0.06829217609601541,0.8218781267083237,5.804955668259662
0.33,0.231,MCP,0,15.564225111265287,30.839515582154494,0,0.0667486693769683,-0.6515648863682479,0,15.4,30,30,30.859920315599474,300.90508078161,9.07212928820513,-300.768289735413,0.10255699317352801,-0.030154041402693076,0.0724029517708367,0.8599203155994743,6.088421121005334
0.34,0.238,MCP,0,15.576923945124687,30.87715012795257,0,0.06025353410545895,-0.7064670433423694,0,15.4,30,30,30.90021185450995,286.44226730862505,8.896039352096247,-286.30409180581364,0.10787588069611512,-0.031062001257439964,0.07681387943867786,0.9002118545099513,6.389563892227146
0.35,0.245,MCP,0,15.590351854288041,30.9159772566431,0,0.052847722385475526,-0.7648650446042541,0,15.4,30,30,30.942010916689565,272.88069051044084,8.719796165863533,-272.74133608289156,0.11339025439583339,-0.03196005108181256,0.08143020331402226,0.9420109166895649,6.702336230311773
0.36,0.252,MCP,0,15.604203286733979,30.955280730673014,0,0.04488235438029933,-0.8253251067204317,0,15.4,30,30,30.98456175920122,260.3624398719423,8.55064245568241,-260.22199486143717,0.1190054977762568,-0.032847211977038486,0.08615828579921912,0.9845617592012204,7.020703939304028
0.37,0.259,MCP,0,15.61817269044111,30.994344312489247,0,0.036708550253211604,-0.8864134462574325,0,15.4,30,30,31.027093238609854,248.95653975218724,8.393937825342105,-248.81499250078696,0.12462855271644761,-0.03372286994563076,0.09090568277081597,1.0270932386098544,7.33865000396587
0.38,0.266,MCP,0,15.631954513388054,31.032451764538727,0,0.028677430167493634,-0.9466962797817866,0,15.4,30,30,31.068818216431996,238.6825717365803,8.253614172333288,-238.53982456579877,0.13016793807099078,-0.034586773132337545,0.0955811649386542,1.0688182164319961,7.650176664473322
0.39,0.273,MCP,0,15.645728572291086,31.070149741310228,0,0.0205741993459403,-1.0069342490155708,0,15.4,30,30,31.110314194181,229.31745878638026,8.124241938395814,-229.17350107979243,0.13566483057516213,-0.03543534124874027,0.1002294893264234,1.1103141941810009,7.958790951335275
0.4,0.28,MCP,0,15.659871872959457,31.10834875250802,0,0.01195848990602021,-1.0688728902463067,0,15.4,30,30,31.152589086807595,220.58541286062066,7.9982773720586176,-220.44035911323064,0.14122687752925758,-0.03626727131712464,0.1049596062121324,1.1525890868075948,8.271846935962829
0.41,0.287,MCP,0,15.67437464701125,31.14687834340228,0,0.0028430623530252747,-1.1325557618886912,0,15.4,30,30,31.195490393723205,212.41130761508703,7.875688852362849,-212.26525181445007,0.14686360506877022,-0.03708604107473246,0.10977756399403805,1.1954903937232046,8.589143212458202
0.42,0.294,MCP,0,15.689227126064557,31.185568059263197,0,-0.006759322807752809,-1.1980264223574235,0,15.4,30,30,31.2388669152007,204.7312759595331,7.756474841195727,-204.5842918067181,0.15258473219976088,-0.03789519485034243,0.11468953734941748,1.238866915200699,8.910493621059567
0.43,0.301,MCP,0,15.704419541737453,31.22424744536094,0,-0.016835905071022124,-1.2653284300672005,0,15.4,30,30,31.282568820098405,197.4907410042588,7.640657583435742,-197.3428821470486,0.15840017947688903,-0.03869834574275929,0.11970183373413078,1.2825688200984047,9.235727798013029
0.44,0.308,MCP,0,15.719762774528352,31.26288587462444,0,-0.02705248608113301,-1.3332830470241597,0,15.4,30,30,31.326502086180636,190.73334166364873,7.531923482166956,-190.58456850133734,0.1642424015273836,-0.039499556516844225,0.12474284501053867,1.3265020861806356,9.561704878503845
0.45,0.315,MCP,0,15.735173795224902,31.301597766365564,0,-0.03726209313133849,-1.4012982734977628,0,15.4,30,30,31.37074195488363,184.456754036792,7.431177957780738,-184.30700394708114,0.17007098557435515,-0.04029773610271025,0.12977324947164606,1.3707419548836306,9.887049954698051
0.46,0.322,MCP,0,15.750801970879063,31.340430235428908,0,-0.047732804189700787,-1.470297775297696,0,15.4,30,30,31.415401748810773,178.56107436421172,7.334800717919412,-178.4103639829535,0.17593645121518844,-0.041088826504415595,0.13484762471077186,1.4154017488107726,10.214269497839998
0.47,0.329,MCP,0,15.766796668542788,31.379430396659068,0,-0.05873269722428212,-1.541205218233646,0,15.4,30,30,31.460605841551043,172.96599272863352,7.23975892509485,-172.8144106586838,0.18188896756664538,-0.04186877693758916,0.14002019062905532,1.4606058415510432,10.54589015058974
0.48,0.336,MCP,0,15.783307255268035,31.41864536490065,0,-0.0705298502031447,-1.6149442681152981,0,15.4,30,30,31.506490107408464,167.6070136520749,7.143517101973666,-167.45471384461123,0.18797835138815164,-0.042633547593130844,0.145344803795022,1.5064901074084638,10.884458277185772
0.49,0.343,MCP,0,15.800483098106751,31.458122254998234,0,-0.08339234109435076,-1.6924385907523383,0,15.4,30,30,31.553202707907115,162.4326438451363,7.043975416274804,-162.27983915710485,0.1942540733252487,-0.04337911948618808,0.15087495383906133,1.553202707907115,11.232540131087449
0.5,0.35,MCP,0,15.818172278934744,31.49803555484899,0,-0.09696395233175388,-1.7725667143788826,0,15.4,30,30,31.600861220782495,157.48539108033364,6.944951402813187,-157.3321837823978,0.2006590008381338,-0.044113325871806296,0.15654567496632849,1.6008612207824946,11.587781967087041
0.51,0.357,MCP,0,15.836185526565476,31.538410871977877,0,-0.11087348748909179,-1.854085055146319,0,15.4,30,30,31.649407469008782,152.80275702604095,6.849742222446553,-152.6491519342487,0.20712589278487317,-0.0448423740210764,0.16228351876379715,1.649407469008782,11.94701978304046
0.52,0.364,MCP,0,15.8546161784574,31.57907200067124,0,-0.1253665562442523,-1.9377341107402413,0,15.4,30,30,31.69874345415643,148.3406231021164,6.756053176318725,-148.18669376095448,0.2136888924373419,-0.04555994755614582,0.16812894488119587,1.6987434541564284,12.311645841462969
0.53,0.371,MCP,0,15.873557572068956,31.619842735215393,0,-0.14068876827512333,-2.024254378846241,0,15.4,30,30,31.74878173886997,144.06232771458033,6.661930846511275,-143.90821013388862,0.22038226261185645,-0.04625989048793559,0.174122372123921,1.748781738869969,12.683087514567465
0.54,0.378,MCP,0,15.893103044858593,31.660546869896656,0,-0.15708573325959282,-2.1143863571499115,0,15.4,30,30,31.799446132330463,139.9374657560719,6.565724104848275,-139.78335233213863,0.22724040313664665,-0.04693621835683244,0.18030418477981244,1.7994461323304627,13.062808153197917
0.55,0.385,MCP,0,15.912896342923016,31.701194986176052,0,-0.17387231342970108,-2.205872286380778,0,15.4,30,30,31.850556341108685,136.0283942986489,6.472767022552976,-135.87430714649642,0.23414638175601138,-0.047601915677226894,0.18654446607878536,1.8505563411086854,13.444910261180432
0.56,0.392,MCP,0,15.932704830821667,31.741932555998503,0,-0.19054788225858366,-2.2971199506626094,0,15.4,30,30,31.902105174187525,132.3626628335421,6.386338415782954,-132.20850651158963,0.2410204244251816,-0.04826753043466894,0.19275289399051257,1.9021051741875254,13.825605605199616
0.57,0.399,MCP,0,15.952807273707098,31.782785709376192,0,-0.20763481628577107,-2.3898681627723652,0,15.4,30,30,31.954304613712022,128.87272626233994,6.302410392706441,-128.718527017403,0.24795242205603846,-0.04892365855794543,0.19902876349809295,1.9543046137120221,14.209582186526708
0.58,0.406,MCP,0,15.973482436731878,31.823780576321326,0,-0.22565549205079408,-2.485855735487005,0,15.4,30,30,32.00739306335421,125.50356531675165,6.2175381663917575,-125.3494600162506,0.2550317433817317,-0.04956101630203609,0.2054707270796958,2.0073930633542076,14.601569737325441
0.59,0.413,MCP,0,15.99500908504856,31.864943286846096,0,-0.24513228609318313,-2.586821481583487,0,15.4,30,30,32.06163675013344,122.21069525732072,6.1287936865625134,-122.05692083296738,0.26234722486952605,-0.05017044975850666,0.21217677511101946,2.061636750133438,15.006338832085866
0.6,0.42,MCP,0,16.017665983809707,31.906299970962703,0,-0.2665875749524693,-2.6945042138387727,0,15.4,30,30,32.1173322934609,118.95872706251457,6.033728447303906,-118.80560957024728,0.2699871887212005,-0.050742965204767676,0.2192442235164331,2.1173322934608976,15.428701955558795
0.61,0.427,MCP,0,16.04112898073809,31.948337445699334,0,-0.2892360155569863,-2.806407549862778,0,15.4,30,30,32.17473600723067,115.81087277941172,5.937744069945914,-115.65855545219692,0.2778213757918465,-0.05129353102736017,0.22652784476448665,2.1747360072306705,15.86295812427996
0.62,0.434,MCP,0,16.0650143264989,31.991189825023525,0,-0.3123003597749266,-2.9199822928856087,0,15.4,30,30,32.23370166081939,112.81716077072127,5.845347562327353,-112.66562774973725,0.2857162991925321,-0.05183578486284016,0.2338805143296918,2.233701660819392,16.302437734976138
0.63,0.441,MCP,0,16.08951139065833,32.034354184356516,0,-0.3363151265556095,-3.0368880341145084,0,15.4,30,30,32.29397038390273,109.93485093206732,5.75347849086425,-109.7841925538965,0.2937555298442924,-0.05235926675156605,0.24139626309272558,2.2939703839027317,16.750611064755045
0.64,0.448,MCP,0,16.11480954278258,32.07732759911951,0,-0.3618148348483539,-3.15878436475672,0,15.4,30,30,32.35531588050678,107.12856734215244,5.659540716172158,-106.97896774443133,0.30202322950113575,-0.052854030902822896,0.24916919859831274,2.3553158805067795,17.21105288300234
0.65,0.455,MCP,0,16.141098152437834,32.11960714473374,0,-0.38933400360247883,-3.2873308760194884,0,15.4,30,30,32.41754708537947,104.36931018509866,5.561364016143947,-104.22103501114003,0.3106042094930689,-0.05331068241693971,0.2572935270761288,2.417547085379468,17.687446424471062
0.66,0.462,MCP,0,16.1682725774302,32.16165295570779,0,-0.41850655687730964,-3.4214329702755055,0,15.4,30,30,32.48105795421277,101.68060100845221,5.461407267843092,-101.53382516233103,0.3194420335056121,-0.05373725742395368,0.2657047760816588,2.4810579542127726,18.177778072374675
0.67,0.469,MCP,0,16.196140833900976,32.204062175995965,0,-0.44875763409781644,-3.5593253645627594,0,15.4,30,30,32.546252866195736,99.092248904997,5.362693816680038,-98.9470328412046,0.3284439825096602,-0.05414464827483398,0.27429933423482644,2.5462528661957364,18.67835242149781
0.68,0.476,MCP,0,16.22476127891912,32.24653739518808,0,-0.4803085772617856,-3.7016616220864385,0,15.4,30,30,32.61299702677438,96.59064559967187,5.264325623816251,-96.44708234616454,0.33764136086160673,-0.054528420175390425,0.2831129406862164,2.61299702677438,19.19045412785624
0.69,0.483,MCP,0,16.25419226955361,32.288781202874006,0,-0.5133807283670032,-3.849095306051729,0,15.4,30,30,32.68117255161867,94.16415709454387,5.165553001918414,-94.02236725115097,0.34706594908300104,-0.05488444266608263,0.29218150641691787,2.6811725516186726,19.71542036654687
0.7,0.49,MCP,0,16.28449216287341,32.33049618864354,0,-0.5481954294112553,-4.002279979663817,0,15.4,30,30,32.75067969793783,91.80288027309695,5.065761905010868,-91.6630071662408,0.35675002353423424,-0.055208902288470786,0.3015411212457637,2.7506796979378265,20.254642588861543
0.71,0.497,MCP,0,16.3157193159475,32.37138494208654,0,-0.584974022392328,-4.161869206127891,0,15.4,30,30,32.821438284528405,89.49843672828098,4.96446341909642,-89.36064167051715,0.3667263863409697,-0.05549831923086481,0.31122806711010464,2.821438284528405,20.809568691590993
0.72,0.504,MCP,0,16.3478289673772,32.41174112498561,0,-0.6235227627525479,-4.327300969076434,0,15.4,30,30,32.893751213626885,87.25941363716773,4.86281497255431,-87.12381017176094,0.3769650727932,-0.05575714204561625,0.3212079307475839,2.893751213626885,21.379240373325537
0.73,0.511,MCP,0,16.38073440560698,32.451978908747954,0,-0.6635230495391411,-4.4976296278596415,0,15.4,30,30,32.967955042417366,85.09719506414918,4.762234376765867,-84.96383778718217,0.38741529632751104,-0.05599154699968999,0.33142374932782154,2.9679550424173655,21.9617305007121
0.74,0.518,MCP,0,16.414431062470527,32.49198164740039,0,-0.7050089401572438,-4.672933309259273,0,15.4,30,30,33.044039044496564,83.00871465913447,4.662714406682581,-82.87765563602365,0.398079155666824,-0.05620096515041848,0.3418781905164057,3.0440390444965644,22.557085518249902
0.75,0.525,MCP,0,16.448914369801525,32.5316326949697,0,-0.7480144920119915,-4.853290140057086,0,15.4,30,30,33.121997094979434,80.99101685558222,4.564251286664238,-80.86230531893948,0.4089588991584137,-0.05638490353067719,0.352573995627737,3.1219970949794345,23.16536265513293
0.76,0.532,MCP,0,16.484179759433662,32.57081540548269,0,-0.7925737625085205,-5.038778247034838,0,15.4,30,30,33.20182783746644,79.0412585555475,4.466844417781147,-78.91494063225447,0.4200569227289483,-0.0565429441403858,0.3635139785885624,3.201827837466439,23.786630104357908
0.77,0.539,MCP,0,16.52021826579399,32.60959592775381,0,-0.8386452722181224,-5.229278017555996,0,15.4,30,30,33.283672051030656,77.15898704307038,4.370726124863984,-77.0350961228331,0.4313648134397048,-0.056676054113567124,0.37468875932613793,3.2836720510306563,24.420673998708086
0.78,0.546,MCP,0,16.557031689947458,32.64809821112574,0,-0.8861869740061542,-5.424686588236775,0,15.4,30,30,33.36772959103387,75.34355029350259,4.276096204321651,-75.22210826665881,0.44287439948142987,-0.056785154617529005,0.3860892448639004,3.3677295910338714,25.0673908727315
0.79,0.553,MCP,0,16.594631613684626,32.686292310417706,0,-0.9352320737188511,-5.62510720973807,0,15.4,30,30,33.454095031685945,73.59205336025131,4.182909794527285,-73.47308067196396,0.4545884168759346,-0.05686979998868394,0.39771861688725013,3.454095031685945,25.727018502784375
0.8,0.56,MCP,0,16.63302961879603,32.724148280448894,0,-0.9858137772024474,-5.830643132720768,0,15.4,30,30,33.54286787598162,71.90180277546709,4.09112453955119,-71.78531843186354,0.46650941396738466,-0.05692952174167035,0.409579892225714,3.542867875981621,26.399788033823636
0.81,0.567,MCP,0,16.672237287072214,32.761636176038486,0,-1.0379652903031773,-6.041397607845752,0,15.4,30,30,33.634152650241234,70.27028950398133,4.000699911109724,-70.15631110024668,0.47863973362932577,-0.05696382338395124,0.4216759102453744,3.6341526502412336,27.085922840914254
0.82,0.574,MCP,0,16.71225813686872,32.79870133649553,0,-1.0917135291259124,-6.25744455866347,0,15.4,30,30,33.72802710721379,68.69529149849194,3.911608136124,-68.58383479984323,0.4909801876006919,-0.056972245490484394,0.4340079421102076,3.7280271072137907,27.78551951046786
0.83,0.581,MCP,0,16.75308464939211,32.83533801743741,0,-1.147046249286928,-6.4787405073712385,0,15.4,30,30,33.8245898277408,67.17558928066147,3.8239055728530493,-67.06666490421321,0.5035250183875682,-0.05695482183733763,0.4465701965502311,3.8245898277408017,28.49838424432171
0.84,0.588,MCP,0,16.79471185070948,32.87158964814583,0,-1.2039379158995682,-6.7052126026002705,0,15.4,30,30,33.923979451204914,65.71023974072143,3.737661063891614,-65.60385275694222,0.5162662559908728,-0.056911670340659574,0.4593545856502133,3.9239794512049144,29.22427692721067
0.85,0.595,MCP,0,16.83713476688794,32.907499657902555,0,-1.262362994077178,-6.936787992981786,0,15.4,30,30,34.02633311972988,64.29822415602698,3.6529214167608663,-64.19437510204193,0.5291955348123005,-0.05684277234813133,0.47235276246416946,4.026333119729877,29.962928078686556
0.86,0.602,MCP,0,16.880348423994587,32.94311147598928,0,-1.322295948933101,-7.1733938271470015,0,15.4,30,30,34.131786190504954,62.93846335504492,3.5697134589708535,-62.8371491660401,0.5423040915054225,-0.056747971471805596,0.48555612003361703,4.131786190504954,30.71403785837425
0.01,0.007,PIP,49.60897567369214,59.838117949824316,70.0648263684119,-0.17941875648062355,-0.27310705674838176,-0.4118769953683684,49.574,59.774,69.974,20.400000000000006,20.457237772033825,2319.5047879686863,33.480238944534136,-2319.628130252637,0.00881965748816122,0.006953581984602031,0.01577323947275221,0.05723777203381886,0.6075477336901614
0.02,0.014,PIP,49.63141771687246,59.89015714980996,70.15129810710788,-0.2542855612528179,-0.4045798089570797,-0.6415105499200716,49.574,59.774,69.974,20.400000000000006,20.523777144139864,1216.3419298541362,36.94300820961122,-1216.5300333197372,0.016873361544480405,0.010431803203958838,0.027305164748441982,0.12377714413985785,1.17002790456218
0.03,0.021,PIP,49.6535300415798,59.9414936235337,70.23596953063559,-0.32825428125879424,-0.5350126653354308,-0.8701271866216668,49.574,59.774,69.974,20.400000000000006,20.590102839321702,827.1145075404954,38.17857411554827,-827.3631592099757,0.024893896373004452,0.013873924296229637,0.03876782066923291,0.19010283932169614,1.7289158319114337
0.04,0.028,PIP,49.67518867131638,59.992000543442636,70.3187608323048,-0.4003991218917764,-0.6631580038186757,-1.0961152506718406,49.574,59.774,69.974,20.400000000000006,20.656222320050276,628.3176359481955,38.83669989016919,-628.6245460666506,0.032875445695357455,0.0172508708259161,0.05012631652126789,0.25622232005027,2.283813717146716
0.05,0.035,PIP,49.69626962958445,60.04155108198386,70.3995922054253,-0.4697942885449888,-0.7877682023420551,-1.3178630872692794,49.574,59.774,69.974,20.400000000000006,20.722123099970315,507.74407307463974,39.27099924300927,-508.10682749218336,0.04081214178333522,0.020533972922635927,0.06134611470596804,0.32212309997030886,2.8343123267032353
0.06,0.042,PIP,49.71678460365086,60.090158581052926,70.47848007944373,-0.5365011137148903,-0.9089227631088506,-1.5354683445767003,49.574,59.774,69.974,20.400000000000006,20.78776941807593,426.79667972637696,39.59174748319068,-427.2130641550529,0.048706492823241146,0.023725552620716475,0.07243204544395734,0.3877694180759228,3.3805019382304877
0.07,0.049,PIP,49.73689081639542,60.1379848239491,70.55553155772155,-0.6016758223749025,-1.0281779554703245,-1.7509382713886084,49.574,59.774,69.974,20.400000000000006,20.85311884516084,368.61743597370025,39.83629046643839,-369.08612897682673,0.0565711678561202,0.0268619716247214,0.08343313948083644,0.45311884516083367,3.9230818354139103
0.08,0.056,PIP,49.756682594739836,60.18512564522507,70.63080284444072,-0.6660349586336942,-1.1465013080836894,-1.9655256138513717,49.574,59.774,69.974,20.400000000000006,20.918146516712245,324.7377567736513,40.02714942144785,-325.2580047585857,0.06441550475848304,0.029965685283257704,0.09438119004174245,0.518146516712239,4.462562766607521
0.09,0.063,PIP,49.776254265605736,60.23167687943353,70.70435014378319,-0.730295066599934,-1.2648603496061563,-2.1804831181113586,49.574,59.774,69.974,20.400000000000006,20.9828436276664,290.42485002228204,40.17689070471099,-290.996458664238,0.07224878871782683,0.03305885253127406,0.10530764124910423,0.5828436276663957,4.999470700152273
0.1,0.07,PIP,49.795700155914815,60.27773436112718,70.77622965993092,-0.7951726903822904,-1.3842226086949383,-2.397063530314938,49.574,59.774,69.974,20.400000000000006,21.047217272078797,262.82663645000457,40.29308140450084,-263.449967172585,0.08008022914405953,0.03616334489614641,0.11624357404020404,0.647217272078791,5.53434438833868
0.11,0.077,PIP,49.8146883870113,60.32295999987901,70.84623517129661,-0.8581418630197779,-1.5011845512608784,-2.6108671778151176,49.574,59.774,69.974,20.400000000000006,21.111248655436306,240.2046557177661,40.40071973975971,-240.87825315121808,0.08788859063681699,0.0392014893083981,0.12709007994521393,0.7112486554363002,6.0659002976701135
0.12,0.084,PIP,49.83299218218055,60.36712277027529,70.91422637898268,-0.9174806331416889,-1.6134248394270414,-2.818892323833167,49.574,59.774,69.974,20.400000000000006,21.174881735618204,221.35517092886573,40.51204363831272,-222.07631860980933,0.09566020819284553,0.042121018673704595,0.1377812268665507,0.7748817356181981,6.593282213311447
0.13,0.091,PIP,49.8508635212558,60.41047910438846,70.98035837120544,-0.975111568242106,-1.7235342961689697,-3.0244886183178328,49.574,59.774,69.974,20.400000000000006,21.238110824949004,205.3668737400672,40.616345425124706,-206.13426078002095,0.103415465396966,0.04498112426269224,0.14839658965965843,0.8381108249489984,7.117697661860165
0.14,0.098,PIP,49.86855438407037,60.453285434291026,71.04478623618131,-1.0329572358151131,-1.8341037444622055,-3.2310057112178696,49.574,59.774,69.974,20.400000000000006,21.30097075164361,191.599362561069,40.705888477181254,-192.41310585966454,0.1111745387193253,0.047840252708200894,0.15901479142752586,0.9009707516436052,7.640375503338532
0.15,0.105,PIP,49.886316750457546,60.495798192055496,71.10766506212671,-1.0929402033547937,-1.947724007282291,-3.441793252482026,49.574,59.774,69.974,20.400000000000006,21.363536359649377,179.58989182842026,40.77494196674889,-180.45155331266295,0.11895734298932618,0.050756130896889726,0.16971347388621524,0.9635363596493711,8.162560849063636
0.16,0.112,PIP,49.90440260025062,60.53827380975435,71.16914993725801,-1.1569830383552313,-2.06698590760477,-3.660200892059056,49.574,59.774,69.974,20.400000000000006,21.42592299263342,168.99616034683416,40.8191940731694,-169.9087569490088,0.12678348992462654,0.05378578090818519,0.180569270832812,1.025922992633415,8.685510571966638
0.17,0.119,PIP,49.92113200853435,60.578988064981026,71.22811541464034,-1.212551485997526,-2.1750256788892197,-3.864470088648947,49.574,59.774,69.974,20.400000000000006,21.48758509014651,159.70485034264954,40.89418199252825,-160.662083929265,0.13454560111383293,0.05655284416375377,0.1910984452775858,1.0875850901465043,9.202448475002202
0.18,0.126,PIP,49.93563544978685,60.61705145408241,71.28399725502662,-1.2531039848390269,-2.263036120233917,-4.043227719296803,49.574,59.774,69.974,20.400000000000006,21.54806495564455,151.54533101480035,41.02023379588741,-152.53596145962052,0.14218890685282876,0.05886392053738909,0.20105282739021563,1.1480649556445428,9.709830178150689
0.19,0.133,PIP,49.94938050293144,60.65397248726116,71.33779235816507,-1.2895521424381913,-2.3456929030724516,-4.215401561469044,49.574,59.774,69.974,20.400000000000006,21.607807017674244,144.2343745379179,41.149775729333115,-145.25524859188008,0.14981038387623577,0.061046978638640295,0.21085736251487722,1.207807017674238,10.21379448795215
0.2,0.14,PIP,49.963834746891436,60.69125967471995,71.39049762380382,-1.3328075663534757,-2.4376716988384115,-4.399919392632088,49.574,59.774,69.974,20.400000000000006,21.667459856935494,137.56684028145983,41.24432748093345,-138.62303204742707,0.1575049613162894,0.06342630441876934,0.2209312657350573,1.2674598569354885,10.72050057543074
0.21,0.147,PIP,49.98046576059012,60.73042152666144,71.44310995169106,-1.3937818641433366,-2.5536481789653838,-4.615708990252356,49.574,59.774,69.974,20.400000000000006,21.727879714612403,131.3931906598369,41.27251712136664,-132.4980998032139,0.1653653405134486,0.06632258333692363,0.2316879238503736,1.327879714612397,11.236109167048312
0.22,0.154,PIP,49.999119126321354,60.77144020272976,71.49627656135796,-1.468874404327914,-2.688669931261076,-4.85614850326562,49.574,59.774,69.974,20.400000000000006,21.789647433273853,125.72056863288388,41.252959417267846,-126.88484654392182,0.1733180788968726,0.06962448604449133,0.2429425649413637,1.389647433273847,11.757468929358073
0.23,0.161,PIP,50.01856095283545,60.81310780241285,71.54947897971992,-1.547873769331029,-2.8289562276479105,-5.103366710772294,49.574,59.774,69.974,20.400000000000006,21.852412853835883,120.55939048538674,41.22216051288239,-121.78592919899918,0.1812584881679927,0.07302810638692835,0.25428659455492075,1.4524128538358774,12.278413056098403
0.24,0.168,PIP,50.03863960874038,60.85514774567906,71.60196556760135,-1.6317753875666603,-2.9759402657315515,-5.359417335485761,49.574,59.774,69.974,20.400000000000006,21.915836335260437,115.81487467334595,41.180287694672366,-117.10737799248645,0.18923161983358106,0.07656194486542596,0.26579356469900667,1.5158363352604312,12.800661202066262
0.25,0.175,PIP,50.059203462644184,60.89728345249681,71.65298468582671,-1.7215746874487885,-3.1310552431176673,-5.626354100119407,49.574,59.774,69.974,20.400000000000006,21.979616902474426,111.4112017678251,41.12762228082273,-112.77418715984211,0.19728372509865527,0.08025383284325546,0.2775375579419107,1.5796169024744202,13.326058893117043
0.26,0.182,PIP,50.080100883154856,60.93923834283447,71.70178469522043,-1.8182670973913932,-3.2957343574119218,-5.906230727386617,49.574,59.774,69.974,20.400000000000006,22.04349458376282,107.28733948520579,41.06456036128581,-108.72613978650787,0.20546221660014666,0.08413093948663006,0.28959315608677844,1.6434945837628128,13.856576876393357
0.27,0.189,PIP,50.10118023888043,60.98073583666043,71.74761395660695,-1.9228480458084547,-3.471410806219983,-6.201100940000776,49.574,59.774,69.974,20.400000000000006,22.1072533966622,103.39398133783467,40.991614169388065,-104.91474667339011,0.2138156700284889,0.08821976773527958,0.30203543776376873,1.7072533966621926,14.39431225226846
0.28,0.196,PIP,50.1235390223692,61.02334099664843,71.7928854044093,-2.0381393364818106,-3.6619010022025216,-6.515992304618559,49.574,59.774,69.974,20.400000000000006,22.172819901373625,99.71972461189745,40.902619866997036,-101.33062710168363,0.22235139524972386,0.09260064075001716,0.31495203599973953,1.7728199013736194,14.942166840323999
0.29,0.203,PIP,50.14769484413357,61.067837408372675,71.83910941589149,-2.164203162618188,-3.8672013527333204,-6.850719288562483,49.574,59.774,69.974,20.400000000000006,22.241336970402546,96.27462337880739,40.79748921651281,-97.98370410815859,0.2310197245113135,0.09727347735972315,0.32829320187103717,1.8413369704025406,15.499068844304437
0.3,0.21,PIP,50.172626249727664,61.11277627615225,71.88418051613937,-2.297895536768898,-4.083015047487709,-7.199515965544693,49.574,59.774,69.974,20.400000000000006,22.31139003983477,93.04613383053464,40.68500832798459,-94.85905438312724,0.23978846966893444,0.10214434237052945,0.34193281203946346,1.9113900398347639,16.061425448687025
0.31,0.217,PIP,50.19731178470561,61.15670880430619,71.92599323023882,-2.436072471485252,-4.305045276141021,-7.556616409277334,49.574,59.774,69.974,20.400000000000006,22.38148279709466,90.0189206790301,40.572891479009435,-91.93901440076944,0.24863087257952896,0.10712027217037912,0.35575114474990815,1.9814827970946531,16.625907543466244
0.32,0.224,PIP,50.22072999462156,61.198186197153596,71.96244208327577,-2.575589979318563,-4.528995228368584,-7.916254693472552,49.574,59.774,69.974,20.400000000000006,22.450034269228265,87.17583302619552,40.46796609251966,-89.20416182533816,0.2575258932424797,0.11210932159970735,0.36963521484218703,2.0500342692282594,17.189478952747372
0.33,0.231,PIP,50.24411175235425,61.23897223348726,71.9958796093926,-2.7213518160577572,-4.761677574221574,-8.28791822013484,49.574,59.774,69.974,20.400000000000006,22.519372607831297,84.47558091100392,40.362274031014174,-86.61695988644884,0.26657848771180087,0.11724707557697216,0.38382556328877276,2.1193726078312913,17.760343410349996
0.34,0.238,PIP,50.26884459565467,61.28105575901939,72.02912127089024,-2.8780176310409358,-5.009513117678132,-8.680389541266464,49.574,59.774,69.974,20.400000000000006,22.592154170520143,81.90097374424056,40.247801009828876,-84.1636140531978,0.27584719860682816,0.12266298056772498,0.39851017917455334,2.192154170520137,18.34464754431253
0.35,0.245,PIP,50.29414206738525,61.32332557844809,72.0607559850923,-3.042077277143168,-5.267617249304034,-9.086845455576217,49.574,59.774,69.974,20.400000000000006,22.667137821926104,79.46426333065396,40.130168491129304,-81.85364234106437,0.28524945518726125,0.12825757085138115,0.4135070260386421,2.2671378219260987,18.936603456489454
0.36,0.252,PIP,50.31921771040844,61.36467049647156,72.08937266932244,-3.2100206072395245,-5.531105359665057,-9.5004627617729,49.574,59.774,69.974,20.400000000000006,22.742958317171663,77.17111846300337,40.01435758890913,-79.69002703184198,0.29470815986779914,0.13393265439790467,0.42864081426570416,2.3429583171716573,19.53059801625884
0.37,0.259,PIP,50.34328506758666,61.40397931778793,72.11356024090428,-3.378337474205077,-5.795092839326981,-9.914418258565302,49.574,59.774,69.974,20.400000000000006,22.818122616257543,75.02206049283097,39.904833382944155,-77.6706539478309,0.3041521715927546,0.13959132818145337,0.4437434997742082,2.4181226162575378,20.121232508066374
0.38,0.266,PIP,50.36555768178237,61.44014084709534,72.13190761716143,-3.543517730914895,-6.05469507885558,-10.321888744662228,49.574,59.774,69.974,20.400000000000006,22.89101053404507,73.01372088468615,39.8056616042357,-75.78956974940425,0.3135165590341283,0.14513794586683793,0.45865450490096654,2.4910105340450635,20.70335070792608
0.39,0.273,PIP,50.386833205235114,61.47449171363554,72.14641464763059,-3.7075508739710035,-6.312847018923213,-10.727679078767132,49.574,59.774,69.974,20.400000000000006,22.963628497895975,71.11101109015526,39.7167773058399,-74.01349518430628,0.3229264799621883,0.15061669291240323,0.47354317287459097,2.5636284978959694,21.285601638098
0.4,0.28,PIP,50.40816095190307,61.50856904475024,72.15911097634213,-3.87472664245905,-6.575563743563732,-11.140394327401514,49.574,59.774,69.974,20.400000000000006,23.03834631159278,69.29054955532887,39.63296641739139,-72.32233756075857,0.332489011264033,0.1561411006882035,0.4886301119522371,2.638346311592773,21.876291849471265
0.41,0.287,PIP,50.429131957226666,61.54156239228764,72.16863021236031,-4.0449852529795365,-6.842580858385161,-11.558911601001231,49.574,59.774,69.974,20.400000000000006,23.113971119038013,67.56080201193284,39.550750292415586,-70.72423825457135,0.34212102921684584,0.16172017243337036,0.5038412016502163,2.713971119038007,22.47002786449555
0.42,0.294,PIP,50.449337256646345,61.57266130809595,72.1736059647494,-4.2182669221329725,-7.113633968995534,-11.982108010002158,49.574,59.774,69.974,20.400000000000006,23.18927773191709,65.92634293100389,39.46717560145183,-69.22345761976496,0.3517452462998918,0.16736251363962823,0.5191077599395194,2.7892777319170854,23.061545039119466
0.43,0.301,PIP,50.468367885602476,61.60105534402336,72.17267184257364,-4.39451186651986,-7.388458681002868,-12.408860664840144,49.574,59.774,69.974,20.400000000000006,23.263009829790114,64.38868699241434,39.379766413664136,-67.82120916350699,0.3612903277951722,0.17307630698009258,0.5343666347752647,2.8630098297901085,23.64572330117715
0.44,0.308,PIP,50.48678827206529,61.627963716625196,72.16812526067454,-4.571547884840005,-7.664323669183254,-12.836484073969473,49.574,59.774,69.974,20.400000000000006,23.33669622522575,62.93360824804599,39.29484185702646,-66.50198775540302,0.37081452779962487,0.17878833643226114,0.5496028642318855,2.936696225225745,24.22667453178039
0.45,0.315,PIP,50.50517507685717,61.654586024223065,72.16210721921226,-4.74838659795809,-7.940136158811667,-13.264588030824878,49.574,59.774,69.974,20.400000000000006,23.41209868400822,61.545591525688025,39.2169181060745,-65.24991625472312,0.38040252930604185,0.18445715572298738,0.5648596850290294,3.0120986840082153,24.81060159545484
0.46,0.322,PIP,50.52313768469681,61.680082391314556,72.1530167052291,-4.9267439557219435,-8.218089581244465,-13.695492573312919,49.574,59.774,69.974,20.400000000000006,23.488319198577067,60.221824814252194,39.14156810476827,-64.06326446425142,0.39003001438472323,0.19013768453260016,0.5801676989173238,3.088319198577061,25.395732229461444
0.47,0.329,PIP,50.540285480302956,61.703612942397314,72.13925270576739,-5.108335907979391,-8.500377367838004,-14.131517739340158,49.574,59.774,69.974,20.400000000000006,23.564502657712737,58.95894930709601,39.064884918384166,-62.9397537130119,0.3996764347847126,0.19588403110595676,0.5955604658906698,3.164502657712731,25.980421813087972
0.48,0.336,PIP,50.55622784839431,61.72433780196894,72.11921420786935,-5.294878404578258,-8.789192949948642,-14.574983566813154,49.574,59.774,69.974,20.400000000000006,23.63983865139588,57.75323676451711,38.98342367662682,-61.8767355708139,0.4093249136457043,0.20174949387247904,0.6110744075181831,3.239838651395875,26.563153099785005
0.49,0.343,PIP,50.570574173689565,61.74141709452703,72.09130019857729,-5.488087395366369,-9.086729758932737,-15.028210093638457,49.574,59.774,69.974,20.400000000000006,23.71356379850279,56.60072731110168,38.89415000519145,-60.871329001316134,0.41896217460533597,0.20778657808204923,0.6267487526873855,3.313563798502784,27.142535831492886
0.5,0.35,PIP,50.58427896342809,61.75659248834944,72.05853049233737,-5.686168475345242,-9.390802583783625,-15.489276087735222,49.574,59.774,69.974,20.400000000000006,23.78770612297961,55.496952003199496,38.80189485347906,-59.91795902600887,0.4286308574497606,0.2139350421550952,0.642565899604856,3.387706122979605,27.72228561799951
0.51,0.357,PIP,50.598056508119896,61.77128272440502,72.02349473861237,-5.8869210942618935,-9.698640083483065,-15.955405969862559,49.574,59.774,69.974,20.400000000000006,23.863883784109262,54.43888072778084,38.71128538474494,-59.012210807862964,0.4383610291960177,0.22012413315160384,0.6584851623476214,3.4638837841092567,28.305341442714706
0.52,0.364,PIP,50.61115586738976,61.784163536227936,71.98394667696952,-6.091451984082397,-10.011556494370055,-16.42763825718696,49.574,59.774,69.974,20.400000000000006,23.94077513453253,53.424036906715514,38.619558615261084,-58.15227520800809,0.4481274070758798,0.22638958949632412,0.6745169965722034,3.540775134532524,28.889387643442568
0.53,0.371,PIP,50.622826100862426,61.79391065735231,71.93764004697606,-6.300867876772828,-10.330866052783586,-16.907011466874906,49.574,59.774,69.974,20.400000000000006,24.017086718992523,52.44933205663359,38.524318730794455,-57.335743722643386,0.45791024932518537,0.2327665868393214,0.6906768361645061,3.6170867189925175,29.47230644797622
0.54,0.378,PIP,50.63231626816264,61.79919982131227,71.88232858819923,-6.516275504299256,-10.657882995062646,-17.394564116092898,49.574,59.774,69.974,20.400000000000006,24.091556102599586,51.51121920283628,38.423504336604694,-56.55976274272517,0.46769531910580503,0.23928975281812442,0.7069850719239297,3.6915561025995807,30.05218303018911
0.55,0.385,PIP,50.64083654509536,61.80237484058079,71.82224015675665,-6.733622345041793,-10.987396066170357,-17.884700772649733,49.574,59.774,69.974,20.400000000000006,24.166330693493478,50.60872721977287,38.32456334843304,-55.82081706373148,0.4775131093210278,0.2458312161686508,0.7233443254896793,3.7663306934934724,30.63171832361033
0.56,0.392,PIP,50.64952011199972,61.805526787953895,71.76103430025937,-6.950229500054275,-11.316050704959094,-18.374122475206136,49.574,59.774,69.974,20.400000000000006,24.243440116746687,49.7415234318184,38.232120334823385,-55.11689158174642,0.4873883718092713,0.252306927497039,0.7396952993063107,3.843440116746681,31.213851501416702
0.57,0.399,PIP,50.65750053530171,61.806952287450265,71.69561229551461,-7.1692641353133615,-11.647946188601736,-18.867312447206455,49.574,59.774,69.974,20.400000000000006,24.321548282229106,48.90654495065877,38.140550968676024,-54.44691332134371,0.4973066142122047,0.2588159143015173,0.756122528513722,3.9215482822291,31.797343093815066
0.58,0.406,PIP,50.663911381427354,61.804947963088644,71.62287541932969,-7.393893416795719,-11.987181794271176,-19.368753912095066,49.574,59.774,69.974,20.400000000000006,24.399425110097553,48.10055034066062,38.04476747605164,-53.80962512674343,0.5072587514549101,0.26545593716595495,0.7727146886208647,3.9994251100975475,32.38116614652985
0.59,0.413,PIP,50.66788621680265,61.79781043888774,71.53972494851189,-7.627284510478006,-12.33785679914029,-19.88293009331633,49.574,59.774,69.974,20.400000000000006,24.475951039916634,47.32021692922067,37.940165648813974,-53.20368256222954,0.5172408883189736,0.27232350219680906,0.7895643905157826,4.075951039916628,32.964500608946125
0.6,0.42,PIP,50.66855860785362,61.7838363388663,71.4430621598685,-7.872604582336892,-12.704070480381974,-20.414324214314608,49.574,59.774,69.974,20.400000000000006,24.550123880065122,46.562214741209644,37.822581575960974,-52.62772401802388,0.5272542128099668,0.279513898290381,0.8067681111003479,4.150123880065117,33.54672944809479
0.61,0.427,PIP,50.66831292820405,61.76722124496811,71.33975512976768,-8.125850690374712,-13.080878182196678,-20.958544050782255,49.574,59.774,69.974,20.400000000000006,24.626002347966683,45.827062807340724,37.70083765839897,-52.07996620502186,0.5373681148079604,0.28688451325493863,0.8242526280628989,4.226002347966677,34.13293590950602
0.62,0.434,PIP,50.6687964468421,61.75104211336133,71.23515435607294,-8.382559318729571,-13.462577980550893,-21.509682410129784,49.574,59.774,69.974,20.400000000000006,24.70623509749921,45.11709068876902,37.58203873067641,-51.55996828102125,0.5476025763259005,0.2942917186426586,0.8418942949685586,4.306235097499204,34.72558887717768
0.63,0.441,PIP,50.668037073240285,61.73191762940128,71.12388474783458,-8.645206772581785,-13.85213325026657,-22.06995006337884,49.574,59.774,69.974,20.400000000000006,24.78785975364711,44.43082271657736,37.46027354378788,-51.06752389248925,0.5578978339376695,0.3018277078241455,0.8597255417618151,4.387859753647103,35.320658504865804
0.64,0.448,PIP,50.66406271687111,61.70646647844323,71.0005712141029,-8.916269357111677,-14.252507366165645,-22.64155778155104,49.574,59.774,69.974,20.400000000000006,24.86800241284906,43.765777442781896,37.33028587614069,-50.601442624506376,0.5682065729407129,0.30958371998263096,0.8777902929233438,4.468002412849053,35.914605524200404
0.65,0.455,PIP,50.65490128720714,61.67130734584247,70.85983866392822,-9.19822337749956,-14.66666370307006,-23.22671633566802,49.574,59.774,69.974,20.400000000000006,24.943887078667192,43.11866741654634,37.18742899160553,-50.15975007934428,0.5784939232397344,0.3176500904021308,0.896144013641865,4.543887078667186,36.504393474364186
0.66,0.462,PIP,50.64209921760468,61.62902483450915,70.70557499305914,-9.489553189146465,-15.09290613887243,-23.824566354234754,49.574,59.774,69.974,20.400000000000006,25.01825097149539,42.48784010440663,37.03656950573142,-49.74009502397097,0.5888332028650386,0.32596353398018696,0.9147967368452257,4.618250971495385,37.094518180143766
0.67,0.469,PIP,50.627875320791524,61.58339283749075,70.54368986044479,-9.787684632906966,-15.528206826999046,-24.433041657466973,49.574,59.774,69.974,20.400000000000006,25.094810454142227,41.87451031612526,36.88358782730932,-49.342319955607,0.599286063638542,0.3344245230939386,0.9337105867324802,4.694810454142221,37.68968583653843
0.68,0.476,PIP,50.611266075297365,61.53281397534848,70.37184081993614,-10.093506242141704,-15.973531555572386,-25.052542803952445,49.574,59.774,69.974,20.400000000000006,25.1723587359823,41.27877368537454,36.72598693992862,-48.966841322904486,0.609813627891303,0.3430683180860588,0.9528819459773616,4.772358735982294,38.287695968815
0.69,0.483,PIP,50.591307959651935,61.47569086864365,70.18768542538429,-10.407906550211315,-16.429846112714927,-25.68347035227895,49.574,59.774,69.974,20.400000000000006,25.24971948017359,40.70023982192078,36.561521207483366,-48.61359467711909,0.6203825724529102,0.3519300181060966,0.9723125905590068,4.849719480173583,38.886539705004196
0.7,0.49,PIP,50.567037452384916,61.4104261379375,69.98888123064022,-10.731774090476433,-16.89811628654913,-26.326224861034245,49.574,59.774,69.974,20.400000000000006,25.32575113398269,40.13811131959777,36.38818363616729,-48.282114764866506,0.6309651924657745,0.36104456303370336,0.9920097554994778,4.925751133982683,39.484408510700696
0.71,0.497,PIP,50.53749103202603,61.33542240379133,69.77308578955501,-11.065997396297705,-17.379307865197486,-26.98120688880611,49.574,59.774,69.974,20.400000000000006,25.399351668237777,39.59125446243926,36.204193335905195,-47.97160682174946,0.6415394514042103,0.37044675273160815,1.011986204135818,4.999351668237772,40.07970172382751
0.72,0.504,PIP,50.50357380003766,61.2521683591177,69.54246097344539,-11.409851888274098,-17.872664634689535,-27.648241077290997,49.574,59.774,69.974,20.400000000000006,25.472276415235825,39.0588721137239,36.01208254939313,-47.68094467755647,0.652150844014919,0.38010355336715745,1.0322543973820761,5.0722764152358195,40.675252321048276
0.73,0.511,PIP,50.46664772488062,61.16292761094864,69.30033844461356,-11.762035383824198,-18.37675712472791,-28.326676708604648,49.574,59.774,69.974,20.400000000000006,25.54689784087429,38.54102777639065,35.81520098700428,-47.409558867899335,0.6628494182639243,0.38996057114494426,1.0528099894088685,5.146897840874285,41.274452255956774
0.74,0.518,PIP,50.42643458558237,61.0672651510246,69.0461304433887,-12.122570011538075,-18.891541238944708,-29.016201301963804,49.574,59.774,69.974,20.400000000000006,25.623075512694125,38.03758378039297,35.61318414806836,-47.15720132579491,0.6736252139627732,0.40002048296764176,1.073645696930415,5.22307551269412,41.876729629861146
0.75,0.525,PIP,50.38265616117035,60.96474597108601,68.77924921010006,-12.4914779000058,-19.416972880972043,-29.716502376585186,49.574,59.774,69.974,20.400000000000006,25.700673961561385,37.548306965049214,35.40570376076418,-46.923530594225625,0.684469581690704,0.4102859655785485,1.0947555472692518,5.30067396156138,42.48155567560773
0.76,0.532,PIP,50.33503423067201,60.85493506287332,68.4991069850768,-12.86878117781743,-19.953007954442,-30.42726745168552,49.574,59.774,69.974,20.400000000000006,25.77956364022453,37.07288293581951,35.192466932597405,-46.70812669152764,0.6953752068554813,0.4207596893032227,1.1161348961587043,5.379563640224525,43.08844811224279
0.77,0.539,PIP,50.2837691276692,60.73816109286793,68.20618004948233,-13.25432944966654,-20.499492399340053,-31.148474989190426,49.574,59.774,69.974,20.400000000000006,25.860402466031374,36.61125498170999,34.97391995128935,-46.510795129775815,0.7063511611101707,0.4314334121566788,1.1377845732668492,5.460402466031368,43.698140036078925
0.78,0.546,PIP,50.22916761290055,60.614907716305,67.90113016362753,-13.648062880102609,-21.056425970211407,-31.880404934451107,49.574,59.774,69.974,20.400000000000006,25.944067132100685,36.16355256704952,34.750475092394325,-46.33158490765311,0.7174092502112103,0.4422998566492177,1.159709106860428,5.544067132100679,44.31166149147901
0.79,0.553,PIP,50.17111110612866,60.484972408055626,67.58364778656299,-14.050139437499585,-21.623995292527805,-32.623197031822706,49.574,59.774,69.974,20.400000000000006,26.030772049540744,35.72970629998381,34.5218095552878,-46.17040209604508,0.7285470479658698,0.453363063153375,1.1819101111192443,5.630772049540738,44.92900102997575
0.8,0.56,PIP,50.109481027116125,60.348152642990904,67.25342337733922,-14.46071709023141,-22.20238699176098,-33.37699102566036,49.574,59.774,69.974,20.400000000000006,26.120746148733335,35.30967188496243,34.28759313589614,-46.02716751123016,0.7397617920051406,0.4646269712150511,1.2043887632201915,5.72074614873333,45.55012987870043
0.81,0.567,PIP,50.04415879562552,60.20424589598189,66.9101473950068,-14.879953806672026,-22.791787693382645,-34.14192666031916,49.574,59.774,69.974,20.400000000000006,26.21423309558304,34.90343020483331,34.0474870847038,-45.901816004752064,0.7510503392286348,0.47609540649358034,1.2271457457222152,5.814233095583035,46.17499922320829
0.82,0.574,PIP,49.97499240701395,60.053006877132155,66.5534729862829,-15.307928520212055,-23.392265923216094,-34.91795871707019,49.574,59.774,69.974,20.400000000000006,26.31140285332369,34.51095567583998,33.80117356822075,-45.79421471301832,0.762407251206418,0.4877704538140306,1.2501777050204486,5.911402853323683,46.80339110521831
0.83,0.581,PIP,49.901994693408206,59.89446543611909,66.1834614037161,-15.744555865826886,-24.003707158571206,-35.70494829343743,49.574,59.774,69.974,20.400000000000006,26.41265290357605,34.1324215411432,33.548596664768155,-45.70433846148616,0.7738288615631402,0.4996476086516069,1.2734764702147474,6.012652903576043,47.43528836346243
0.84,0.588,PIP,49.825294329725445,59.72883175717456,65.80041526510408,-16.189747364267646,-24.62602345214969,-36.502894608155444,49.574,59.774,69.974,20.400000000000006,26.518577744374383,33.76817254213959,33.28975618909462,-45.632326314411486,0.785312788581663,0.5117206435671372,1.2970334321487997,6.118577744374377,48.07085136847424
0.85,0.595,PIP,49.74501999088286,59.55631602453047,65.40463718824456,-16.64341453628547,-25.259126856653232,-37.3117968799588,49.574,59.774,69.974,20.400000000000006,26.629768382926255,33.41860681218457,33.02459142250681,-45.57835102761413,0.796854534738322,0.5239832218171698,1.320837756555492,6.229768382926249,48.71013646828395
0.86,0.602,PIP,49.66130035179761,59.37712842241867,64.9964297909352,-17.10546890263148,-25.902929424783526,-38.13165432758206,49.574,59.774,69.974,20.400000000000006,26.746810588939603,33.08416519848493,32.75298453148185,-45.542607348704095,0.808447498326615,0.5364288849716222,1.3448763832982373,6.346810588939597,49.35309193997199
0.01,0.007,DIP,83.65601937719835,91.67678095967223,99.69330809670701,-0.6382918756344452,-0.7990391762012272,-0.9859424179535685,83.583,91.583,99.583,16,16.04108501736985,2451.4174997833743,38.546488095468675,-2451.640717095102,0.006543595702807604,0.01840244570478098,0.02494604140756714,0.04108501736984849,0.5509237951630745
0.02,0.014,DIP,83.73810827273239,91.79163673991998,99.84110592840746,-1.042405603782365,-1.335569605191147,-1.6885417534064182,83.583,91.583,99.583,16,16.11610415356841,1083.5924890541883,48.34639242763508,-1084.0567678281209,0.014872845941960453,0.03266727270834084,0.04754011865029615,0.1161041535684113,1.2070378913738014
0.03,0.021,DIP,83.81638060643944,91.9004805785562,99.97944785862512,-1.444210780903089,-1.8696261238845366,-2.388373517686978,83.583,91.583,99.583,16,16.190980075657965,701.1282127720045,51.014057247673485,-701.8046739190875,0.02309275219669845,0.04680214128869034,0.0698948934853811,0.19098007565796493,1.8543063361095018
0.04,0.028,DIP,83.89086912589347,92.0034377617144,100.10858589733999,-1.8416275193003413,-2.398842496320622,-3.0828100270497143,83.583,91.583,99.583,16,16.265803380447075,521.0173410877707,52.246075597648236,-521.897082982201,0.031219312866799447,0.060773949911915606,0.09199326277871572,0.26580338044707474,2.493353023386711
0.05,0.035,DIP,83.96160657866852,92.10063357552801,100.22877205453213,-2.232575931277846,-2.920852486538631,-3.7692235977490958,83.583,91.583,99.583,16,16.34063239863915,416.1356851963448,52.967464930643,-417.21242083622445,0.03926755858712085,0.0745498900060564,0.11381744859318593,0.3406323986391513,3.1248208171875076
0.06,0.042,DIP,84.0286148345402,92.1920944989004,100.34003875621308,-2.617180696466035,-3.435795669791006,-4.447769225439242,83.583,91.583,99.583,16,16.415350360971,347.4369867724998,53.44644848082665,-348.70559552520314,0.04724698574397809,0.08813625820749783,0.13538324395148182,0.41535036097100075,3.7490668713912987
0.07,0.049,DIP,84.09186867672102,92.27768665999054,100.44210315829065,-2.99803158889821,-3.9466171106724746,-5.121717715376394,83.583,91.583,99.583,16,16.48966799601172,298.93360569524236,53.777419709050804,-300.3905916803456,0.05516164018314705,0.10158325400817392,0.15674489419132204,0.4896679960117183,4.366127795711676
0.08,0.056,DIP,84.1513302229403,92.3572948188153,100.53474436558943,-3.376746362482405,-4.455158807235688,-5.793115098218215,83.583,91.583,99.583,16,16.56338965804041,262.8352897202493,54.01170576488902,-264.47824494082266,0.06301813457268153,0.11492395785698836,0.1779420924296701,0.5633896580404105,4.9762270754125675
0.09,0.063,DIP,84.20696159092739,92.43080373539166,100.61774148293387,-3.754942771126652,-4.963262757533297,-6.4640074046223575,83.583,91.583,99.583,16,16.636357690114906,234.89860530611958,54.17745070903848,-236.72614968510274,0.07082356946493754,0.12819111647274747,0.19901468593768418,0.636357690114906,5.579640722177232
0.1,0.07,DIP,84.25872489841159,92.49809816973645,100.69087361514855,-4.134238568738984,-5.472770959617955,-7.136440665246481,83.583,91.583,99.583,16,16.708452123263715,212.6151255219995,54.29142739984577,-214.6268813887864,0.07858543498371603,0.14141710735603188,0.2200025423397498,0.7084521232637151,6.176688575937855
0.11,0.077,DIP,84.30672904871874,92.55954582209,100.75486417103839,-4.508955987918178,-5.97722272421219,-7.803241071067754,83.583,91.583,99.583,16,16.779996242583785,194.38160467559112,54.39308160668693,-196.57504339788133,0.08632502170454034,0.15450533874514247,0.24083036044968087,0.7799962425837847,6.768754814473253
0.12,0.084,DIP,84.35105048163027,92.61540113248229,100.81021181496037,-4.875220513630758,-6.472208545660632,-8.459511667747103,83.583,91.583,99.583,16,16.85112524484525,179.15621517258114,54.501598643711496,-181.52730699986495,0.09405827885241137,0.1673919383342142,0.26145021718662714,0.8511252448452495,7.356951148454497
0.13,0.091,DIP,84.39160261955892,92.66537897061473,100.85635853506692,-5.237354778336362,-6.962647197449056,-9.110713767967797,83.583,91.583,99.583,16,16.921531432011122,166.24632369556542,54.60285634035757,-168.79306619620183,0.10178589851405237,0.18015736225551726,0.2819432607695716,0.9215314320111219,7.94125849406262
0.14,0.098,DIP,84.4282988849174,92.70919420618874,100.89274631951047,-5.599681414494636,-7.453457453063245,-9.762308684413119,83.583,91.583,99.583,16,16.99099438664789,155.1551531687618,54.687024096982555,-157.87764478677803,0.10950970070692292,0.19288105497656738,0.3023907556834877,0.9909943866478912,8.521701686052149
0.15,0.105,DIP,84.46105270011847,92.74656170890576,100.9188171564435,-5.966523054565223,-7.949558085988981,-10.41975772976634,83.583,91.583,99.583,16,17.059380457424584,145.517574108952,54.747082020628966,-148.41807383942952,0.11723244124899908,0.205641378040481,0.32287381928948045,1.0593804574245844,9.098335886820365
0.16,0.112,DIP,84.4897774875749,92.77719634846724,100.93401303401849,-6.342202331007766,-8.45586786971205,-11.088522216710748,83.583,91.583,99.583,16,17.126643200850822,137.05959100359078,54.77790167145324,-140.14256078179423,0.12495764123797892,0.21851555048243793,0.3434731917204152,1.1266432008508218,9.671233964429367
0.17,0.119,DIP,84.5147984134817,92.80261305249411,100.94148840878934,-6.698646615881368,-8.940460494102336,-11.733150382371148,83.583,91.583,99.583,16,17.1934915330037,129.53164708035203,54.85510249769085,-132.78889220820184,0.13273583653528398,0.23102606037612677,0.36376189691141086,1.1934915330037015,10.244842629169858
0.18,0.126,DIP,84.53633442708932,92.82367345406485,100.94298941264526,-7.021180582004486,-9.38664178180588,-12.33510454023097,83.583,91.583,99.583,16,17.25996829439385,122.76527639139145,55.0055016526295,-126.18175712937449,0.14059324266388531,0.2429294749779315,0.38352271764181767,1.2599682943938504,10.821853361707705
0.19,0.133,DIP,84.55413962539359,92.83911248106727,100.93584554674162,-7.3342228129757965,-9.822178705472671,-12.925217117511416,83.583,91.583,99.583,16,17.325435881428508,116.66879685352943,55.16467355520807,-120.24067720491715,0.14850102468425674,0.2546483453030907,0.40314936998734835,1.3254358814285077,11.39970848029053
0.2,0.14,DIP,84.56796810539034,92.84766506138912,100.91738631223373,-7.662191892393974,-10.274838237752714,-13.534320541433681,83.583,91.583,99.583,16,17.389696867856383,111.16297335297692,55.281900408506026,-114.89806687613329,0.15643425453040646,0.2665985075652107,0.42303276209561724,1.389696867856383,11.97580300834505
0.21,0.147,DIP,84.5775739640754,92.8480661229182,100.88494121027696,-8.029506403857688,-10.772387351295999,-14.193247239218959,83.583,91.583,99.583,16,17.452997710313568,106.18049271222128,55.31677684654142,-110.09861428991982,0.16437103713217882,0.27918886872396886,0.44355990585614763,1.4529977103135678,12.54742905849427
0.22,0.154,DIP,84.58485450677226,92.84330075088693,100.84309978550104,-8.427766110994419,-11.305293456891883,-14.89176854186514,83.583,91.583,99.583,16,17.5177845885504,101.63835184676671,55.302661343475336,-105.75662991651981,0.17235407963876453,0.29224400804879225,0.4645980876875559,1.5177845885503984,13.11903066285955
0.23,0.161,DIP,84.59080957209626,92.83564043066083,100.79592949374187,-8.833977209352758,-11.847418799563446,-15.601011731807187,83.583,91.583,99.583,16,17.585124357364673,97.46767174454564,55.288062530101016,-101.79254890177572,0.18042007203633392,0.3053643393915615,0.48578441142789536,1.5851243573646734,13.69517526435428
0.24,0.168,DIP,84.59384705698089,92.82274969032713,100.73997670296407,-9.25066793041305,-12.401622603311266,-16.32384316342193,83.583,91.583,99.583,16,17.65359670326704,93.6297545545216,55.26396398186858,-98.16798287379287,0.18854686512060828,0.3186174249873596,0.5071642901079673,1.6535967032670413,14.273448730622732
0.25,0.175,DIP,84.59237485835969,92.80229305797322,100.6717877811323,-9.680366505655645,-12.970764092135932,-17.063129191086194,83.583,91.583,99.583,16,17.721857631804436,90.08608424970862,55.22415530612689,-94.84497333136376,0.19672136689481826,0.33207115535701476,0.5287925222518324,1.7218576318044363,14.85174169153018
0.26,0.182,DIP,84.58480087316619,92.77193506168632,100.58790909621115,-10.125601166560894,-13.557702490038034,-17.821736169176813,83.583,91.583,99.583,16,17.788646594090856,86.79953348230316,55.16466562820135,-91.78718733113062,0.20493942628986175,0.34579366784851295,0.5507330941383753,1.7886465940908565,15.428255896573766
0.27,0.189,DIP,84.56953299833393,92.72934022955381,100.48488701616529,-10.58890014460915,-14.165297021018162,-18.60253045207062,83.583,91.583,99.583,16,17.85279460120163,83.73503810487706,55.08333319471302,-88.96058270640032,0.21320578583652441,0.35985330338751814,0.5730590892240432,1.85279460120163,16.00150910813838
0.28,0.196,DIP,84.54978614578779,92.67858127075785,100.36820369250226,-11.077646127221756,-14.802444739741434,-19.416664017771716,83.583,91.583,99.583,16,17.918512699927998,80.86608938083893,54.97918878848892,-86.34320387897391,0.22158253029326971,0.37435646734830547,0.595938997641575,1.918512699927998,16.57863897123121
0.29,0.203,DIP,84.52813980614663,92.62323104747507,100.24297303549352,-11.591991094455842,-15.469486907424049,-20.26522221715738,83.583,91.583,99.583,16,17.989053374845234,78.18386673170029,54.856481409396686,-83.92669718431877,0.230086514351834,0.3892679870916729,0.6193545014435085,1.9890533748452341,17.164020823595713
0.3,0.21,DIP,84.50204874438471,92.5602043172846,100.10518905124945,-12.123617216745435,-16.156449057893187,-21.135971463914192,83.583,91.583,99.583,16,18.061733510270646,75.6751355047926,54.72303703373256,-81.69327004903693,0.23867461075278512,0.4044478064457783,0.6431224171985629,2.0617335102706456,17.75273219213335
0.31,0.217,DIP,84.46896772547639,92.48641583776545,99.95084574588049,-12.664206664524558,-16.85335672497605,-22.01667817172874,83.583,91.583,99.583,16,18.133670963686164,73.31997429065478,54.58795892828324,-79.618996958008,0.2473223857362624,0.4197613615277035,0.6670837472639659,2.133670963686164,18.34055265058915
0.32,0.224,DIP,84.426351514396,92.39878036649671,99.77593712549705,-13.205441608227241,-17.550235442499822,-22.8951087542876,83.583,91.583,99.583,16,18.201791034860065,71.09386143318339,54.4615062525531,-77.675940147594,0.25602479128196987,0.43507992004105017,0.6911047113230193,2.201791034860065,18.92404394465903
0.33,0.231,DIP,84.37630837435546,92.29949650160589,99.58299743480012,-13.760929388085676,-18.263517201809922,-23.791343152519836,83.583,91.583,99.583,16,18.270182927913215,68.97716438897602,54.33253308672353,-75.85135355808228,0.26487291975187616,0.45066160870661065,0.715534528458487,2.270182927913215,19.51218098411698
0.34,0.238,DIP,84.321945343606,92.19218802032839,99.37659778463325,-14.343352220314577,-19.008480279993673,-24.72412337494386,83.583,91.583,99.583,16,18.34397862031052,66.97157351940366,54.18761726626814,-74.1523309023842,0.2739069377695855,0.46671718505108684,0.7406241228206728,2.3439786203105193,20.112144752740498
0.35,0.245,DIP,84.26221534968089,92.07590744890491,99.155787480320555,-14.94300458932173,-19.77341963949112,-25.679208936630314,83.583,91.583,99.583,16,18.421304981503653,65.07667590627642,54.03496630466502,-72.5736141833658,0.2830707734370769,0.4830548787974553,0.7661256522345317,2.4213049815036527,20.71874487193823
0.36,0.252,DIP,84.19607132011339,91.94970731357621,98.91961582718633,-15.550180979514929,-20.546630242742342,-26.64235935264984,83.583,91.583,99.583,16,18.499985088686948,63.285891921188274,53.88362930495657,-71.10429851672434,0.2923240002957611,0.49948816076420605,0.7918121610599669,2.499985088686948,21.327320354494542
0.37,0.259,DIP,84.12246618243681,91.81264014058308,98.66713213055476,-16.15517587530197,-21.316407052187373,-27.599334138073065,83.583,91.583,99.583,16,18.57754047143834,61.58782942434415,53.74350035444849,-69.72922900201648,0.30164304611935383,0.515836280617549,0.8174793267369032,2.57754047143834,21.93384987954699
0.38,0.266,DIP,84.04035286418444,91.66375845616626,98.39738569575002,-16.748283761090644,-22.071045030266276,-28.535892807970637,83.583,91.583,99.583,16,18.651201684079687,59.96751274374104,53.62525242691211,-68.43023660791505,0.3110217654646075,0.5319246000212162,0.8429463654858248,2.6512016840796875,22.53503267270227
0.39,0.273,DIP,83.95134029100824,91.50474134790444,98.11223036837342,-17.337237509191805,-22.8206321135645,-29.46573456203432,83.583,91.583,99.583,16,18.724967478345278,58.40401777952362,53.52705679777301,-67.1909461647589,0.32061094750420116,0.5479376560896916,0.8685486035938923,2.7249674783452775,23.144487245364672
0.4,0.28,DIP,83.85693186777455,91.33698488353801,97.81308578108506,-17.934521182123735,-23.580445129631478,-30.407861188574934,83.583,91.583,99.583,16,18.8033111774828,56.89855911139546,53.43498785122305,-66.01727641938909,0.3304707794211424,0.5641170159729412,0.8945877953940833,2.803311177482801,23.771034967921853
0.41,0.287,DIP,83.75592224083827,91.15911705955031,97.49834991979738,-18.537556049605364,-24.346562377353262,-31.35598608559169,83.583,91.583,99.583,16,18.883810331227536,55.46091174961881,53.34439223990218,-64.91698656682031,0.3404886384933498,0.5803799229798267,0.9208685614731755,2.8838103312275365,24.405117287134516
0.42,0.294,DIP,83.64710605655429,90.96976587242474,97.16642077042282,-19.14376338135564,-25.11506215561592,-32.30382265108382,83.583,91.583,99.583,16,18.963840263361902,54.09355878773755,53.25350173814035,-63.89129871971933,0.35057483161305353,0.596645898946518,0.9472207305595707,2.9638402633619023,25.037765185378326
0.43,0.301,DIP,83.5292779612775,90.7675593186446,96.81569631887382,-19.750564447093492,-25.882022763305496,-33.24508428305054,83.583,91.583,99.583,16,19.040585510717573,52.79322580510452,53.16312488572871,-62.936458420717486,0.36066342263322276,0.6128368030881436,0.9735002257213667,3.040585510717573,25.66070197392547
0.44,0.308,DIP,83.40536995071993,90.55630465301591,96.45080421875255,-20.355863667202943,-26.646321262721276,-34.181189338036994,83.583,91.583,99.583,16,19.117922420557488,51.53760052056037,53.08649177676633,-62.031874677013185,0.37095096060847066,0.6289383315796492,0.99988929218812,3.1179224205574876,26.288524743721986
0.45,0.315,DIP,83.27768048361634,90.33883337990132,96.0751450088771,-20.96070182729308,-27.41051510876495,-35.117748635373964,83.583,91.583,99.583,16,19.200216618949078,50.31843882611696,53.02598209242062,-61.16990513133531,0.3815741717523939,0.6450082453621142,1.0265824171145075,3.200216618949078,26.935231339553994
0.46,0.322,DIP,83.14405390085575,90.11230987011918,95.68527600298398,-21.567204744920456,-28.17620318922623,-36.054764267239165,83.583,91.583,99.583,16,19.28522020816769,49.14563225547868,52.9701616395645,-60.35933533341398,0.39240964706518355,0.6610790684859831,1.0534887155511672,3.28522020816769,27.592518450177415
0.47,0.329,DIP,83.00233454332722,89.87389849448785,95.27775451480966,-22.177498237641647,-28.944984391894813,-36.99223832581026,83.583,91.583,99.583,16,19.370651982358392,48.02397759221351,52.910464810923514,-59.604517886358956,0.4033537610491285,0.6771840715765088,1.0805378326256374,3.3706519823583925,28.252558515602118
0.48,0.336,DIP,82.85036675191978,89.62076362382565,94.8491378580906,-22.7937081230132,-29.718457604560406,-37.93017290326497,83.583,91.583,99.583,16,19.45420946347222,46.954188487360874,52.840880384981745,-58.90640041394012,0.4143231965069294,0.693357009894835,1.1076802064017637,3.454209463472221,28.908068006824728
0.49,0.343,DIP,82.68599486752242,89.35006962895096,94.39598334656323,-23.417960218591666,-30.4982217150127,-38.86857009178095,83.583,91.583,99.583,16,19.533581544987793,45.933792007433595,52.75762022568591,-58.263413860064716,0.4252551485805182,0.7096319678609048,1.1348871164414236,3.5335815449877934,29.552360179904092
0.5,0.35,DIP,82.51300522466998,89.06660419865958,93.9235209198941,-24.04923257337788,-31.2846926235769,-39.81143557601545,83.583,91.583,99.583,16,19.614145236069398,44.942251410432924,52.6771239387591,-57.659144053945525,0.43642996557836344,0.7259838487071476,1.162413814285511,3.6141452360693975,30.204447816870918
0.51,0.357,DIP,82.33477991967072,88.77474606905389,93.43687058943038,-24.685282728577356,-32.07665092008251,-40.76033791430297,83.583,91.583,99.583,16,19.700559525545668,43.97378281751237,52.606722744542076,-57.08800162489882,0.44800693193263336,0.7423758242267157,1.1903827561593487,3.7005595255456676,30.878433712072166
0.52,0.364,DIP,82.14855693607394,88.4710461819124,92.93242477642947,-25.326405740053705,-32.87324252657571,-41.71162350933708,83.583,91.583,99.583,16,19.78933206184593,43.04085228278856,52.5334476338765,-56.55876502089773,0.45978020908659856,0.7588256641156735,1.2186058732022718,3.789332061845929,31.56122180186462
0.53,0.371,DIP,81.95157425742893,88.15205547901344,92.40657590214875,-25.972896663670518,-33.67361336510267,-42.66163876381139,83.583,91.583,99.583,16,19.876843563955614,42.14978350431291,52.448089462170785,-56.075199472532496,0.4715764094475538,0.7753521948262251,1.2469286042737795,3.876843563955614,32.24048117523854
0.54,0.378,DIP,81.74106986728495,87.81432490213543,91.85571638784563,-26.6250505552914,-34.47690935770953,-43.60673008041944,83.583,91.583,99.583,16,19.959367391469915,41.30188312913366,52.344785213864895,-55.637185922887426,0.4832556261191614,0.7919750190438348,1.275230645162996,3.9593673914699146,32.904763669355
0.55,0.385,DIP,81.5228246261723,87.46520830971414,91.28787941562521,-27.277551257336977,-35.27890889161581,-44.54607312076673,83.583,91.583,99.583,16,20.04239664454426,40.47951878768647,52.24364671280342,-55.22967428940655,0.4951243800516964,0.8085815805095128,1.303705960561209,4.042396644544262,33.572780313258214
0.56,0.392,DIP,81.30158426257603,87.11069123923919,90.70946297180122,-27.92782181704176,-36.07845442768974,-45.48229975647781,83.583,91.583,99.583,16,20.131812427493802,39.67419410245879,52.156046356960935,-54.845832476671305,0.5074283897362427,0.8251094598213035,1.3325378495575466,4.131812427493802,34.26311074861464
0.57,0.399,DIP,81.07303406197751,86.7452721510696,90.11440668394388,-28.58026609749014,-36.87928799845062,-46.41694070527485,83.583,91.583,99.583,16,20.224411351135387,38.89445100865751,52.067631653572406,-54.49290684272,0.5199819209849147,0.8416546893622647,1.3616366103471793,4.224411351135387,34.965248650307984
0.58,0.406,DIP,80.83285930985818,86.36344950556449,89.49665017962354,-29.239287961766546,-37.685151636417764,-47.35152668488004,83.583,91.583,99.583,16,20.317017364679536,38.14492261467749,51.9670232221726,-54.175178325629695,0.5326270437067792,0.8583136398236823,1.3909406835304612,4.317017364679536,35.669339064274446
0.59,0.413,DIP,80.57674529169941,85.95972176308295,88.85013308641045,-29.909291272955365,-38.49978737411045,-48.28758841301559,83.583,91.583,99.583,16,20.406502013334627,37.42703119767452,51.84549218174065,-53.894656790353416,0.5452343229030294,0.8751825291176781,1.4204168520207086,4.406502013334627,36.36626096101114
0.6,0.42,DIP,80.30037729298267,85.52858738398405,88.16879503187492,-30.59467989414103,-39.32693724404799,-49.2266566074037,83.583,91.583,99.583,16,20.489806087717735,36.73963229898964,51.69661803396086,-53.651686155077996,0.5577030799048366,0.8923571824131769,1.4500602623180132,4.489806087717735,37.04768846199
0.61,0.427,DIP,80.01242337498951,85.08049157070954,87.46294716564557,-31.29272350090224,-40.16627923889776,-50.17380769184082,83.583,91.583,99.583,16,20.575754212771113,36.070616406403616,51.540367278590004,-53.438409075781,0.5704297919654708,0.9097366784366776,1.480166470402148,4.575754212771113,37.73691060317193
0.62,0.434,DIP,79.7200497248895,84.62437828730468,86.74207228485923,-31.99814165798385,-41.01397996362499,-51.12917702670116,83.583,91.583,99.583,16,20.671190711516477,35.417281825868024,51.38843337374372,-53.251455913987556,0.5836470120193888,0.9271912689142648,1.5108382809336542,4.671190711516477,38.45102006626394
0.63,0.441,DIP,79.4166888169962,84.15249413653392,85.99886748834852,-32.711513062219545,-41.86851436919579,-52.08688373457342,83.583,91.583,99.583,16,20.77003425747965,34.7868159454815,51.2266313441225,-53.093937434724495,0.5970662647030073,0.944776724799889,1.5418429895028967,4.770034257479651,39.173925345003575
0.64,0.448,DIP,79.095773125623,83.65708572116174,85.226029874946,-33.43341641044299,-42.72835740657629,-53.04104693804638,83.583,91.583,99.583,16,20.866076388343867,34.18144654973849,51.04466656138758,-52.96561313161437,0.6104503610747131,0.9625528315868049,1.5730031926615187,4.866076388343867,39.890930215840704
0.65,0.455,DIP,78.75073512508337,83.13039964395254,84.41625654348425,-34.164430399487834,-43.5919840267326,-53.98578575970876,83.583,91.583,99.583,16,20.953022116396976,33.59929633909498,50.835701262825054,-52.863724475770304,0.6236149086258324,0.9805830091060138,1.6041979177318466,4.953022116396976,40.58889751738749
0.66,0.462,DIP,78.38601070778333,82.57743529447902,83.57357154818237,-34.905073055578335,-44.461620013040395,-54.926571705343186,83.583,91.583,99.583,16,21.03632624041902,33.03187099131376,50.61124199883799,-52.78429911129413,0.6368493702930375,0.9988472228305667,1.6356965931236043,5.036326240419019,41.28325813659986
0.67,0.469,DIP,78.00868359854829,82.00645551034557,82.70546969428051,-35.65517397479343,-45.33950354228731,-55.87051056179877,83.583,91.583,99.583,16,21.124198072950193,32.476831415713704,50.38109179058092,-52.72739555539104,0.6504390099684844,1.0172892613615925,1.6677282713300763,5.124198072950193,41.992612859347915
0.68,0.476,DIP,77.61615802032074,81.41460206636428,81.80985420714285,-36.41427920874888,-46.22412815555736,-56.81417287326403,83.583,91.583,99.583,16,21.214359227589313,31.937407164721463,50.13935365394396,-52.69381231682848,0.6642480123127531,1.0359225382372264,1.7001705505499791,5.214359227589313,42.71014345960965
0.69,0.483,DIP,77.20583819604336,80.79901673734722,80.88462831213363,-37.18193480906045,-47.113987393934565,-57.754129183927496,83.583,91.583,99.583,16,21.304442123007313,31.414971673118007,49.88163190077917,-52.683166874823854,0.6781620669496786,1.0547622454356804,1.7329243123853595,5.304442123007313,43.429562901161326
0.7,0.49,DIP,76.77512834865864,80.15684129810641,79.92769523461702,-37.95768682734387,-48.00757479850293,-58.68695003797769,83.583,91.583,99.583,16,21.392007780365,30.909305427533475,49.604902357695146,-52.69417153749514,0.6920895660537674,1.073825135315996,1.7659147013697631,5.392007780364999,44.14520409045698
0.71,0.497,DIP,76.32143270110923,79.485217523454,78.9369581999573,-38.741081315214906,-48.903383910346484,-59.60920597960314,83.583,91.583,99.583,16,21.47456558698426,30.41885100261023,49.30736771086369,-52.724885841229685,0.7059624173556567,1.0931293901930976,1.799091807548754,5.474565586984259,44.85209522528856
0.72,0.504,DIP,75.84709719936811,78.78669281472153,77.91417783471285,-39.53279156449037,-49.80311421610696,-60.524450200892304,83.583,91.583,99.583,16,21.555710215374276,29.940854818090997,48.993665051648506,-52.7746935851905,0.7199430459263236,1.1126697209588523,1.832612766885175,5.555710215374276,45.559446289419334
0.73,0.511,DIP,75.35583620335065,78.06537384447005,76.86241870884345,-40.33335924511049,-50.70878318147004,-61.43741043872368,83.583,91.583,99.583,16,21.640560297391232,29.474707587193933,48.66813353881748,-52.84435096599564,0.7342078028551349,1.1324250197972314,1.8666328226523665,5.640560297391232,46.27851577515502
0.74,0.518,DIP,74.84710655691306,77.32074129435584,75.7815399628155,-41.14213297587622,-51.61936131608574,-62.34641905447092,83.583,91.583,99.583,16,21.72886943919386,29.020920597512045,48.32958710190543,-52.933443093093516,0.7487312253304835,1.1523910696848612,1.901122295015344,5.728869439193861,47.00806698802096
0.75,0.525,DIP,74.32036510391153,76.55227584603526,74.6714007370954,-41.95846137558848,-52.53381912960401,-63.249808409507665,83.583,91.583,99.583,16,21.82037437146744,28.57966156464813,47.97712123078143,-53.041356186540135,0.7634930988286561,1.1725640270630981,1.9360571258917538,5.820374371467441,47.74702009942155
0.76,0.532,DIP,73.7750686882022,75.75945818116459,73.53186017214948,-42.78169306304819,-53.45112713167485,-64.14591086520755,83.583,91.583,99.583,16,21.91480044653054,28.15080252819781,47.610086251208976,-53.167326267308034,0.7784787103166648,1.1929403984969538,1.9714191088136184,5.914800446530538,48.49447661851647
0.77,0.539,DIP,73.2117311675652,74.94284419576582,72.36329693885476,-43.611998862104606,-54.37168654792818,-65.03554259268668,83.583,91.583,99.583,16,22.01365140629543,27.734854903230676,47.22825800495075,-53.31155034199032,0.7937179221994483,1.2135195701172774,2.007237492316726,6.0136514062954305,49.252976613059204
0.78,0.546,DIP,72.6309829206836,74.10305311785108,71.16593696212954,-44.4500188317771,-55.29654352795496,-65.92044201629324,83.583,91.583,99.583,16,22.118970847713477,27.3330235740488,46.83081158779515,-53.474725857110826,0.8092398116070196,1.2343063540745602,2.04354616568158,6.118970847713477,50.025590402718294
0.79,0.553,DIP,72.03245557276794,73.23966062706192,69.93941026350225,-45.295805443621774,-56.225635967346804,-66.80032487724908,83.583,91.583,99.583,16,22.231308378180863,26.94602578683686,46.41637107622018,-53.65669778658388,0.8250310659555912,1.2553056696781422,2.080336735633733,6.231308378180863,50.81228702749797
0.8,0.56,DIP,71.41578074902878,72.35224240303984,68.6833468645013,-46.14941116919473,-57.15890176169525,-67.6749069167761,83.583,91.583,99.583,16,22.351239374564027,26.574576860237812,45.98356527804237,-53.85723521609708,0.8410760213460652,1.2765224326303435,2.1175984539764077,6.351239374564027,51.612920305445655
0.81,0.567,DIP,70.78059007467668,71.44037412542639,67.39737678665507,-47.01088848005203,-58.09627880659185,-68.54390387609607,83.583,91.583,99.583,16,22.47936460287955,26.21938962247731,45.53103232868828,-54.07603007858125,0.8573565184602345,1.2979615110862717,2.155318029546506,6.479364602879549,52.42721465040245
0.82,0.574,DIP,70.1265230805178,70.5036766713068,66.08127399359176,-47.880035721597494,-59.03738409340245,-69.40661764717102,83.583,91.583,99.583,16,22.616117301755768,25.88102936883137,45.05759468984879,-54.312493302788475,0.8738492190342495,1.31962419716523,2.1934734161994798,6.616117301755768,53.25448468741358
0.83,0.581,DIP,69.45368137623248,69.54228694698885,64.73521534277482,-48.75669911410639,-59.98205757648122,-70.26289652842014,83.583,91.583,99.583,16,22.762465979084354,25.560489123600856,44.56215186188617,-54.56620534735412,0.8905332706668357,1.3415079041924618,2.2320411748592988,6.762465979084354,54.09456880377438
0.84,0.588,DIP,68.76238970534264,68.55655467594777,63.35943519648545,-49.64100294144217,-60.930571595902265,-71.11327587075131,83.583,91.583,99.583,16,22.919837173184263,25.25923060279014,44.04335716185413,-54.836978380076,0.9073846125246797,1.3636112395764655,2.2709958521011453,6.919837173184263,54.94749844216703
0.85,0.595,DIP,68.05297281137021,67.54682958165886,61.9541679170049,-50.533071487468305,-61.88319849173977,-71.9582910250723,83.583,91.583,99.583,16,23.089655093718765,24.97882644348422,43.49975464624427,-55.124503533076314,0.9243690909963367,1.385932216626124,2.3103013076224608,7.089655093718765,55.81278162942077
0.86,0.602,DIP,67.32575543783703,66.51346138759736,60.519647866614356,-51.43302903604823,-62.840210604067856,-72.79847734229094,83.583,91.583,99.583,16,23.27333139378444,24.720918005297634,42.92982654228321,-55.428331320948665,0.9414428456417767,1.4084681028735941,2.34991094851537,7.273331393784439,56.689377461406664
