time,pressure,joint,u1_start,u1_mid,u1_end,u2_start,u2_mid,u2_end,u1_init_offset_start,u1_init_offset_mid,u1_init_offset_end,L_init,L_arc,R_arc,u1_center_arc,u2_center_arc,theta_arc,theta_arc_start,theta_arc_end,delta_L,theta_joint
0.01,0.003,MCP,0,15.395035680000001,29.99349483,0,0.0109965,0.0392674,0,15.4,30,30,29.993528003048826,12269.535797014783,-1.0664689558196618,12269.535750666004,0.002444552793133897,3.1415057335159773,3.139061180722883,-0.006471996951173509,-0.1646469942197379
0.01,0.003,PIP,53.2540976,63.46823741,73.6927243,0.10611,0.131042,0.138075,53.267,63.467,73.667,20.4,20.438662164735142,5829.402138038074,72.59028205218439,-5829.263958792485,0.0035061335074773065,-0.0033170159567635494,1.8911755069932337e-4,0.03866216473514328,0.25270095052568287
0.01,0.003,DIP,90.28854539999999,100.5371956,110.792957,0.11257,0.0534694,-0.0722778,90.267,100.467,110.667,20.400000000000006,20.505388908068127,1578.817899094547,86.30854550255744,-1578.700312548827,0.012987811273122745,0.00252087597631695,0.015508687249454164,0.10538890806812162,0.9297029010724497
0.02,0.006,MCP,0,15.3423947,29.9537608,0,0.099018900000000007,0.268546,0,15.4,30,30,29.955096893519475,2909.3682883741217,-11.105235676903625,2909.347093616973,0.010296082834621,3.1377755835101526,3.1274795006754985,-0.04490310648052542,-0.6105886438022495
0.02,0.006,PIP,53.2105575,63.4889225,73.780659,0.516398,0.561987,0.502239,53.267,63.467,73.667,20.4,20.57046592036569,1004.3414599171771,62.80432718393118,-1003.7792395947365,0.02048154610889212,-0.009552444036536184,0.010929102072359418,0.17046592036569308,1.440222528477433
0.02,0.006,DIP,90.372428,100.685499,110.997384,0.261976,0.00235787,-0.409599,90.267,100.467,110.667,20.400000000000006,20.636636084869153,699.0682663914162,77.93688277165147,-698.6956752853791,0.029520201498195984,0.01778968059194758,0.047309882090149545,0.2366360848691471,2.1191170182236276
0.03,0.009,MCP,0,15.3260772,29.9375693,0,0.127114,0.353369,0,15.4,30,30,29.939912669682588,2082.135269265466,-9.60541462608482,2082.113113048625,0.014379427269509136,3.1369793852595587,3.1225999579900177,-0.06008733031741187,-0.8460695948769648
0.03,0.009,PIP,53.1882644,63.5040666,73.844519,0.69673,0.755585,0.654221,53.267,63.467,73.667,20.4,20.657126288798363,666.0317143747385,62.14591682662438,-665.2747446263214,0.031015229219513957,-0.013449693616140087,0.017565535603379583,0.2571262887983643,2.17666473836067
0.03,0.009,DIP,90.430719,100.802142,111.165071,0.268966,-0.144484,-0.79463,90.267,100.467,110.667,20.400000000000006,20.763414196894498,455.0925157442883,77.49004168453995,-454.63952672912285,0.045624600446211784,0.028439100617463464,0.07406370106367431,0.3634141968944924,3.264286991338693
0.04,0.012,MCP,0,15.333976100000001,29.9611589,0,0.123193,0.329015,0,15.4,30,30,29.963147335305052,2481.8500685486415,-12.271430257775558,2481.8197305111275,0.012072907914549073,3.1366481646315933,3.124575256717023,-0.036852664694947634,-0.727131986549214
0.04,0.012,PIP,53.2069009,63.5356506,73.892647,0.624039,0.65656,0.517649,53.267,63.467,73.667,20.4,20.686965192582118,624.6041044393261,60.33782113463932,-623.9393583097204,0.033120123684028155,-0.011416952116941525,0.021703171567080733,0.2869651925821195,2.342108285841886
0.04,0.012,DIP,90.472139,100.878984,111.281161,0.0502048,-0.449388,-1.24215,90.267,100.467,110.667,20.400000000000006,20.851857561761395,371.0984250890196,77.88279250504306,-370.8346148655946,0.05618956091435695,0.033931058956653756,0.09012061987100953,0.4518575617613898,4.024853040905074
0.05,0.015,MCP,0,15.332036200000001,29.9775433,0,0.134256,0.343055,0,15.4,30,30,29.97965727339236,2725.6439566621225,-16.200256034821578,2725.595811963534,0.010999109843424318,3.135648975076364,3.12464986523294,-0.020342726607641026,-0.6585233819589562
0.05,0.015,PIP,53.219248,63.580294,73.973121,0.610193,0.604272,0.38489,53.267,63.467,73.667,20.4,20.75655457638209,505.4098101769018,58.11096099110291,-504.77594389639785,0.04106876075301537,-0.009678857176112514,0.03138990357690666,0.3565545763820914,2.9101284230457263
0.05,0.015,DIP,90.542842,100.99103,111.427809,-0.266601,-0.93196,-1.9605,90.267,100.467,110.667,20.400000000000006,20.957737403396766,302.5384512733514,76.54258057936093,-302.48094079715753,0.06927297113866991,0.04629250605932778,0.11556547719799713,0.5577374033967608,4.961412014900544
0.06,0.018,MCP,0,15.315494000000001,29.9794273,0,0.167272,0.418028,0,15.4,30,30,29.982532291584864,2426.869043564592,-18.84619783805791,2426.795866042129,0.012354408809610277,3.1338269328502193,3.121472524040607,-0.01746770841513623,-0.710900068872874
0.06,0.018,PIP,53.217881000000006,63.636587999999996,74.091965,0.706375,0.657038,0.309348,53.267,63.467,73.667,20.4,20.88068740446274,366.23764048029324,56.69313871562663,-365.5147766124956,0.057014039783238234,-0.009489220896925069,0.04752481888630634,0.48068740446274205,4.0244615732310205
0.06,0.018,DIP,90.644809,101.143089,111.603437,-0.649014,-1.58493,-2.97716,90.267,100.467,110.667,20.400000000000006,21.094162776856315,242.99854261843058,74.32141063659718,-243.09867553936135,0.08680777485147105,0.06722550531846916,0.15403328016994142,0.6941627768563094,6.202522159548188
0.07,0.021,MCP,0,15.310709300000001,30.00306533,0,0.184965,0.437441,0,15.4,30,30,30.006384274017368,2940.4701693730917,-27.865046574443973,2940.338136363303,0.010204621215529872,3.132116120232077,3.1219114990165804,0.0063842740173676304,-0.5619747237809776
0.07,0.021,PIP,53.2391487,63.705245,74.206704,0.665355,0.544322,0.0581204,53.267,63.467,73.667,20.4,20.980556983428396,302.2989932597752,54.97708044209989,-301.62864249107395,0.0694033306468842,-0.005749080726542434,0.06365424992034009,0.5805569834283979,4.899405234756862
0.07,0.021,DIP,90.737008,101.26786799999999,111.73773,-1.19566,-2.38147,-4.10132,90.267,100.467,110.667,20.400000000000006,21.209861535212475,209.24579702018812,72.59614103173351,-209.65359944163754,0.1013633814263239,0.08680542082062717,0.18816880224695254,0.8098615352124696,7.238554270192712
0.08,0.024,MCP,0,15.3342806,30.0543464,0,0.15983,0.341313,0,15.4,30,30,30.056302594147652,7886.08551725429,-74.5254335943537,7885.733367619998,0.0038113082248963995,3.1321422687631113,3.1283309605381895,0.056302594147652485,-0.17818676831623564
0.08,0.024,PIP,53.286830800000004,63.775453999999996,74.299413,0.413565,0.204044,-0.400833,53.267,63.467,73.667,20.4,21.033271822309693,280.89568594420524,52.92206056492842,-280.48188409937785,0.07487929816938366,0.0012985971513498023,0.07617789532073388,0.6332718223096947,5.300177426599086
0.08,0.024,DIP,90.807197,101.360237,111.83694,-1.8805,-3.25715,-5.23225,90.267,100.467,110.667,20.400000000000006,21.306552809950336,188.16053067266478,71.75402755668992,-189.07388139256776,0.11323603698278509,0.1014340319474299,0.214670068930213,0.9065528099503304,8.08379763483169
0.09,0.027,MCP,0,15.3514587,30.100772,0,0.144773,0.270356,0,15.4,30,30,30.101990315220988,16431.25841758428,162.62494874964668,-16430.45362464099,0.0018319954290906089,-0.009897452754906156,-0.008065457325962134,0.10199031522098778,0.16696751097194235
0.09,0.027,PIP,53.329228900000004,63.847438,74.399535,0.202665,-0.0973505,-0.835548,53.267,63.467,73.667,20.4,21.10187539522642,255.29803837241136,51.31086163581522,-255.08739471715407,0.08265584620138931,0.00790600783121289,0.09056185403260246,0.7018753952264198,5.859216984061534
0.09,0.027,DIP,90.87858,101.451413,111.92393,-2.57518,-4.17293,-6.43956,90.267,100.467,110.667,20.400000000000006,21.411435500173027,169.4888214977915,70.85225616276644,-170.87671584051594,0.1263294848058875,0.11843387191121843,0.24476335671710509,1.0114355001730218,9.0096197442156285
0.1,0.03,MCP,0,15.3461829,30.124879,0,0.163208,0.291015,0,15.4,30,30,30.126304432622174,7581.440349219559,88.29777325946294,-7580.926148697915,0.003973691415474027,-0.011646832985605161,-0.0076731415701599545,0.12630443262217383,0.32485310003268125
0.1,0.03,PIP,53.3504966,63.919925,74.517757,0.15933,-0.222583,-1.12128,53.267,63.467,73.667,20.4,21.214272116504656,218.79561011189776,50.736770754409406,-218.62066780930994,0.09695931333199567,0.011946254378971777,0.10890556771096514,0.8142721165046574,6.861925841864694
0.1,0.03,DIP,90.955925,101.54343,111.99035,-3.19405,-5.07668,-7.70846,90.267,100.467,110.667,20.400000000000006,21.531400247897786,152.04224051854612,69.64828993744776,-153.73583021380153,0.14161459456572126,0.14060570135375194,0.2822202959194748,1.1314002478977798,10.089286281577296
0.11,0.033,MCP,0,15.3434901,30.147456,0,0.176748,0.303847,0,15.4,30,30,30.14903039652562,5138.493593369844,66.86018226662868,-5138.05859494909,0.0058672896732666294,-0.013011998126537937,-0.007144708453222982,0.149030396525621,0.4619331452695844
0.11,0.033,PIP,53.369614000000006,63.98354,74.621348,0.11662,-0.336108,-1.37541,53.267,63.467,73.667,20.4,21.314696990992783,194.61390210486297,50.38611715480249,-194.474411753922,0.10952299275880033,0.015330938275682614,0.12485393103448301,0.914696990992784,7.7431412770867505
0.11,0.033,DIP,91.017681,101.61625,112.03248,-3.73964,-5.87989,-8.84753,90.267,100.467,110.667,20.400000000000006,21.64876824161639,138.2536340134623,68.9716894418895,-140.22422365012548,0.15658733599370248,0.1601441210411326,0.31673145703483624,1.2487682416163857,11.142379779974947
0.12,0.036,MCP,0,15.3536775,30.179033,0,0.170121,0.26584,0,15.4,30,30,30.18031135720529,3263.904804851777,43.83906320815828,-3263.6103798816957,0.00924668860205188,-0.01343188115596589,-0.004185192553944564,0.1803113572052908,0.6692156433805417
0.12,0.036,PIP,53.395972,64.033225,74.69219,-0.00534656,-0.518213,-1.6525,53.267,63.467,73.667,20.4,21.37173702433617,184.74756366424913,49.82117743499258,-184.71832153385986,0.11568075161833302,0.019350824462551475,0.135031576080887,0.9717370243361714,8.188502874655128
0.12,0.036,DIP,91.05706599999999,101.666,112.06438,-4.2028,-6.51524,-9.71939,90.267,100.467,110.667,20.400000000000006,21.745318694925437,128.9863544978638,68.91559397850736,-131.2745705211116,0.16858619486982687,0.1725118722553628,0.3410980671251892,1.3453186949254317,11.987386531564566
0.13,0.039,MCP,0,15.355557000000001,30.196944,0,0.17427,0.265374,0,15.4,30,30,30.19824666583259,2898.067591996238,40.56567342045534,-2897.783669275334,0.010420131935236032,-0.01399794757016643,-0.0035778156349430858,0.19824666583258832,0.7466910641709174
0.13,0.039,PIP,53.408947000000005,64.069962,74.75199,-0.037147,-0.585228,-1.78923,53.267,63.467,73.667,20.4,21.428069751419475,176.0018714677183,49.707317464208145,-176.00008826582163,0.12174910171537433,0.02103331318386309,0.14278241489923807,1.0280697514194763,8.624850676703321
0.13,0.039,DIP,91.089919,101.71227999999999,112.09554,-4.48562,-6.94503,-10.3604,90.267,100.467,110.667,20.400000000000006,21.841319255077885,120.99065496632291,69.13763095586144,-123.4681213975037,0.180520712621626,0.18244840364088344,0.36296911626250905,1.4413192550778788,12.826373046667594
0.14,0.042,MCP,0,15.3345039,30.184797,0,0.211791,0.365783,0,15.4,30,30,30.187072800352478,4386.038299398807,68.23872125950332,-4385.507432522952,0.0068825374380543395,-0.015558795851719362,-0.008676258413590774,0.1870728003524782,0.5543017160317543
0.14,0.042,PIP,53.393805,64.09425399999999,74.81536,0.141243,-0.407362,-1.6712,53.267,63.467,73.667,20.4,21.513763256688296,162.69430661509995,50.41825761238455,-162.52585116078043,0.13223427238658864,0.018290211615629003,0.1505244840022169,1.1137632566882978,9.35711122400864
0.14,0.042,DIP,91.124624,101.76371,112.12237,-4.52097,-7.14729,-10.8042,90.267,100.467,110.667,20.400000000000006,21.952331325926526,112.7452264890131,69.45539881363892,-115.16422906209397,0.19470741254012874,0.1933997714315207,0.38810718397164967,1.5523313259265201,13.817063212624939
0.15,0.045,MCP,0,15.3063239,30.157911,0,0.258782,0.502436,0,15.4,30,30,30.162097303749032,30113.56520045588,516.706472539799,-30109.13189554529,0.0010016116359179024,-0.01715943718458282,-0.01615782554860193,0.1620973037490323,0.22650864409817925
0.15,0.045,PIP,53.3635924,64.102416,74.86394,0.410696,-0.109525,-1.40105,53.267,63.467,73.667,20.4,21.59470413512242,151.9966639826613,51.38305306528718,-151.57306407258702,0.14207354009812867,0.013030518771583894,0.15510405886971204,1.1947041351224215,10.040514069330372
0.15,0.045,DIP,91.152614,101.81358,112.15482,-4.35152,-7.10903,-10.9704,90.267,100.467,110.667,20.400000000000006,22.06043713588353,105.79996139656424,70.02522955008551,-108.02053879452701,0.20851082405593319,0.20104337286182541,0.40955419691775946,1.660437135883523,14.778900345428653
0.16,0.048,MCP,0,15.286986,30.133975,0,0.294562,0.611337,0,15.4,30,30,30.140196998880718,7293.222867202348,-132.86206029468988,7292.012579776416,0.004132630737834888,3.123374451219032,3.1192418204812116,0.14019699888071813,-0.08871169109157305
0.16,0.048,PIP,53.334074400000006,64.093869,74.88318,0.647258,0.175625,-1.09245,53.267,63.467,73.667,20.4,21.638529962428493,147.82620348619392,52.244832939084475,-147.17493245252115,0.1463781755340108,0.007368458986770745,0.15374663452078166,1.238529962428494,10.347296517265852
0.16,0.048,DIP,91.168801,101.86161,112.21126,-4.03989,-6.84601,-10.8206,90.267,100.467,110.667,20.400000000000006,22.152652448213583,100.67412600649085,70.99910416713195,-102.67286104336353,0.22004315633974628,0.20171145745703195,0.42175461379677803,1.7526524482135777,15.581004515134978
0.17,0.051,MCP,0,15.262982000000001,30.103756,0,0.335589,0.735508,0,15.4,30,30,30.112863116645343,3037.2747210806806,-59.13308235811841,3036.699031824944,0.009914435104484393,3.1221222980482346,3.1122078629437744,0.1128631166453431,-0.46355907852417655
0.17,0.051,PIP,53.296863900000005,64.073291,74.88932,0.923159,0.517184,-0.703152,53.267,63.467,73.667,20.4,21.673764695514674,145.0782848646747,53.22726276579401,-144.15510916914317,0.14939358233888278,4.79748826234095e-4,0.1498733311651176,1.273764695514675,10.564445699814488
0.17,0.051,DIP,91.17930299999999,101.9095,112.27795,-3.6051,-6.42814,-10.4827,90.267,100.467,110.667,20.400000000000006,22.240729469033,96.2783713707116,72.08855041324401,-97.97176762934849,0.23100442137099494,0.19960994196739634,0.4306143633383907,1.8407294690329934,16.34150201614588
0.18,0.054,MCP,0,15.225032,30.0551829,0,0.394558,0.916187,0,15.4,30,30,30.06957272922303,1625.4234641083979,-34.49587167462583,1625.0573751445058,0.018499531594812588,3.120368361909333,3.1018688303145434,0.06957272922302948,-0.985625374769349
0.18,0.054,PIP,53.2399402,64.046341,74.90035,1.31506,0.987975,-0.19345300000000001,53.267,63.467,73.667,20.4,21.734999627852858,139.03841470680874,54.439873037622945,-137.71817676505458,0.15632370142946178,-0.008630332386746539,0.1476933690427153,1.3349996278528593,11.041901439493596
0.18,0.054,DIP,91.189561,101.95575,112.33069,-3.08218,-5.95399,-10.1272,90.267,100.467,110.667,20.400000000000006,22.33922571542372,91.73361775342846,72.97362181583485,-92.98899946199032,0.24352278109721462,0.1999030401474525,0.4434258212446666,1.9392257154237136,17.20825634017823
0.19,0.057,MCP,0,15.185859,30.00454309,0,0.454946,1.10115,0,15.4,30,30,30.025671784480092,1101.4391739206046,-25.388985824603147,1101.1465176104869,0.027260399389648405,3.1185398738151138,3.091279474425449,0.02567178448009244,-1.514042613096538
0.19,0.057,PIP,53.1790656,64.019119,74.91333,1.71368,1.4626,0.310506,53.267,63.467,73.667,20.4,21.804060084316998,132.62302782923595,55.5306356181589,-130.8884980705128,0.16440629083202415,-0.017732163825961225,0.14667412700606272,1.404060084316999,11.596009498073895
0.19,0.057,DIP,91.19840599999999,101.99826,112.37199,-2.58502,-5.52228,-9.83327,90.267,100.467,110.667,20.400000000000006,22.441374365692333,87.45290522732972,73.69430168687852,-88.26825619527729,0.25661096457981625,0.20151574687518298,0.4581267114549984,2.0413743656923273,18.110343152555707
0.2,0.06,MCP,0,15.161064,29.9736634,0,0.495094,1.22404,0,15.4,30,30,30.000011938704052,907.5773846999773,-22.04014917621141,907.3097271842405,0.033055045712296276,3.1173056710636993,3.0842506253514053,1.1938704052028015e-5,-1.875760022605554
0.2,0.06,PIP,53.137711,64.002971,74.9273,1.98266,1.78625,0.655835,53.267,63.467,73.667,20.4,21.85627927454208,128.51349956151373,56.249674348351654,-126.49315583187438,0.17006990976913242,-0.024217436814276974,0.14585247295485404,1.45627927454208,11.97631462341178
0.2,0.06,DIP,91.207989,102.03742,112.41218,-2.24436,-5.23567,-9.66624,90.267,100.467,110.667,20.400000000000006,22.53305563674227,84.0111038010374,74.30481053682537,-84.53742240328373,0.26821520748146654,0.20258457354117027,0.47079978102263625,2.133055636742263,18.906946370880732
0.21,0.063,MCP,0,15.147515,29.9615673,0,0.520739,1.29821,0,15.4,30,30,29.991311343640948,829.8843976034564,-20.937851330419214,829.6202262284334,0.03613914351233736,3.1163601352522186,3.080220991739876,-0.008688656359051805,-2.0774862885720595
0.21,0.063,PIP,53.116713000000004,64.006183,74.95799,2.13816,1.96619,0.826199,53.267,63.467,73.667,20.4,21.908864206897952,124.5854460217693,56.596080034348425,-122.39869143556297,0.17585412186163166,-0.02793118772752089,0.14792293413411045,1.5088642068979539,12.357256643782689
0.21,0.063,DIP,91.225965,102.07541,112.43755,-2.12426,-5.19831,-9.77453,90.267,100.467,110.667,20.400000000000006,22.62259879991429,80.92781661463022,74.64289454750218,-81.33482290911404,0.279540456498916,0.20637366850267067,0.4859141250015874,2.2225987999142838,19.681087179768475
0.22,0.066,MCP,0,15.136296,29.9610177,0,0.545453,1.35811,0,15.4,30,30,29.99353892128356,800.153230757274,-21.24625520381884,799.8711079487229,0.03748474388199038,3.1150367993069663,3.0775520554249782,-0.006461078716441193,-2.165926279839695
0.22,0.066,PIP,53.109801000000004,64.034763,75.01993,2.23361,2.05034,0.843404,53.267,63.467,73.667,20.4,21.98563464300446,118.64000169654307,56.58444605926816,-116.35549929873723,0.18531384295862732,-0.029291486247829283,0.1560223567107986,1.585634643004461,12.984492978146184
0.22,0.066,DIP,91.25654899999999,102.1094,112.42258,-2.25935,-5.4951,-10.3001,90.267,100.467,110.667,20.400000000000006,22.722790163470314,77.68571744714014,74.54575040211519,-78.12647005538251,0.29249636754570274,0.2168021443639493,0.5092985119096517,2.3227901634703088,20.562637123962936
0.23,0.069,MCP,0,15.135013,29.9822929,0,0.558516,1.37231,0,15.4,30,30,30.015279845416945,839.7911036429762,-23.400334480016625,839.4650213702245,0.035741364388372304,3.113724575978261,3.0779832115898818,0.015279845416944937,-2.0626323071611345
0.23,0.069,PIP,53.128299000000005,64.094222,75.11141,2.20592,1.96658,0.636505,53.267,63.467,73.667,20.4,22.074612071897725,112.25504306517874,56.1647131761357,-110.00804919508772,0.19664695205791802,-0.027052544691854204,0.16959440736606415,1.6746120718977267,13.73669179293332
0.23,0.069,DIP,91.29729999999999,102.13359,112.36284,-2.70779,-6.16989,-11.2672,90.267,100.467,110.667,20.400000000000006,22.82709939539117,74.5734382561683,74.0861678792155,-75.26793487628485,0.30610227889691055,0.23289404828405702,0.5389963271809675,2.4270993953911635,21.484923540231904
0.24,0.072,MCP,0,15.154476,30.0378409,0,0.544707,1.29733,0,15.4,30,30,30.06691130100598,1029.910282275327,-29.416591927054693,1029.4900940056882,0.029193718927226088,3.113026482731175,3.0838327638039584,0.0669113010059803,-1.676231961391717
0.24,0.072,PIP,53.1846188,64.185736,75.22276000000001,1.9747,1.62867,0.132458,53.267,63.467,73.667,20.4,22.154385284572992,107.23541926613255,55.31829591333204,-105.23949013898896,0.20659578184322783,-0.019898443430866074,0.18669733841236152,1.7543852845729937,14.395700823134778
0.24,0.072,DIP,91.34201999999999,102.14301,112.26479,-3.50593,-7.22472,-12.6367,90.267,100.467,110.667,20.400000000000006,22.92532904418334,71.90154266417511,73.4092583767806,-73.1352908907405,0.3188433543249395,0.25206805067128846,0.5709114049962278,2.5253290441833336,22.34563810767599
0.25,0.075,MCP,0,15.188893,30.119546,0,0.511923,1.15614,0,15.4,30,30,30.142173756259144,1598.2894729383092,-46.242760731094656,1597.6203699206471,0.01885902038811875,3.112655958722606,3.093796938334474,0.14217375625914386,-1.0634622538196683
0.25,0.075,PIP,53.268220940000006,64.301973,75.34895,1.58585,1.08784,-0.619919,53.267,63.467,73.667,20.4,22.234044427576553,102.67683074663556,54.162177847021475,-101.08708905027572,0.21654392978335185,-0.00870662052049261,0.20783730926285904,1.8340444275765542,15.053718250636688
0.25,0.075,DIP,91.38059,102.12415,112.1067,-4.61416,-8.63081,-14.393,90.267,100.467,110.667,20.400000000000006,23.02243032733812,69.45772558471053,72.51189026519337,-71.45986153509244,0.33145960558786225,0.27511469668309274,0.6065743022709551,2.6224303273381153,23.194265493045883
0.26,0.078,MCP,0,15.226732,30.211932,0,0.475785,0.994849,0,15.4,30,30,30.228365090321525,4460.9985937598,-131.70988048512413,4459.053819019177,0.0067761431560651045,3.112063609650607,3.1052874664945316,0.22836509032152463,-0.33856395621376895
0.26,0.078,PIP,53.361046400000006,64.431906,75.4848,1.13164,0.447908,-1.52055,53.267,63.467,73.667,20.4,22.33097611277256,97.4596700791248,52.89858600823711,-96.32693285184256,0.2291304299988155,0.00474516409604684,0.23387559409486158,1.9309761127725622,15.889280206110215
0.26,0.078,DIP,91.39927999999999,102.05747,111.85248,-5.9492,-10.3253,-16.4974,90.267,100.467,110.667,20.400000000000006,23.12776078221122,66.96744776915178,71.38728417419603,-69.85662588918815,0.34535825319096164,0.30346817147719823,0.6488264246681602,2.727760782211213,24.12394486676088
0.27,0.081,MCP,0,15.268432,30.312169,0,0.434956,0.813181,0,15.4,30,30,30.323131079782087,4535.080043236639,136.77370952291085,-4533.017091402433,0.00668634969850296,-0.030163624651110534,-0.02347727495259833,0.32313107978208677,0.4725307311283583
0.27,0.081,PIP,53.45824,64.56557,75.616,0.622286,-0.270808,-2.53084,53.267,63.467,73.667,20.4,22.43615066626015,92.32639659155504,51.62569262182082,-91.68592207321434,0.2430090580217917,0.019849878193469863,0.2628589362152611,2.036150666260152,16.810009180397028
0.27,0.081,DIP,91.387199999999993,101.93454,111.502786,-7.43775,-12.2071,-18.8185,90.267,100.467,110.667,20.400000000000006,23.23710302982271,64.55744232791359,70.16904263672511,-68.40867059358456,0.3599446042455025,0.3348960246179847,0.6948406288634875,2.8371030298227033,25.09427709116054
0.28,0.084,MCP,0,15.3176286,30.420788,0,0.382894,0.596826,0,15.4,30,30,30.427236577120187,1405.028999495823,42.76876470593403,-1404.3779128816295,0.021655949156948802,-0.03044447641705923,-0.008788527260103946,0.4272365771201869,1.3690301499908877
0.28,0.084,PIP,53.558104,64.69205,75.72661000000001,0.0438758,-1.07077,-3.62503,53.267,63.467,73.667,20.4,22.531238091776896,88.2249795966652,50.35428516079183,-88.12291255977595,0.2553838855478585,0.03632217801577543,0.29170606356363393,2.131238091776897,17.62779502204577
0.28,0.084,DIP,91.3415,101.76418,111.091942,-9.0007,-14.1522,-21.1837,90.267,100.467,110.667,20.400000000000006,23.34137584887752,62.44328895128806,69.00491798626757,-67.31228923402671,0.37380119210386403,0.365814360867153,0.7396155529710177,2.941375848877513,26.01344095672902
0.29,0.087,MCP,0,15.3678103,30.526857,0,0.328472,0.375352,0,15.4,30,30,30.53086454033863,835.1696755032787,25.530012859355757,-834.7793752385435,0.036556481198794163,-0.03057341679956219,0.005983064399233831,0.5308645403386301,2.257375073164849
0.29,0.087,PIP,53.6496,64.80311999999999,75.81345,-0.536124,-1.86749,-4.70445,53.267,63.467,73.667,20.4,22.619410603883644,84.79753125979948,49.197724286469494,-85.2167127461108,0.2667460982393832,0.05252421000206814,0.31927030824145136,2.219410603883645,18.374498091069785
0.29,0.087,DIP,91.266015,101.55745,110.6390572,-10.5225,-16.0354,-23.4612,90.267,100.467,110.667,20.400000000000006,23.44268797918169,60.530280702186175,67.9627489883093,-66.38727132391963,0.38728860509538343,0.39519185432187887,0.7824804594172632,3.042687979181686,26.901184936479005
0.3,0.09,MCP,0,15.40827165,30.616693,0,0.28696,0.19583,0,15.4,30,30,30.620410976066214,622.0218534675081,19.285626224985222,-621.7228086633659,0.04922722699430961,-0.031009710212132745,0.018217516782175338,0.6204109760662142,3.0123626874683103
0.3,0.09,PIP,53.722247,64.8965,75.88343,-1.02008,-2.54583,-5.6479799999999996,53.267,63.467,73.667,20.4,22.712823658782806,81.41770654283003,48.321125043571094,-82.25843806013172,0.2789666354312579,0.06638717279064416,0.3453538082219019,2.3128236587828077,19.17430739636903
0.3,0.09,DIP,91.170085,101.326378,110.152709,-11.8822,-17.7429,-25.5474,90.267,100.467,110.667,20.400000000000006,23.547393256735567,58.67515711745323,67.06882835758437,-65.37896150024633,0.4013179412472553,0.42328465294820644,0.8246025941954618,3.147393256735562,27.823523927719215
0.31,0.093,MCP,0,15.437371200000001,30.68731,0,0.260345,0.0674517,0,15.4,30,30,30.691838886414473,520.0047703555343,16.486141864580265,-519.7433677488659,0.059022225633488024,-0.031709141623201875,0.027313084010279126,0.6918388864144731,3.593023140919855
0.31,0.093,PIP,53.775953,64.97247,75.94029,-1.38234,-3.06832,-6.40212,53.267,63.467,73.667,20.4,22.806195845084705,78.30197382384338,47.74539995362004,-79.45174203860057,0.2912595268210224,0.07709295800369251,0.36835248482471483,2.4061958450847065,19.973273534489298
0.31,0.093,DIP,91.070156,101.09853,109.677462,-13.0016,-19.1776,-27.328,90.267,100.467,110.667,20.400000000000006,23.65341143723262,56.91557969454554,66.39876679410109,-64.29200618495061,0.415587639872522,0.44834354594695947,0.8639311858194815,3.2534114372326144,28.75878763051826
0.32,0.096,MCP,0,15.4589269,30.741361,0,0.24285,-0.023198,0,15.4,30,30,30.746989007824318,464.2447393631612,15.020544995123592,-464.0016823831773,0.06623012906942626,-0.03236044616903188,0.03386968290039465,0.7469890078243182,4.01038492519712
0.32,0.096,PIP,53.814620000000005,65.03092,75.98529,-1.64084,-3.44588,-6.95908,53.267,63.467,73.667,20.4,22.88623913786972,75.88936956585685,47.398852830578626,-77.25852539654579,0.3015737153806374,0.08464208283502812,0.3862157982156654,2.4862391378697204,20.634061470488344
0.32,0.096,DIP,90.985734,100.910341,109.27795,-13.8409,-20.2718,-28.7089,90.267,100.467,110.667,20.400000000000006,23.75437534968425,55.350138503229296,66.0212479736957,-63.241429043413326,0.42916559907611335,0.46791729327982007,0.8970828923559327,3.3543753496842434,29.643132963004767
0.33,0.099,MCP,0,15.470925900000001,30.776745,0,0.237403,-0.0665566,0,15.4,30,30,30.783173640004733,437.2562783952366,14.443366937138594,-437.01766800390556,0.0704007584590467,-0.033037821225229885,0.03736293723381593,0.7831736400047333,4.238952252076136
0.33,0.099,PIP,53.838368,65.07494,76.02562,-1.77586,-3.65439,-7.29224,53.267,63.467,73.667,20.4,22.954638217495464,74.00667078483842,47.289778181267145,-75.49223058375462,0.3101698532586623,0.08860236184864038,0.3987722151073018,2.554638217495466,21.17393666183481
0.33,0.099,DIP,90.929644,100.780067,108.9782,-14.3733,-20.9996,-29.6678,90.267,100.467,110.667,20.400000000000006,23.851242244125316,53.93798689096761,65.93187907542212,-62.16888743886026,0.4421974867608457,0.48188890378287474,0.9240863905437195,3.4512422441253108,30.48524192992652
0.34,0.102,MCP,0,15.4686492,30.789545,0,0.251282,-0.0425711,0,15.4,30,30,30.7960136095571,434.7176340858035,14.794088660996582,-434.46582872056706,0.07084141795701496,-0.03403806195101423,0.03680335600599885,0.7960136095571002,4.241943927226929
0.34,0.102,PIP,53.845704000000005,65.10906,76.07018000000001,-1.75268,-3.65867,-7.37627,53.267,63.467,73.667,20.4,23.02223744307576,72.23563027637543,47.46271902120105,-73.7057465377483,0.3187102729635233,0.08847878480035246,0.40718905776387565,2.622237443075761,21.70418967189265
0.34,0.102,DIP,90.904921,100.705228,108.76281,-14.5944,-21.3762,-30.2409,90.267,100.467,110.667,20.400000000000006,23.94918232331267,52.584287811998585,66.07535906318435,-60.9473953586706,0.45544369468189294,0.4917689466580632,0.947212641339956,3.549182323312664,31.337894284441035
0.35,0.105,MCP,0,15.4547551,30.783361,0,0.281188,0.0375276,0,15.4,30,30,30.78934590866805,451.63255031604064,15.94193970281384,-451.3510995483259,0.06817344296181148,-0.035305808032538286,0.03286763492927155,0.7893459086680501,4.056440996159753
0.35,0.105,PIP,53.839225000000006,65.13501,76.11902,-1.59752,-3.49206,-7.25129,53.267,63.467,73.667,20.4,23.08878745484091,70.57519331281509,47.85173032109443,-71.9182695595098,0.32715160059856946,0.08494061913062906,0.4120922197291991,2.688787454840913,22.223083231333966
0.35,0.105,DIP,90.90884199999999,100.680752,108.62407,-14.5543,-21.4579,-30.4896,90.267,100.467,110.667,20.400000000000006,24.047325457290093,51.30216352418081,66.39510190551474,-59.62079008788918,0.468739012263208,0.49818340018022317,0.9669224124434312,3.647325457290087,32.19367562654044
0.36,0.108,MCP,0,15.4363338,30.767354,0,0.316388,0.14032,0,15.4,30,30,30.7729181936853,481.16710042149134,17.576980611676337,-480.84595067506007,0.06395474288813373,-0.036538018002651225,0.02741672488548275,0.7729181936852996,3.771961370313465
0.36,0.108,PIP,53.824786,65.1529,76.16674,-1.37982,-3.23675,-7.00484,53.267,63.467,73.667,20.4,23.146828952960217,69.23422731696357,48.327835879520876,-70.39548323342802,0.3343263852283775,0.0794800787147974,0.4138064639431751,2.746828952960218,22.653227833087186
0.36,0.108,DIP,90.935076,100.70025,108.55985,-14.344,-21.3336,-30.5006,90.267,100.467,110.667,20.400000000000006,24.142231322091394,50.12856325148904,66.8510908624982,-58.30801384718108,0.4816062890327156,0.5011613014401363,0.9827675904728516,3.7422313220913885,33.01566083875669
0.37,0.111,MCP,0,15.4172031,30.747817,0,0.352186,0.248346,0,15.4,30,30,30.753314465281075,519.2535819687691,19.565874647590153,-518.8848224188795,0.059226003504258454,-0.037689692200244436,0.021536311304018826,0.7533144652810755,3.453091918550649
0.37,0.111,PIP,53.806738,65.16589,76.21199,-1.14305,-2.95097,-6.71156,53.267,63.467,73.667,20.4,23.198846469770224,68.11111061691749,48.81874799075064,-69.07127200777524,0.34060296858539374,0.07329875062428519,0.4139017192096795,2.7988464697702256,23.020584889753525
0.37,0.111,DIP,90.97106699999999,100.740846,108.53341,-14.0617,-21.1179,-30.4023,90.267,100.467,110.667,20.400000000000006,24.2342985514807,49.050385323241954,67.35428862017382,-57.05225802518368,0.49406948369063186,0.5023425207034368,0.9964120043940687,3.8342985514806927,33.80896599104652
0.38,0.114,MCP,0,15.39757532,30.72848,0,0.388766,0.357118,0,15.4,30,30,30.734374714562037,562.7464137473792,21.901445314833083,-562.320062667746,0.05461496326542369,-0.03892868526239681,0.01568627800302632,0.734374714562037,3.1419921463773712
0.38,0.114,PIP,53.788172,65.17939,76.25708,-0.908701,-2.67153,-6.4323,53.267,63.467,73.667,20.4,23.25471525996092,66.92147910216407,49.2873098073486,-67.67865385863352,0.3474925475639842,0.06730667556106432,0.41479922312504897,2.8547152599609227,23.42767862316005
0.38,0.114,DIP,91.000908,100.768939,108.48309,-13.8057,-20.9384,-30.3481,90.267,100.467,110.667,20.400000000000006,24.327664563212586,48.00638825240764,67.80006023732132,-55.83347624540597,0.5067589012383679,0.5044050562106835,1.0111639574490519,3.9276645632125806,34.61594879845754
0.39,0.117,MCP,0,15.3819186,30.716807,0,0.420576,0.446424,0,15.4,30,30,30.723419679097038,598.9004401788428,24.05876616011503,-598.4170059559342,0.051299711300800604,-0.040182374352161813,0.011117336948638683,0.723419679097038,2.9103770980173644
0.39,0.117,PIP,53.775362,65.19844,76.30203,-0.725859,-2.46365,-6.24999,53.267,63.467,73.667,20.4,23.316579925696033,65.62001702569802,49.65601286223748,-66.21645066883525,0.3553272459006651,0.06281710556033156,0.41814435146099715,2.916579925696034,23.897291632907415
0.39,0.117,DIP,91.01239199999999,100.760042,108.36756,-13.6832,-20.919,-30.4752,90.267,100.467,110.667,20.400000000000006,24.422975522597785,46.98781500679257,68.11416738049243,-54.71399414765377,0.5197725307947857,0.5090210151238526,1.0287935459186381,4.022975522597779,35.44305529382504
0.4,0.12,MCP,0,15.3769693,30.723272,0,0.437957,0.484679,0,15.4,30,30,30.730406643160205,604.2355785525771,24.889566150144557,-603.7227375920384,0.05085832038684929,-0.04120348262115505,0.00965483776570238,0.7304066431602045,2.851771197987655
0.4,0.12,PIP,53.777261,65.22748,76.34466,-0.663731,-2.41262,-6.26052,53.267,63.467,73.667,20.4,23.379414967337755,64.35336607021782,49.82524889042534,-64.89563370304343,0.3632974682602896,0.06144978312893967,0.4247472513892301,2.979414967337757,24.377597362319868
0.4,0.12,DIP,90.99720099999999,100.699925,108.16804,-13.8004,-21.1695,-30.8936,90.267,100.467,110.667,20.400000000000006,24.517207778018296,46.028163766254316,68.25450120457542,-53.817414702602726,0.5326566556624872,0.5168039361161724,1.0494605917786601,4.11720777801829,36.25874217469024
0.41,0.123,MCP,0,15.386102900000001,30.753435,0,0.436849,0.457257,0,15.4,30,30,30.760587187817627,568.4446012773896,23.824600516058812,-567.9451145415907,0.054113606002578744,-0.041924192901543055,0.012189413101033905,0.7605871878176274,3.0170091865647644
0.41,0.123,PIP,53.798692,65.26998999999999,76.38411,-0.757354,-2.56471,-6.52155,53.267,63.467,73.667,20.4,23.443969674417275,63.10386112531398,49.75485002669198,-63.731512438345376,0.3715140287194372,0.06412626312832248,0.43564029184776,3.0439696744172764,24.8763686618915
0.41,0.123,DIP,90.94558599999999,100.569829,107.85403,-14.2293,-21.7715,-31.6911,90.267,100.467,110.667,20.400000000000006,24.61048092555797,45.1234806524697,68.18108732849093,-53.189614506285366,0.5454029824317417,0.5287951379499046,1.0741981203816462,4.210480925557963,37.06445587827895
0.42,0.126,MCP,0,15.40799747,30.806675,0,0.419431,0.368508,0,15.4,30,30,30.81366299513704,504.77986734008624,21.43824651812586,-504.3244154887835,0.06104376380442467,-0.042483264463356374,0.018560499341066506,0.8136629951370402,3.407045091892112
0.42,0.126,PIP,53.838558000000006,65.32648,76.41893,-1.00268,-2.92086,-7.0447,53.267,63.467,73.667,20.4,23.51671875543523,61.72738155163913,49.46175877301502,-62.57469687250712,0.38097709904901617,0.07096485997223262,0.4519419590212483,3.116718755435233,25.461468638636163
0.42,0.126,DIP,90.84467699999999,100.345066,107.38244,-14.9978,-22.7663,-32.9189,90.267,100.467,110.667,20.400000000000006,24.705525319976655,44.23818447158112,67.86209028368225,-52.797504670388314,0.5584660766503118,0.5462881725015877,1.1047542491518993,4.305525319976649,37.88974539424957
0.43,0.129,MCP,0,15.4422101,30.881785,0,0.386061,0.219517,0,15.4,30,30,30.889156103511034,431.63496949819097,18.507042073942895,-431.2380274133736,0.07156314545001316,-0.042889753254899105,0.02867339219511125,0.8891561035110342,4.017959757568619
0.43,0.129,PIP,53.89396300000001,65.39292,76.44267,-1.3969,-3.47825,-7.82725,53.267,63.467,73.667,20.4,23.598323473723028,60.231116587390204,48.966318211033375,-61.42610724278775,0.39179621449461055,0.08190381788422339,0.47370003237883374,3.198323473723029,26.1396700430016
0.43,0.129,DIP,90.68364,100.010508,106.73313,-16.1016,-24.1487,-34.5682,90.267,100.467,110.667,20.400000000000006,24.802929528492452,43.37167433879955,67.30161590333049,-52.630808643134465,0.5718693111716967,0.5693778701739444,1.1412471813456408,4.402929528492447,38.73827127369509
0.44,0.132,MCP,0,15.4893905,30.977209,0,0.33487,0.00669284,0,15.4,30,30,30.986670243551995,361.9756340276352,15.566740206572417,-361.6407557632983,0.08560429855117349,-0.04301820618038565,0.04258609237078723,0.9866702435519947,4.842931967531887
0.44,0.132,PIP,53.960476,65.46095,76.44486,-1.94061,-4.23231,-8.85341,53.267,63.467,73.667,20.4,23.683065876895256,58.754557841194895,48.28575932442489,-60.4204839547741,0.4030847435003625,0.09673422384346375,0.4998189673438263,3.2830658768952574,26.851507649453602
0.44,0.132,DIP,90.456667,99.565765,105.91744,-17.5054,-25.8666,-36.5706,90.267,100.467,110.667,20.400000000000006,24.900097310073033,42.544671758538705,66.5471817767431,-52.69610347976382,0.5852694657369307,0.5967841707415987,1.1820536364785303,4.500097310073027,39.58490429805988
0.45,0.135,MCP,0,15.546841,31.08684,0,0.268766,-0.258542,0,15.4,30,30,31.101504461872207,303.69556290417705,13.021052549566448,-303.41629342898904,0.10241013785138985,-0.04288849383313451,0.05952164401825461,1.1015044618722065,5.835429741078533
0.45,0.135,PIP,54.030022,65.52115,76.41722,-2.60336,-5.1413,-10.0675,53.267,63.467,73.667,20.4,23.76849139958173,57.3469089995714,47.473225511402376,-59.57419808065524,0.41446857056863123,0.11458624497335414,0.5290548155419854,3.368491399581732,27.571931867823366
0.45,0.135,DIP,90.162081,99.01638,104.95283,-19.1331,-27.8287,-38.821,90.267,100.467,110.667,20.400000000000006,24.99621739958612,41.762742221958014,65.65154612106134,-52.9467114286251,0.5985291211658895,0.6272241850667051,1.2257533062325943,4.596217399586113,40.4197024908648
0.46,0.138,MCP,0,15.608506,31.20091,0,0.195916,-0.54873,0,15.4,30,30,31.224636431785136,259.0313327127012,11.053849426880745,-258.7953703986336,0.1205438589408689,-0.04268675531854986,0.07785710362231946,1.224636431785136,6.909773632533589
0.46,0.138,PIP,54.093499,65.56696,76.35805,-3.323,-6.12678,-11.3774,53.267,63.467,73.667,20.4,23.85692241155893,55.956916284209214,46.62104199561866,-58.77873790290479,0.4263444806427127,0.13393958721200916,0.5602840678547215,3.4569224115589314,28.32370966400131
0.46,0.138,DIP,89.805066,98.37419,103.85900000000001,-20.875,-29.9151,-41.1908,90.267,100.467,110.667,20.400000000000006,25.092717882470367,41.01084634478243,64.67083232752542,-53.28116940665464,0.6118556459799267,0.6596849802772528,1.271540626257179,4.692717882470362,41.260334797126134
0.47,0.141,MCP,0,15.669233,31.31109,0,0.123279,-0.839086,0,15.4,30,30,31.347426796594384,226.12312823851167,9.612535866068631,-225.91872051380324,0.13862990062444888,-0.04252299823871463,0.09610690238573406,1.3474267965943838,7.982397905035165
0.47,0.141,PIP,54.145288,65.59554,76.2715,-4.04107,-7.11225,-12.6884,53.267,63.467,73.667,20.4,23.947417601124975,54.60375588433786,45.80821992073759,-58.00460817642154,0.43856722332160814,0.15328259006735595,0.5918498133889637,3.5474176011249767,29.09810214473491
0.47,0.141,DIP,89.403593,97.67049,102.68456,-22.6131,-31.9922,-43.5354,90.267,100.467,110.667,20.400000000000006,25.190015652596045,40.28225821454248,63.68394027003212,-53.61567715598706,0.6253377235812982,0.6925293189547429,1.317867042536041,4.79001565259604,42.10834332506439
0.48,0.144,MCP,0,15.726239,31.41221,0,0.0544717,-1.11437,0,15.4,30,30,31.463735280299048,202.10161530426322,8.562613962132449,-201.92014399442147,0.15568275014987146,-0.042380550599469026,0.11330219955040251,1.4637352802990478,8.990987053029098
0.48,0.144,PIP,54.183840000000004,65.6074,76.16628,-4.71737,-8.0406,-13.9226,53.267,63.467,73.667,20.4,24.0345519165345,53.37318667895341,45.079745103802985,-57.30836269254621,0.4503113531726225,0.17141249928026825,0.6217238524528905,3.6345519165345017,29.837515609432383
0.48,0.144,DIP,88.98770999999999,96.95629,101.50942,-24.2418,-33.9344,-45.7158,90.267,100.467,110.667,20.400000000000006,25.2855951763127,39.59489799307953,62.772903381103106,-53.915691908817976,0.6386074079729203,0.7235846190582295,1.3621920270311498,4.885595176312695,42.94115968116187
0.49,0.147,MCP,0,15.776250000000001,31.49951,0,-0.00575829,-1.35633,0,15.4,30,30,31.566983126776417,184.9893177201883,7.820665799928196,-184.82392934094491,0.170642194456461,-0.04228891376158124,0.12835328069487822,1.5669831267764174,9.869735635914987
0.49,0.147,PIP,54.21003,65.60768,76.05774,-5.30759,-8.85142,-15.0022,53.267,63.467,73.667,20.4,24.115086841938577,52.30233637442032,44.48141572329816,-56.69716534829572,0.4610709293998695,0.18709691352524008,0.6481678429251089,3.7150868419385787,30.507873237266423
0.49,0.147,DIP,88.59358999999999,96.28757999999999,100.41380000000001,-25.6626,-35.6302,-47.6152,90.267,100.467,110.667,20.400000000000006,25.37919037621517,38.949202012512565,62.0137909687162,-54.132840969617355,0.6515971846627825,0.7510712246162157,1.4026684092789983,4.979190376215165,43.75145871396581
0.5,0.15,MCP,0,15.815034,31.56873,0,-0.0505434,-1.54209,0,15.4,30,30,31.65023043209434,173.51745752173883,7.353550073721878,-173.36156830774723,0.1824037240064395,-0.04239200556274041,0.1400117184436999,1.6502304320943395,10.552976782055667
0.5,0.15,PIP,54.226808000000005,65.60565,75.96494,-5.76319,-9.48365,-15.857,53.267,63.467,73.667,20.4,24.190348932005367,51.35152852410575,44.06634463081121,-56.09950359054236,0.47107359074325866,0.19917526939860353,0.6702488601418625,3.7903489320053687,31.123039369351496
0.5,0.15,DIP,88.25408,95.70939,99.4556,-26.797,-36.9977,-49.153,90.267,100.467,110.667,20.400000000000006,25.4711515844121,38.339195835740675,61.4514829846752,-54.21076899598771,0.664363219654892,0.7741258089587846,1.4384890286136764,5.071151584412096,44.546417677287074
0.51,0.153,MCP,0,15.8406,31.618479999999998,0,-0.0762957,-1.65964,0,15.4,30,30,31.709884102580553,166.5419639716159,7.1190733459866955,-166.3897369377615,0.19040176629588046,-0.042759452472392066,0.14764231382348983,1.7098841025805527,11.005871723856885
0.51,0.153,PIP,54.23818,65.60989,75.90318,-6.05887,-9.90535,-16.4504,53.267,63.467,73.667,20.4,24.260854171613477,50.501600195222686,43.85719742537371,-55.48201056252821,0.4803977315140301,0.20703333621641568,0.6874310677304458,3.8608541716134788,31.687709854111304
0.51,0.153,DIP,87.99413,95.25525999999999,98.6763,-27.6051,-37.9967,-50.2929,90.267,100.467,110.667,20.400000000000006,25.56224170499316,37.754785080796786,61.11587854224857,-54.11893403189812,0.6770596535058778,0.7922233653706445,1.4692830188765227,5.1622417049931535,45.33236744482609
0.52,0.156,MCP,0,15.854138,31.65044,0,-0.0845058,-1.71289,0,15.4,30,30,31.74692137316663,162.98289411307474,7.059377320640697,-162.82993878681694,0.1947868305194112,-0.04332716348823285,0.15145966703117802,1.7469213731666287,11.2365757811863
0.52,0.156,PIP,54.247243000000005,65.62413,75.87877,-6.20217,-10.124,-16.7887,53.267,63.467,73.667,20.4,24.32448736215063,49.772480622440774,43.8338475352246,-54.873116386991875,0.48871358344923477,0.21077717819087308,0.6994907616401077,3.924487362150632,32.179441649595134
0.52,0.156,DIP,87.82603999999999,94.94351,98.1017,-28.093,-38.6334,-51.0441,90.267,100.467,110.667,20.400000000000006,25.65150316020371,37.20398028483141,61.00572027377065,-53.876843755673,0.6894827640434534,0.8050989210217648,1.4945816850652178,5.251503160203704,46.09946820377787
0.53,0.159,MCP,0,15.857767,31.66773,0,-0.0782844,-1.71242,0,15.4,30,30,31.764876925871725,161.9685795837369,7.130268130881516,-161.81155721627255,0.1961175248156662,-0.044036770696796006,0.1520807541188695,1.7648769258717252,11.278751111776568
0.53,0.159,PIP,54.255545000000005,65.64849,75.88969,-6.2172,-10.1702,-16.9081,53.267,63.467,73.667,20.4,24.38059961171471,49.164096581367026,43.957772052590286,-54.29072977456077,0.4959025245458258,0.21101979097552465,0.7069223155213501,3.9805996117147124,32.592517472991986
0.53,0.159,DIP,87.74461,94.76652,97.7213,-28.3049,-38.9568,-51.4607,90.267,100.467,110.667,20.400000000000006,25.73817679993249,36.687547462943314,61.09134638602246,-53.51560561427306,0.7015507598574049,0.8132052554921644,1.5147560153495687,5.338176799932484,46.84087920232513
0.54,0.162,MCP,0,15.853576,31.67399,0,-0.0605534,-1.67024,0,15.4,30,30,31.768387770920025,162.78297138337234,7.3057737443776825,-162.61894552110397,0.19515793022417482,-0.04489553497815836,0.1502623952460161,1.7683877709200253,11.178829713417949
0.54,0.162,PIP,54.263499,65.68124,75.92805,-6.13441,-10.0862,-16.8646,53.267,63.467,73.667,20.4,24.432410403934572,48.627225041309224,44.19091898002914,-53.70698767831605,0.502443032337935,0.2086493132685832,0.7110923456065177,4.032410403934573,32.95981980162455
0.54,0.162,DIP,87.72739,94.68796,97.4803,-28.3144,-39.0529,-51.6367,90.267,100.467,110.667,20.400000000000006,25.823674472165326,36.19406352953321,61.3142411265847,-53.06022391779845,0.7134781771904121,0.8179776877554021,1.531455864945814,5.42367447216532,47.569529578005294
0.55,0.165,MCP,0,15.844844,31.67433,0,-0.036105,-1.60469,0,15.4,30,30,31.7642202554993,164.5959406137709,7.5477996241603424,-164.42279156906903,0.19298301122768852,-0.045872622264992405,0.14711038896269668,1.7642202554992998,11.003993522885917
0.55,0.165,PIP,54.271040000000006,65.71851,75.98041,-5.99868,-9.93304,-16.7372,53.267,63.467,73.667,20.4,24.483436600807117,48.10969593290688,44.48203428517063,-53.10195175336969,0.5089085708409253,0.20490343567246394,0.7138120065133895,4.083436600807119,33.31807168647224
0.55,0.165,DIP,87.74077,94.65487999999999,97.3017,-28.2225,-39.0372,-51.6947,90.267,100.467,110.667,20.400000000000006,25.909052199662778,35.71751775420453,61.59456752700648,-52.555957846412696,0.7253878160839681,0.8212931358517829,1.546680951935751,5.509052199662772,48.29737129636729
0.56,0.168,MCP,0,15.836779,31.675629999999998,0,-0.0127251,-1.54312,0,15.4,30,30,31.76147256157863,166.25506316820963,7.784952599296456,-166.0726965581401,0.19104063332762236,-0.04684248504020666,0.14419814828741553,1.7614725615786284,10.842636744042323
0.56,0.168,PIP,54.278330000000004,65.75462999999999,76.02972,-5.87225,-9.79205,-16.6248,53.267,63.467,73.667,20.4,24.53463119989986,47.60258536403343,44.75559562273592,-52.51261517138521,0.5154054346476152,0.20140546102053802,0.7168108956681527,4.134631199899861,33.678811116856664
0.56,0.168,DIP,87.74785,94.61188,97.1085,-28.1488,-39.0411,-51.771,90.267,100.467,110.667,20.400000000000006,25.994028476142883,35.25609186035129,61.85372297810439,-52.0754838287186,0.7372918297100183,0.8248680431320495,1.5621598728420685,5.594028476142878,49.02249051554375
0.57,0.171,MCP,0,15.834602,31.6846,0,0.00177063,-1.51238,0,15.4,30,30,31.76879345921897,166.58549573684613,7.935907590504361,-166.3963604187476,0.19070563927968792,-0.04765668405622508,0.14304895522346223,1.7687934592189691,10.7786118679651
0.57,0.171,PIP,54.286030000000004,65.78455,76.06044,-5.81509,-9.74072,-16.6206,53.267,63.467,73.667,20.4,24.586248041642417,47.104159374528166,44.94338382123074,-51.983442718710656,0.5219549264462103,0.1996641385678855,0.7216190650140955,4.186248041642418,34.044336568233064
0.57,0.171,DIP,87.71555,94.50951,96.833,-28.2039,-39.1851,-51.9893,90.267,100.467,110.667,20.400000000000006,26.078438648085157,34.81402805265096,62.02022759225545,-51.69362021146335,0.7490784636769252,0.8302110872551653,1.5792895509320912,5.678438648085152,49.74091423495869
0.58,0.174,MCP,0,15.842611,31.70798,0,0.00145227,-1.53553,0,15.4,30,30,31.79463322514967,164.45468228965657,7.936363332665044,-164.26307151652745,0.19333370617657022,-0.048277415715301655,0.1450562904612686,1.7946332251496706,10.895532622443227
0.58,0.174,PIP,54.295010000000005,65.80434,76.05553,-5.88328,-9.85576,-16.8232,53.267,63.467,73.667,20.4,24.64228608722399,46.564886127293605,44.98755248974051,-51.508490736417805,0.5292031858482336,0.20123693979676524,0.7304401256449988,4.242286087223992,34.456810752299546
0.58,0.174,DIP,87.60105,94.27924,96.375,-28.5116,-39.6088,-52.4936,90.267,100.467,110.667,20.400000000000006,26.163358385533265,34.380829117536145,62.00939838694389,-51.47044967774266,0.7609868364747635,0.8395732112284192,1.6005600477031823,5.763358385533259,50.46416549781267
0.59,0.177,MCP,0,15.863201,31.74878,0,-0.0170586,-1.62504,0,15.4,30,30,31.843178633325035,159.5289596142076,7.7602622233060075,-159.34009942828897,0.1996075114532941,-0.048664054798681376,0.15094345665461376,1.843178633325035,11.235545193609136
0.59,0.177,PIP,54.304770000000005,65.81024,76.00416,-6.10579,-10.1763,-17.2819,53.267,63.467,73.667,20.4,24.704567432132308,45.971876277056616,44.86014235485146,-51.09703822759974,0.5373843626317624,0.20691695183067038,0.7443013144624328,4.304567432132309,34.93618081149029
0.59,0.177,DIP,87.37942,93.88246,95.6806,-29.1322,-40.3783,-53.3495,90.267,100.467,110.667,20.400000000000006,26.249278380993328,33.955518917284905,61.778875594711565,-51.438911794770384,0.7730489539840679,0.8540444892977253,1.6270934432817927,5.849278380993322,51.19882520798934
0.6,0.18,MCP,0,15.898076,31.80857,0,-0.0570937,-1.79168,0,15.4,30,30,31.917607858490328,151.9865415662819,7.403969419318589,-151.80609360008222,0.21000285636850907,-0.04873392662085021,0.16126892974765863,1.917607858490328,11.828746004483817
0.6,0.18,PIP,54.31288,65.79629,75.89444,-6.50486,-10.7305,-18.0284,53.267,63.467,73.667,20.4,24.77240434096499,45.33802719514261,44.54080427219366,-50.7772356525162,0.5463935215870848,0.217242927400937,0.7636364489880216,4.372404340964991,35.474276998237706
0.6,0.18,DIP,87.03169,93.29357,94.7181,-30.099,-41.5267,-54.5856,90.267,100.467,110.667,20.400000000000006,26.33606907196624,33.53909945501219,61.310125222977895,-51.6227612343813,0.7852348303892963,0.8740166439807653,1.6592514743700615,5.936069071966234,51.94153350365256
0.61,0.183,MCP,0,15.947397,31.88574,0,-0.119286,-2.0371,0,15.4,30,30,32.01796779418247,142.59169073692038,6.908816189302165,-142.42422029302455,0.2245430124905045,-0.048470722031187574,0.17607229045931594,2.017967794182468,12.675528368620238
0.61,0.183,PIP,54.31457,65.75507999999999,75.71652,-7.08159,-11.5184,-19.06,53.267,63.467,73.667,20.4,24.844939155918425,44.67587052345196,44.03410969177907,-50.558544158258805,0.5561153899144825,0.23219291677637377,0.7883083066908562,4.444939155918426,36.06363080397834
0.61,0.183,DIP,86.54605,92.49983,93.477,-31.404,-43.0401,-56.1811,90.267,100.467,110.667,20.400000000000006,26.42278119358533,33.1351834333815,60.60429437469444,-52.01869612293054,0.7974237187100082,0.8993242132640451,1.696747931974053,6.022781193585324,52.684361666183584
0.62,0.186,MCP,0,16.009263,31.97653,0,-0.20151,-2.35341,0,15.4,30,30,32.14187770475868,132.4063553139709,6.341201684448208,-132.25442181162285,0.2427517744789643,-0.04791030044079338,0.1948414740381716,2.1418777047586772,13.752898398047185
0.62,0.186,PIP,54.30386,65.67972,75.4635,-7.81807,-12.516,-20.3459,53.267,63.467,73.667,20.4,24.922167473160002,43.98859074393211,43.36624400139616,-50.4251664969949,0.5665598067971256,0.2512827793246722,0.8178425861217978,4.522167473160003,36.703743255913636
0.62,0.186,DIP,85.91668999999999,91.4974,91.9579,-33.0071,-44.8712,-58.0814,90.267,100.467,110.667,20.400000000000006,26.51000108783925,32.741984555295346,59.67910760693396,-52.59349381780808,0.8096638443851382,0.9295380399977783,1.7392018843829158,6.110001087839244,53.43183813601943
0.63,0.189,MCP,0,16.079062,32.07315,0,-0.297516,-2.71978,0,15.4,30,30,32.28164775247981,122.46076003603699,5.778877472723131,-122.3243325089456,0.26360809571147664,-0.04720715775216888,0.2164009379593074,2.281647752479813,14.986211009185311
0.63,0.189,PIP,54.27563,65.56782,75.13773,-8.66319,-13.6589,-21.8089,53.267,63.467,73.667,20.4,25.004831887437675,43.27307118529198,42.59342583463654,-50.32954087989002,0.5778381612982563,0.27335642969028906,0.851194590988545,4.604831887437676,37.40176923273537
0.63,0.189,DIP,85.15688999999999,90.309,90.1956,-34.8134,-46.9145,-60.1734,90.267,100.467,110.667,20.400000000000006,26.59848546581989,32.353300742653346,58.58670512061449,-53.27312221946603,0.8221258683122081,0.9636003596413132,1.7857262279535218,6.198485465819886,54.19270612672029
0.64,0.192,MCP,0,16.152874,32.16937,0,-0.402602,-3.1162,0,15.4,30,30,32.43022760843146,113.46212759139165,5.256506183842452,-113.34029971861052,0.28582425075988027,-0.04634487703357813,0.23947937372630215,2.4302276084314585,16.30696984329594
0.64,0.192,PIP,54.227119,65.41966,74.75196,-9.56925,-14.8789,-23.3584,53.267,63.467,73.667,20.4,25.088035218347713,42.57920485068209,41.767716113931584,-50.28475030932912,0.5892086361482587,0.2969625770308557,0.8861712131791148,4.688035218347714,38.107000274687664
0.64,0.192,DIP,84.30384,88.9977,88.2865,-36.7072,-49.0368,-62.3181,90.267,100.467,110.667,20.400000000000006,26.686359131755776,31.97847007834772,57.40749838716777,-54.00486910302108,0.8345101897111965,0.9992704071150823,1.833780596826279,6.28635913175577,54.94845655044117
0.65,0.195,MCP,0,16.226405,32.25905,0,-0.509643,-3.51702,0,15.4,30,30,32.578867630702575,105.75789295493185,4.802962789512806,-105.64877410888107,0.30805140609775467,-0.04543032395788601,0.2626210821398688,2.5788676307025753,17.626225064413255
0.65,0.195,PIP,54.160487,65.24466,74.329399,-10.4756,-16.0958,-24.895,53.267,63.467,73.667,20.4,25.169482553441107,41.926252537414705,40.951454294069634,-50.266705875619174,0.6003275043716352,0.3205135294550883,0.9208410338267237,4.769482553441108,38.793223703043694
0.65,0.195,DIP,83.40702999999999,87.6377,86.3327,-38.568,-51.1065,-64.3834,90.267,100.467,110.667,20.400000000000006,26.773432304544862,31.617537587502753,56.22753176601362,-54.72174751708968,0.8467905582605336,1.034552124476738,1.881342682737272,6.373432304544856,55.694473446358536
0.66,0.198,MCP,0,16.293308,32.33652,0,-0.608211,-3.88714,0,15.4,30,30,32.71629885002414,99.56692486974501,4.4449893511612295,-99.46765603795795,0.3285860128031885,-0.04465807469219942,0.28392793811099004,2.7162988500241383,18.836358268403842
0.66,0.198,PIP,54.084032,65.06223,73.90665200000001,-11.306,-17.2128,-26.3054,53.267,63.467,73.667,20.4,25.249171483156317,41.30913403273747,40.22423917048996,-50.22065915638643,0.6112249039920895,0.34215080514622825,0.9533757091383174,4.849171483156319,39.46116081020857
0.66,0.198,DIP,82.53009999999999,86.3164,84.4461,-40.2666,-52.9882,-66.2377,90.267,100.467,110.667,20.400000000000006,26.859953654001902,31.26795934243877,55.13729084861053,-55.34371140225334,0.8590248362497371,1.0676430051684516,1.926667841418189,6.459953654001897,56.43565059028852
0.67,0.201,MCP,0,16.349888,32.40129,0,-0.691652,-4.2034,0,15.4,30,30,32.836561141144095,94.843217193364,4.181306286937928,-94.75100276684374,0.3462193935724231,-0.04410080209555175,0.302118591476872,2.836561141144095,19.88025436989209
0.67,0.201,PIP,54.007450000000006,64.89027,73.518995,-12.0163,-18.1695,-27.5165,53.267,63.467,73.667,20.4,25.324595826745593,40.748648354950774,39.630534909562115,-50.14446092126359,0.6214830883750962,0.3605826086263541,0.982065697001451,4.924595826745595,40.0849781499431
0.67,0.201,DIP,81.73129,85.1147,82.731,-41.7207,-54.5956,-67.8031,90.267,100.467,110.667,20.400000000000006,26.94540744377436,30.933381961403956,54.206200123921334,-55.8360656305426,0.871078612658472,1.096946862225907,1.9680254748843793,6.545407443774355,57.16721952765714
0.68,0.204,MCP,0,16.395782,32.45199,0,-0.757458,-4.45531,0,15.4,30,30,32.93433552379747,91.38570986260983,3.997560317463804,-91.29823371019476,0.36038824421576715,-0.04375778582702667,0.31663045838874115,2.934335523797472,20.70027122828877
0.68,0.204,PIP,53.940877,64.74789,73.196155,-12.5754,-18.9267,-28.4807,53.267,63.467,73.667,20.4,25.393843178558615,40.2545857638537,39.196996559697716,-50.03270455574086,0.630831064255065,0.3749928319691559,1.005823896224221,4.993843178558617,40.64147485078768
0.68,0.204,DIP,81.06367,84.1049,81.2769,-42.8759,-55.8755,-69.035,90.267,100.467,110.667,20.400000000000006,27.029548992925303,30.611246527673153,53.4951783272441,-56.18103738625686,0.8829940645667622,1.1211482007192255,2.0041422652859873,6.629548992925297,57.8845039107864
0.69,0.207,MCP,0,16.42875,32.49076,0,-0.802559,-4.63314,0,15.4,30,30,33.008011446577285,89.06552771765173,3.887193718448755,-88.98066055395994,0.37060367004411165,-0.04365806773984415,0.32694560230426734,3.008011446577285,21.285954714630662
0.69,0.207,PIP,53.891508,64.64583,72.959081,-12.9709,-19.4659,-29.1774,53.267,63.467,73.667,20.4,25.455331915199707,39.83581914682125,38.93218749768734,-49.89123609282747,0.6390061120967547,0.3849624770851197,1.0239685891818744,5.055331915199709,41.11685664241891
0.69,0.207,DIP,80.55740999999999,83.3275,80.1341,-43.7134,-56.811,-69.9262,90.267,100.467,110.667,20.400000000000006,27.11113337872447,30.30765690912644,53.0229282887829,-56.37856420011881,0.8945308263193579,1.1396784906769077,2.0342093169962663,6.711133378724465,58.575645185202674
0.7,0.21,MCP,0,16.44977,32.51892,0,-0.827132,-4.73896,0,15.4,30,30,33.05794009536775,87.66246891035041,3.8420464268696093,-87.5782343662621,0.3771048261163514,-0.04384176661450968,0.3332630595018415,3.057940095367748,21.63450452367869
0.7,0.21,PIP,53.863879000000004,64.59066,72.81185,-13.2049,-19.7947,-29.6201,53.267,63.467,73.667,20.4,25.511332177174996,39.47081776976503,38.830829509780855,-49.70082961466554,0.6463340163354023,0.39073152866719363,1.0370655450025963,5.111332177174997,41.531853623573866
0.7,0.21,DIP,80.2145,82.7787,79.2881,-44.2535,-57.4299,-70.5088,90.267,100.467,110.667,20.400000000000006,27.192205716684537,30.012668962796607,52.782705900839936,-56.429581913805514,0.9060242443080192,1.153053877295137,2.0590781216031564,6.792205716684531,59.2602886597515
0.71,0.213,MCP,0,16.46069,32.53943,0,-0.834144,-4.78355,0,15.4,30,30,33.088361280018226,86.96979669255929,3.8486107137215226,-86.88460008723827,0.38045807324336434,-0.044266723243004964,0.3361913500003595,3.0883612800182263,21.79644308139538
0.71,0.213,PIP,53.855163000000005,64.57588,72.742329,-13.3077,-19.951,-29.8561,53.267,63.467,73.667,20.4,25.563163681293045,39.14062530462657,38.86806079694842,-49.4653453435848,0.6531107636206155,0.3929378400411776,1.0460486036617926,5.163163681293046,41.904265322108685
0.71,0.213,DIP,80.0069,82.4187,78.6877,-44.5553,-57.7962,-70.8477,90.267,100.467,110.667,20.400000000000006,27.27145644819263,29.732484347909026,52.72065616439753,-56.36552958467368,0.9172276399469635,1.1623146614552886,2.0795423014022516,6.871456448192625,59.92823521060396
0.72,0.216,MCP,0,16.46604,32.55514,0,-0.831234,-4.79255,0,15.4,30,30,33.10687957657886,86.68055318830424,3.8826096086180177,-86.59355428470128,0.38194125855031985,-0.04480715620607715,0.33713410234424274,3.106879576578862,21.837147693473298
0.72,0.216,PIP,53.859219,64.58776999999999,72.723027,-13.3296,-20.0013,-29.9635,53.267,63.467,73.667,20.4,25.611542845466303,38.844622233347934,38.98338085506113,-49.212940367600815,0.6593330395031853,0.39299571309756215,1.0523287526007474,5.211542845466305,42.237341510475446
0.72,0.216,DIP,79.8902,82.1854,78.2498,-44.707,-58.0044,-71.0346,90.267,100.467,110.667,20.400000000000006,27.350571960743846,29.457017727375803,52.78170126038694,-56.23284875292617,0.9284908680801609,1.168777687013518,2.0972685550936787,6.95057196074384,60.59374683319845
0.73,0.219,MCP,0,16.46931,32.56927,0,-0.825053,-4.78939,0,15.4,30,30,33.12133783025702,86.5350319449016,3.9246891172931533,-86.44598642526871,0.382750628108001,-0.0453693234572403,0.3373813046507608,3.121337830257019,21.83950745129549
0.73,0.219,PIP,53.867215,64.60801,72.721579,-13.325,-20.0151,-30.0253,53.267,63.467,73.667,20.4,25.657489523661035,38.570793164872576,39.12156877682016,-48.96587544980066,0.6652051310945811,0.39228499089259666,1.0574901219871782,5.257489523661036,42.54639720463396
0.73,0.219,DIP,79.8072,82.0013,77.8791,-44.8048,-58.1539,-71.1649,90.267,100.467,110.667,20.400000000000006,27.42808593944925,29.195829959128265,52.87881678865597,-56.08569821890689,0.939452174431975,1.1740848511371298,2.113537025569105,7.0280859394492445,61.24347041231688
0.74,0.222,MCP,0,16.47641,32.58612,0,-0.825526,-4.80967,0,15.4,30,30,33.14323319944048,86.13703064865625,3.947652920399126,-86.0465227966105,0.3847733425433272,-0.045845975044826535,0.3389273674985006,3.1432331994404805,21.91315552773987
0.74,0.222,PIP,53.867484000000005,64.61197,72.688312,-13.3704,-20.0947,-30.1659,53.267,63.467,73.667,20.4,25.705275404989703,38.28815468013729,39.20769754452855,-48.74091667547555,0.6713636533213444,0.39291235735613717,1.0642760106774811,5.305275404989704,42.8746490278195
0.74,0.222,DIP,79.66879999999999,81.73859999999999,77.40690000000001,-44.992,-58.396,-71.3774,90.267,100.467,110.667,20.400000000000006,27.50607604917327,28.937093007499627,52.90195113174586,-55.987051313601334,0.9505473145503772,1.181039035196322,2.131586349746699,7.106076049173264,61.89867020752992
0.75,0.225,MCP,0,16.491030000000002,32.60857,0,-0.839149,-4.87639,0,15.4,30,30,33.18018240946121,85.2540061444448,3.9333193428025117,-85.16322306385878,0.3891920615817682,-0.046152858414614716,0.3430392031671534,3.18018240946121,22.1358471723821
0.75,0.225,PIP,53.851413,64.5817,72.58901,-13.5177,-20.3084,-30.4675,53.267,63.467,73.667,20.4,25.757161840088177,37.98198337055173,39.19101210093825,-48.556303086305505,0.6781415701439718,0.39627319004383893,1.074414760187811,5.357161840088178,43.2471897405173
0.75,0.225,DIP,79.4139,81.3133,76.72800000000001,-45.3627,-58.8269,-71.7602,90.267,100.467,110.667,20.400000000000006,27.58459079609456,28.682900944113474,52.77130945000167,-55.98725530151569,0.9617085402149911,1.1913413698762512,2.1530499100912417,7.184590796094554,62.55814633845
0.76,0.228,MCP,0,16.51689,32.63853,0,-0.873071,-5.01306,0,15.4,30,30,33.23924739476862,83.70269706844677,3.8617666703188576,-83.61356501618731,0.3971108286700447,-0.0461530887633172,0.35095773990672796,3.2392473947686184,22.574787560689916
0.76,0.228,PIP,53.810087,64.49949,72.39305,-13.815,-20.7167,-30.9991,53.267,63.467,73.667,20.4,25.812946486433102,37.654457825251306,39.023829602565456,-48.444825097601075,0.6855216613721307,0.40354688766915103,1.0890685490412821,5.412946486433103,43.6612924777497
0.76,0.228,DIP,78.9943,80.6603,75.76259999999999,-45.9917,-59.5221,-72.3798,90.267,100.467,110.667,20.400000000000006,27.663481289843734,28.43343515726363,52.42988646666465,-56.13034727033471,0.9729208284837436,1.206197169952684,2.1791179984364284,7.263481289843728,63.22210879912231
0.77,0.231,MCP,0,16.556910000000002,32.67654,0,-0.932618,-5.23838,0,15.4,30,30,33.32612526113391,81.3823035191254,3.7254225876554585,-81.29698981279957,0.40950088434523163,-0.0457928169784429,0.36370806736678835,3.3261252611339103,23.28534730549302
0.77,0.231,PIP,53.733601,64.347015,72.06803000000001,-14.3006,-21.3701,-31.8186,53.267,63.467,73.667,20.4,25.873579864454474,37.3038664639307,38.664548404812905,-48.42540193411031,0.6935897620551417,0.4158352874537534,1.1094250495088949,5.473579864454475,44.128870517660445
0.77,0.231,DIP,78.3586,79.7119,74.4299,-46.9413,-60.542,-73.2864,90.267,100.467,110.667,20.400000000000006,27.74256466976442,28.18895073148127,51.82161276300784,-56.449467632388156,0.984164502397802,1.2267476837258564,2.210912186123658,7.342564669764414,63.88714962121527
0.78,0.234,MCP,0,16.61013,32.7205,0,-1.01749,-5.55134,0,15.4,30,30,33.44071711385856,78.44474034708985,3.5358082462273717,-78.36501354666032,0.42629648547366433,-0.045089149163938295,0.3812073363097263,3.440717113858561,24.269135704463952
0.78,0.234,PIP,53.616061,64.115432,71.60072,-14.9725,-22.2661,-32.9237,53.267,63.467,73.667,20.4,25.940967140489374,36.915099949977844,38.12304573367351,-48.47908267078617,0.7027196777373196,0.4331072492390216,1.1358269269763408,5.540967140489375,44.66850032882655
0.78,0.234,DIP,77.4861,78.44069999999999,72.6987,-48.2059,-61.8764,-74.4608,90.267,100.467,110.667,20.400000000000006,27.822657481569603,27.94677163201649,50.935423242911504,-56.92849183916585,0.995558909197773,1.2533784511072554,2.2489373603050278,7.422657481569598,64.56345665143702
0.79,0.237,MCP,0,16.67557,32.76645,0,-1.12691,-5.94749,0,15.4,30,30,33.580970136535186,75.09169814344887,3.306199174776408,-75.01887880449527,0.44719950363068,-0.04404306185492186,0.4031564417757586,3.5809701365351856,25.50451105482126
0.79,0.237,PIP,53.452020000000005,63.798804,70.98703,-15.816,-23.3836,-34.2841,53.267,63.467,73.667,20.4,26.01358894884993,36.502573077088336,37.4110434490721,-48.60509746456519,0.7126508285844086,0.45498387648570554,1.167634705070114,5.61358894884993,45.2657839334652
0.79,0.237,DIP,76.37989999999999,76.8574,70.59100000000001,-49.7445,-63.4765,-75.8498,90.267,100.467,110.667,20.400000000000006,27.903811251036398,27.70712630252208,49.792994947165695,-57.543302962986374,1.0070987133911615,1.2854676865097743,2.2925663999009354,7.503811251036392,65.24918024071242
0.8,0.24,MCP,0,16.74958,32.80975,0,-1.25602,-6.40927,0,15.4,30,30,33.74130569157278,71.59345545472019,3.058122619696831,-71.5281116064859,0.4712903641438667,-0.04272811432340884,0.42856224982045765,3.7413056915727765,26.93733343701776
0.8,0.24,PIP,53.240646600000005,63.3997526,70.23964000000001,-16.7912,-24.6685,-35.8319,53.267,63.467,73.667,20.4,26.08940352510117,36.08187315857531,36.564111296413294,-48.787992665824234,0.7230612282915997,0.48045866818339394,1.2035198964749934,5.68940352510117,45.89777861045059
0.8,0.24,DIP,75.0713,75.0131,68.18180000000001,-51.4744,-65.2508,-77.3636,90.267,100.467,110.667,20.400000000000006,27.984343938354176,27.474223868150904,48.44573018977144,-58.250240127830544,1.0185672240515817,1.3215998335130177,2.3401670575645994,7.58434393835417,65.93007951742108
0.81,0.243,MCP,0,16.82786,32.84468,0,-1.39695,-6.90794,0,15.4,30,30,33.91137941266821,68.21495695390283,2.8139286932603493,-68.15689369045556,0.4971252776071424,-0.04126261275037041,0.4558626648567716,3.911379412668211,28.464515460911212
0.81,0.243,PIP,52.99054,62.938248,69.3954,-17.8301,-26.0336,-37.4627,53.267,63.467,73.667,20.4,26.167589009082135,35.65747731109244,35.65199650352879,-48.98825459253081,0.7338597955425702,0.5077961541491434,1.2416559496917141,5.767589009082137,46.55588544075951
0.81,0.243,DIP,73.6265,72.9986,65.5856,-53.2759,-67.0752,-78.8843,90.267,100.467,110.667,20.400000000000006,28.065847021940026,27.24344458851289,46.98639244368884,-58.97764906809707,1.0301871678067427,1.3599486841184754,2.3901358519252187,7.665847021940021,66.62011111819929
0.82,0.246,MCP,0,16.90364,32.87184,0,-1.53842,-7.40776,0,15.4,30,30,34.083230663881636,65.1750121043704,2.594875951729124,-65.12333546126123,0.522949356868568,-0.039824495660862866,0.48312486120770515,4.083230663881636,30.013431759365996
0.82,0.246,PIP,52.714105000000004,62.43734,68.50114,-18.8699,-27.3938,-39.0776,53.267,63.467,73.667,20.4,26.245486291056,35.24724832429908,34.734668338856785,-49.186700157383754,0.7446109281944328,0.5352949571347096,1.2799058853291425,5.845486291056002,47.21280386471085
0.82,0.246,DIP,72.12,70.9186,62.9369,-55.0399,-68.8369,-80.3142,90.267,100.467,110.667,20.400000000000006,28.146079399376912,27.022127988399966,45.497940700085124,-59.67254067819687,1.0415937416719896,1.398506440234549,2.440100181906539,7.746079399376907,67.29806885221024
0.83,0.249,MCP,0,16.976020000000002,32.8886,0,-1.67487,-7.8866,0,15.4,30,30,34.24737259988203,62.533767835161974,2.4055587410892376,-62.48748200083843,0.5476620677992339,-0.03847764992253041,0.5091844178767032,4.247372599882027,31.483356760423817
0.83,0.249,PIP,52.429055000000005,61.93069,67.60886,-19.8532,-28.6779,-40.5923,53.267,63.467,73.667,20.4,26.32191113402336,34.855872222117135,33.87362256073303,-49.35960193850067,0.7551643225648873,0.5613711183546171,1.3165354409195047,5.921911134023361,47.85310526361896
0.83,0.249,DIP,70.6371,68.8831,60.3648,-56.6749,-70.4495,-81.5801,90.267,100.467,110.667,20.400000000000006,28.226951500235646,26.80265133374708,44.07966136770697,-60.29216026301723,1.0531402714139417,1.4354241962558614,2.4885644676698027,7.826951500235641,67.98400754397476
0.84,0.252,MCP,0,17.0391,32.89702,0,-1.79659,-8.31302,0,15.4,30,30,34.39431249618614,60.375106745983786,2.252792419151992,-60.33306258516261,0.5696770465498859,-0.03732192986965215,0.5323551166802337,4.394312496186139,32.7842017584055
0.84,0.252,PIP,52.159150000000004,61.45697,66.78242,-20.7191,-29.8079,-41.9201,53.267,63.467,73.667,20.4,26.394056530856886,34.499338869898416,33.1242666747713,-49.491962201300275,0.7650597778233483,0.5844566720617203,1.3495164498850687,5.994056530856888,48.44739608472733
0.84,0.252,DIP,69.2768,67.0231,58.026,-58.0918,-71.8294,-82.6236,90.267,100.467,110.667,20.400000000000006,28.30632218152462,26.59173985592611,42.82391830489587,-60.80577836949273,1.0644780046318183,1.4685573506162004,2.5330353552480194,7.906322181524615,68.6514731248002
0.85,0.255,MCP,0,17.09096,32.90086,0,-1.89721,-8.66666,0,15.4,30,30,34.51833598050558,58.703601465837366,2.1386178308551425,-58.66463277677114,0.5880105328902788,-0.03643884059935531,0.5515716922909233,4.518335980505583,33.86213736358776
0.85,0.255,PIP,51.92394,61.04903,66.07339,-21.4314,-30.7372,-43.0108,53.267,63.467,73.667,20.4,26.46030210096605,34.18274440746919,32.52743933314034,-49.57808323456387,0.7740836073766001,0.6033879721803204,1.3774715795569203,6.060302100966052,48.9784083777657
0.85,0.255,DIP,68.1124,65.43029999999999,56.0236,-59.2436,-72.9388,-83.4257,90.267,100.467,110.667,20.400000000000006,28.383779308958218,26.390851349591518,41.794134778268045,-61.1996037512262,1.0755158646823095,1.4966115654615335,2.572127430143843,7.983779308958212,69.30007228626802
0.86,0.258,MCP,0,17.13111,32.90342,0,-1.97345,-8.93662,0,15.4,30,30,34.615962913498244,57.49101862622409,2.0606938225919946,-57.45407525711624,0.6021107947060871,-0.03585143178278057,0.5662593629233065,4.615962913498244,34.67883326147768
0.86,0.258,PIP,51.739720000000005,60.732549999999996,65.51746,-21.9692,-31.4417,-43.8413,53.267,63.467,73.667,20.4,26.520945683521404,33.90198362417806,32.109876896198884,-49.609998710858356,0.7822830067267014,0.6175231658041247,1.399806172530826,6.1209456835214056,49.4490660752204
0.86,0.258,DIP,67.191,64.1575,54.4087,-60.1133,-73.7701,-83.9886,90.267,100.467,110.667,20.400000000000006,28.46135423850784,26.192848786422328,41.03322510546031,-61.4683424771846,1.086607816911517,1.5190399240544028,2.60564774096592,8.061354238507835,69.95035058817126
0.87,0.261,MCP,0,17.15999,32.90738,0,-2.02517,-9.12449,0,15.4,30,30,34.688012328377596,56.66747157978966,2.016007529038764,-56.63159938487635,0.6121326990835604,-0.035583606929062234,0.5765490921544981,4.688012328377596,35.24463228461606
0.87,0.261,PIP,51.61047000000001,60.5122,65.11959,-22.3399,-31.9323,-44.4269,53.267,63.467,73.667,20.4,26.575753275818542,33.65811241061991,31.86052520382277,-49.594408096714524,0.7895794318945016,0.6270779100360154,1.4166573419305166,6.175753275818543,49.85675893537568
0.87,0.261,DIP,66.5162,63.2082,53.1824,-60.7223,-74.3493,-84.3456,90.267,100.467,110.667,20.400000000000006,28.53724776744973,26.003242989632035,40.52876174741044,-61.62877616940148,1.0974495673031264,1.5359291424940684,2.6333787097971944,8.137247767449725,70.58402054389214
0.88,0.264,MCP,0,17.18038,32.913380000000004,0,-2.05808,-9.24929,0,15.4,30,30,34.74028155055999,56.12320670713946,1.994571295328174,-56.08775282038099,0.6190002957571679,-0.035546639597373496,0.583453656159794,4.740281550559992,35.61577696207869
0.88,0.264,PIP,51.526320000000005,60.370239999999995,64.85092,-22.5826,-32.2581,-44.8241,53.267,63.467,73.667,20.4,26.624777883591634,33.447552148857575,31.738791387619333,-49.5491061912878,0.7960157372682659,0.6330403371199494,1.4290560743882152,6.224777883591635,50.202240594107955
0.88,0.264,DIP,66.04339999999999,62.5244,52.273900000000005,-61.1328,-74.7399,-84.555,90.267,100.467,110.667,20.400000000000006,28.611171383174845,25.821271841391347,40.228699610596976,-61.71531464564027,1.108046557850466,1.5482349258521027,2.6562814837025686,8.21117138317484,71.19747755237213
0.89,0.267,MCP,0,17.19516,32.921170000000004,0,-2.07813,-9.33051,0,15.4,30,30,34.77876999769003,55.76512872734863,1.9879167140810448,-55.72968481084063,0.6236651970756347,-0.035655579662541195,0.5880096174130935,4.778769997690027,35.85025419376752
0.89,0.267,PIP,51.474850000000004,60.28476,64.67306,-22.7366,-32.4708,-45.0934,53.267,63.467,73.667,20.4,26.670988693299087,33.254510784949424,31.709053072405425,-49.47937022605194,0.8020261932516548,0.6364937436236605,1.4385199368753154,6.270988693299088,50.51687167748049
0.89,0.267,DIP,65.709,62.0184,51.5741,-61.4098,-75.0047,-84.6638,90.267,100.467,110.667,20.400000000000006,28.685558351019232,25.641618322283964,40.06961055778828,-61.747881671036446,1.1187109171689806,1.5576110643451273,2.676321981514108,8.285558351019226,71.8130232492859
0.9,0.27,MCP,0,17.208380000000002,32.92942,0,-2.09477,-9.40138,0,15.4,30,30,34.81421516997081,55.44868158253754,1.9862714756992264,-55.413094254575434,0.6278637142733229,-0.03582946360749238,0.5920342506658303,4.814215169970808,36.0556729744238
0.9,0.27,PIP,51.43038,60.210699999999996,64.51214,-22.8706,-32.659,-45.3355,53.267,63.467,73.667,20.4,26.717210919827853,33.06341013992427,31.699693156097734,-49.40150814029383,0.8080597496374596,0.6394484180609925,1.4475081676984523,6.317210919827854,50.830723676727175
0.9,0.27,DIP,65.39999999999999,61.5447,50.9144,-61.6576,-75.2399,-84.7449,90.267,100.467,110.667,20.400000000000006,28.759457204015515,25.466432144777492,39.9338045436556,-61.76739601003919,1.1293084575223207,1.5664849120835935,2.695793369605914,8.35945720401551,72.42431825517353
0.91,0.273,MCP,0,17.22458,32.93587,0,-2.11894,-9.49575,0,15.4,30,30,34.85668976982666,55.05427165560561,1.9742929865321823,-55.01886035472335,0.6331332469145028,-0.03586854079079472,0.5972647061237081,4.856689769826659,36.33010747758888
0.91,0.273,PIP,51.36771,60.1063,64.30527000000001,-23.0502,-32.9029,-45.638,53.267,63.467,73.667,20.4,26.76352331348033,32.87485340665707,31.640466154753707,-49.348333712858484,0.8141031986491167,0.6435897737813745,1.4576929724304912,6.363523313480332,51.14763128796186
0.91,0.273,DIP,65.02449999999999,60.9882,50.1633,-61.9655,-75.5279,-84.8629,90.267,100.467,110.667,20.400000000000006,28.833006248012406,25.296287219847578,39.72863682825834,-61.819029847585895,1.1398117833430474,1.5765865429473878,2.716398326290435,8.4330062480124,73.03402974619577
0.92,0.276,MCP,0,17.24856,32.93749,0,-2.16127,-9.6495,0,15.4,30,30,34.91721096352982,54.444754465154304,1.9420184010494934,-54.41010800670152,0.6413328759867493,-0.03567709076649811,0.6056557852202513,4.9172109635298185,36.77978901689697
0.92,0.276,PIP,51.25838,59.92291,63.973330000000004,-23.3452,-33.2928,-46.1006,53.267,63.467,73.667,20.4,26.812709377526136,32.676469574351195,31.457744081683437,-49.33917009065316,0.8205509875085247,0.6509722020458775,1.4715231895544025,6.412709377526138,51.4942124998384
0.92,0.276,DIP,64.46549999999999,60.1992,49.1495,-62.4336,-75.9588,-85.0794,90.267,100.467,110.667,20.400000000000006,28.906626880190654,25.127732700783195,39.342528929713225,-61.94444227130363,1.1503873916682374,1.5902644035545972,2.7406517952228353,8.506626880190648,73.64178627286883
0.93,0.279,MCP,0,17.28235,32.93201,0,-2.22788,-9.88344,0,15.4,30,30,35.00267435059732,53.561269286005434,1.8844272290325892,-53.52810945238464,0.6535071856436171,-0.03518990931432764,0.6183172763292895,5.002674350597317,37.476298190255314
0.93,0.279,PIP,51.081880000000005,59.62529,63.4592,-23.7984,-33.8834,-46.7849,53.267,63.467,73.667,20.4,26.867901347313108,32.45110622235859,31.111792144267763,-49.37709985142201,0.8279502449997007,0.6628807174253196,1.4908309624250204,6.467901347313109,51.90751746810508
0.93,0.279,DIP,63.634899999999995,59.0637,47.743500000000004,-63.1217,-76.5809,-85.4186,90.267,100.467,110.667,20.400000000000006,28.981032141182357,24.96111416324503,38.69246292552104,-62.15627105066734,1.1610472173496411,1.6094832943854906,2.7705305117351324,8.581032141182352,74.25905642498952
0.94,0.282,MCP,0,17.32789,32.91539,0,-2.32437,-10.2136,0,15.4,30,30,35.11752254090952,52.384265012806765,1.7971313210003006,-52.353429113545666,0.6703830345300078,-0.03431343418875248,0.6360696003412557,5.117522540909519,38.46124218368795
0.94,0.282,PIP,50.821000000000005,59.18681,62.725500000000004,-24.4366,-34.7062,-47.7212,53.267,63.467,73.667,20.4,26.9290833177608,32.202886476010725,30.570426150346517,-49.475373055933964,0.8362319737338265,0.6800648369515465,1.5162968106853731,6.529083317760801,52.38479952105427
0.94,0.282,DIP,62.4843,57.5253,45.888000000000005,-64.0546,-77.4108,-85.8843,90.267,100.467,110.667,20.400000000000006,29.056368218236372,24.79528947303475,37.73995106000878,-62.466023408348455,1.171850332694668,1.6349079141469778,2.806758246841645,8.656368218236366,74.88572747993823
0.95,0.285,MCP,0,17.38528,32.88322,0,-2.45307,-10.6455,0,15.4,30,30,35.26326325846095,50.94360525981196,1.681457898138404,-50.91584837950094,0.6922019570193081,-0.03301225619464628,0.6591897008246617,5.2632632584609524,39.74788422283774
0.95,0.285,PIP,50.463300000000004,58.589749999999995,61.751400000000004,-25.2656,-35.7651,-48.9072,53.267,63.467,73.667,20.4,26.994518765934096,31.9395630212126,29.820191109536314,-49.637668876533034,0.845174955837866,0.7027490301551099,1.5479239859929759,6.594518765934097,52.910398048296926
0.95,0.285,DIP,60.9939,55.5682,43.5763,-65.2224,-78.4315,-86.4562,90.267,100.467,110.667,20.400000000000006,29.131795991958406,24.633065765430576,36.47347477308243,-62.86938582767287,1.1826297331143099,1.6664647807225543,2.849094513836864,8.7317959919584,75.51213844350842
0.96,0.288,MCP,0,17.45083,32.8332,0,-2.60777,-11.1587,0,15.4,30,30,35.433905408057136,49.34842170286024,1.5495014325480525,-49.32408914388444,0.7180352316313975,-0.0314043712784219,0.6866308603529754,5.433905408057136,41.28189545772562
0.96,0.288,PIP,50.014700000000005,57.8461,60.558400000000006,-26.2434,-37.0066,-50.2812,53.267,63.467,73.667,20.4,27.065301718378034,31.657712124369553,28.903838887191128,-49.83454834053546,0.8549354928761147,0.7299700808938916,1.5849055737700062,6.665301718378036,53.49345916306772
0.96,0.288,DIP,59.198899999999995,53.2408,40.8712,-66.555,-79.5689,-87.0635,90.267,100.467,110.667,20.400000000000006,29.20730800183197,24.473400023007844,34.94030074421832,-63.31962199526099,1.193430744170148,1.7033842343279613,2.896814978498109,8.807308001831963,76.1412816461154
0.97,0.291,MCP,0,17.52107,32.76519,0,-2.78071,-11.7266,0,15.4,30,30,35.62201123669354,47.71302668949958,1.4121370544138319,-47.692124976902114,0.7465887978247465,-0.029600790269825945,0.7169880075549205,5.622011236693538,42.98813930628781
0.97,0.291,PIP,49.48950000000001,56.98265,59.1926,-27.3158,-38.3605,-51.762,53.267,63.467,73.667,20.4,27.140387272900437,31.363424013917886,27.87630926628063,-50.0431921113855,0.8653515400887535,0.7602751974384787,1.6256267375272322,6.740387272900438,54.12490809683474
0.97,0.291,DIP,57.1707,50.6372,37.8857,-67.9647,-80.7372,-87.6335,90.267,100.467,110.667,20.400000000000006,29.28395234530792,24.31420614341667,33.22089259611194,-63.77097305356803,1.2043968111719272,1.7441437061089666,2.9485405172808936,8.883952345307915,76.78050869142831
0.98,0.294,MCP,0,17.59244,32.67914,0,-2.96371,-12.3214,0,15.4,30,30,35.818086515498834,46.12329614989091,1.27868720447828,-46.105568066814286,0.776572567561036,-0.02772679238160682,0.7488457751794292,5.818086515498834,44.770874100388255
0.98,0.294,PIP,48.91024,56.0378,57.7169,-28.4232,-39.7514,-53.2631,53.267,63.467,73.667,20.4,27.21663851334644,31.071454314905345,26.792283275265117,-50.245923559766894,0.8759370654977773,0.7921169652125762,1.6680540307103537,6.81663851334644,54.76899002326111
0.98,0.294,DIP,55.0111,47.8914,34.7769,-69.3635,-81.8577,-88.1145,90.267,100.467,110.667,20.400000000000006,29.36068880441698,24.157387608153343,31.413666925016127,-64.1923755263272,1.2153917170459059,1.7865254984703591,3.001917215516265,8.960688804416975,77.41967615240212
0.99,0.297,MCP,0,17.65951,32.58164,0,-3.14489,-12.9048,0,15.4,30,30,36.011008220236384,44.68043193903134,1.1555399885241155,-44.66548696245607,0.8059682204812879,-0.025865211971023993,0.7801030085102638,6.011008220236384,46.525279488121456
0.99,0.297,PIP,48.311910000000005,55.070319999999995,56.2243,-29.4957,-41.0889,-54.6891,53.267,63.467,73.667,20.4,27.291214294622925,30.792240370024942,25.72836696343164,-50.42762898231929,0.8863016775222978,0.823334593414911,1.7096362709372093,6.891214294622927,55.39591694549068
0.99,0.297,DIP,52.85229999999999,45.1699,31.730100000000007,-70.6611,-82.8561,-88.4678,90.267,100.467,110.667,20.400000000000006,29.43632539996768,24.006213149001166,29.636132606436714,-64.5530854855014,1.2261961191989352,1.8280594855089027,3.054255604707838,9.036325399967673,78.04974017396061
1,0.3,MCP,0,17.71982,32.48092,0,-3.31248,-13.4411,0,15.4,30,30,36.18982427307611,43.43682386797543,1.0519782298177367,-43.42408328959299,0.8331600022845526,-0.024220948980831762,0.808939053303721,6.189824273076113,48.14113620141212
1,0.3,PIP,47.73659000000001,54.14667,54.80970000000001,-30.4684,-42.2967,-55.9618,53.267,63.467,73.667,20.4,27.36316816615684,30.529546402030103,24.759833916756193,-50.57118297661365,0.8962847926341051,0.8520126360086329,1.748297428642738,6.963168166156841,55.99446415764739
1,0.3,DIP,50.8236,42.6259,28.9075,-71.7895,-83.684,-88.6738,90.267,100.467,110.667,20.400000000000006,29.511693416120114,23.857441434628953,28.002735312642805,-64.83352079300953,1.2370016079462756,1.866658155624965,3.103659763571241,9.111693416120108,78.67642575743582
