u1,u2,joint,pressure
0.0,-0.0,MCP_start,0.003
0.0,-0.0,MCP_start,0.006
0.0,-0.0,MCP_start,0.009
0.0,-0.0,MCP_start,0.012
0.0,-0.0,MCP_start,0.015
0.0,-0.0,MCP_start,0.018
0.0,-0.0,MCP_start,0.021
0.0,-0.0,MCP_start,0.024
0.0,-0.0,MCP_start,0.027
0.0,-0.0,MCP_start,0.03
0.0,-0.0,MCP_start,0.033
0.0,-0.0,MCP_start,0.036
0.0,-0.0,MCP_start,0.039
0.0,-0.0,MCP_start,0.042
0.0,-0.0,MCP_start,0.045
0.0,-0.0,MCP_start,0.048
0.0,-0.0,MCP_start,0.051
0.0,-0.0,MCP_start,0.054
0.0,-0.0,MCP_start,0.057
0.0,-0.0,MCP_start,0.06
0.0,-0.0,MCP_start,0.063
0.0,-0.0,MCP_start,0.066
0.0,-0.0,MCP_start,0.069
0.0,-0.0,MCP_start,0.072
0.0,-0.0,MCP_start,0.075
0.0,-0.0,MCP_start,0.078
0.0,-0.0,MCP_start,0.081
0.0,-0.0,MCP_start,0.084
0.0,-0.0,MCP_start,0.087
0.0,-0.0,MCP_start,0.09
0.0,-0.0,MCP_start,0.093
0.0,-0.0,MCP_start,0.096
0.0,-0.0,MCP_start,0.099
0.0,-0.0,MCP_start,0.102
0.0,-0.0,MCP_start,0.105
0.0,-0.0,MCP_start,0.108
0.0,-0.0,MCP_start,0.111
0.0,-0.0,MCP_start,0.114
0.0,-0.0,MCP_start,0.117
0.0,-0.0,MCP_start,0.12
0.0,-0.0,MCP_start,0.123
0.0,-0.0,MCP_start,0.126
0.0,-0.0,MCP_start,0.129
0.0,-0.0,MCP_start,0.132
0.0,-0.0,MCP_start,0.135
0.0,-0.0,MCP_start,0.138
0.0,-0.0,MCP_start,0.141
0.0,-0.0,MCP_start,0.144
0.0,-0.0,MCP_start,0.147
0.0,-0.0,MCP_start,0.15
0.0,-0.0,MCP_start,0.153
0.0,-0.0,MCP_start,0.156
0.0,-0.0,MCP_start,0.159
0.0,-0.0,MCP_start,0.162
0.0,-0.0,MCP_start,0.165
0.0,-0.0,MCP_start,0.168
0.0,-0.0,MCP_start,0.171
0.0,-0.0,MCP_start,0.174
0.0,-0.0,MCP_start,0.177
0.0,-0.0,MCP_start,0.18
0.0,-0.0,MCP_start,0.183
0.0,-0.0,MCP_start,0.186
0.0,-0.0,MCP_start,0.189
0.0,-0.0,MCP_start,0.192
0.0,-0.0,MCP_start,0.195
0.0,-0.0,MCP_start,0.198
0.0,-0.0,MCP_start,0.201
0.0,-0.0,MCP_start,0.204
0.0,-0.0,MCP_start,0.207
0.0,-0.0,MCP_start,0.21
0.0,-0.0,MCP_start,0.213
0.0,-0.0,MCP_start,0.216
0.0,-0.0,MCP_start,0.219
0.0,-0.0,MCP_start,0.222
0.0,-0.0,MCP_start,0.225
0.0,-0.0,MCP_start,0.228
0.0,-0.0,MCP_start,0.231
0.0,-0.0,MCP_start,0.234
0.0,-0.0,MCP_start,0.237
0.0,-0.0,MCP_start,0.24
0.0,-0.0,MCP_start,0.243
0.0,-0.0,MCP_start,0.246
0.0,-0.0,MCP_start,0.249
0.0,-0.0,MCP_start,0.252
0.0,-0.0,MCP_start,0.255
0.0,-0.0,MCP_start,0.258
0.0,-0.0,MCP_start,0.261
0.0,-0.0,MCP_start,0.264
0.0,-0.0,MCP_start,0.267
0.0,-0.0,MCP_start,0.27
0.0,-0.0,MCP_start,0.273
0.0,-0.0,MCP_start,0.276
0.0,-0.0,MCP_start,0.279
0.0,-0.0,MCP_start,0.282
0.0,-0.0,MCP_start,0.285
0.0,-0.0,MCP_start,0.288
0.0,-0.0,MCP_start,0.291
0.0,-0.0,MCP_start,0.294
0.0,-0.0,MCP_start,0.297
0.0,-0.0,MCP_start,0.3
30.58525405845947,-0.023562859508197476,MCP_end,0.003
30.599936159411662,-0.04860724826330209,MCP_end,0.006
30.614726504109367,-0.07514137251643262,MCP_end,0.009
30.629641177020066,-0.1031738058961004,MCP_end,0.012
30.644697039533803,-0.1327135377969766,MCP_end,0.015
30.659911718866777,-0.1637700242283377,MCP_end,0.018
30.675303595849424,-0.1963532411014137,MCP_end,0.021
30.690891791476222,-0.23047373993210893,MCP_end,0.024
30.70669615208939,-0.2661427059325233,MCP_end,0.027
30.722737233062688,-0.3033720184613385,MCP_end,0.03
30.739036280846545,-0.34217431379945923,MCP_end,0.033
30.75561521322993,-0.38256305021328807,MCP_end,0.036
30.772496597669477,-0.42455257526364315,MCP_end,0.039
30.78970362753106,-0.46815819531361585,MCP_end,0.042
30.80726009608397,-0.513396247183566,MCP_end,0.045
30.825190368083,-0.5602841718959757,MCP_end,0.048
30.84351934876901,-0.6088405904470053,MCP_end,0.051
30.862272450113835,-0.6590853815353234,MCP_end,0.054
30.881475554131075,-0.7110397611720727,MCP_end,0.057
30.90115497307013,-0.7647263640887156,MCP_end,0.06
30.921337406306698,-0.8201693268519403,MCP_end,0.063
30.94204989373937,-0.8773943725868001,MCP_end,0.066
30.96331976549821,-0.9364288972007888,MCP_end,0.069
30.985174587768313,-0.9973020569926451,MCP_end,0.072
31.00764210452799,-1.06004485752028,MCP_end,0.075
31.030750174999067,-1.12469024359235,MCP_end,0.078
31.054526706604147,-1.1912731902376659,MCP_end,0.081
31.07899958322411,-1.2598307944958032,MCP_end,0.084
31.104196588547524,-1.3304023678609473,MCP_end,0.087
31.130145324302635,-1.4030295291992427,MCP_end,0.09
31.156873123162107,-1.477756297947596,MCP_end,0.093
31.184406956110614,-1.554629187389142,MCP_end,0.096
31.212773334065798,-1.6336972977873174,MCP_end,0.099
31.241998203544384,-1.715012409146746,MCP_end,0.102
31.27210683616662,-1.7986290733549497,MCP_end,0.105
31.303123711794704,-1.8846047054442325,MCP_end,0.108
31.335072395103868,-1.9729996736979316,MCP_end,0.111
31.36797540538839,-2.0638773883096935,MCP_end,0.114
31.401854079409226,-2.157304388288404,MCP_end,0.117
31.436728427095503,-2.253350426285001,MCP_end,0.12
31.472616979917834,-2.352088551000566,MCP_end,0.123
31.50953663175872,-2.4535951868179113,MCP_end,0.126
31.5475024721131,-2.5579502102813247,MCP_end,0.129
31.586527611460955,-2.665237023031244,MCP_end,0.132
31.62662299866394,-2.7755426207824923,MCP_end,0.135
31.667797230248837,-2.8889576579161917,MCP_end,0.138
31.710056351452792,-3.005576507236864,MCP_end,0.141
31.753403648918606,-3.1254973144272853,MCP_end,0.144
31.79783943494257,-3.2488220467146265,MCP_end,0.147
31.84336082319335,-3.375656535242308,MCP_end,0.15
31.889961495837134,-3.5061105106227077,MCP_end,0.153
31.93763146202274,-3.6402976311266553,MCP_end,0.156
31.986356807700076,-3.7783355029464802,MCP_end,0.159
32.036119436766455,-3.9203456919501916,MCP_end,0.162
32.08689680355795,-4.066453726325556,MCP_end,0.165
32.13866163672706,-4.216789089493996,MCP_end,0.168
32.191381654573775,-4.371485202655964,MCP_end,0.171
32.24501927192424,-4.530679396311241,MCP_end,0.174
32.299531298680485,-4.694512870080215,MCP_end,0.177
32.3548686301949,-4.863130640134983,MCP_end,0.18
32.410975929656004,-5.036681473532811,MCP_end,0.183
32.46779130270555,-5.215317808728756,MCP_end,0.186
32.52524596454345,-5.399195661529331,MCP_end,0.189
32.58326389981432,-5.588474515735274,MCP_end,0.192
32.64176151560891,-5.783317197708317,MCP_end,0.195
32.70064728795541,-5.983889734085343,MCP_end,0.198
32.75982140221833,-6.1903611918525545,MCP_end,0.201
32.819175387868036,-6.40290349998325,MCP_end,0.204
32.87859174813103,-6.621691251835138,MCP_end,0.207
32.93794358507948,-6.846901487497087,MCP_end,0.21
32.99709422076979,-7.07871345527097,MCP_end,0.213
33.055896815091955,-7.317308351471999,MCP_end,0.216
33.11419398104653,-7.562869037730621,MCP_end,0.219
33.17181739822152,-7.81557973498097,MCP_end,0.222
33.228587425300155,-8.075625693325296,MCP_end,0.225
33.28431271249002,-8.343192836970475,MCP_end,0.228
33.338789814825425,-8.618467383442294,MCP_end,0.231
33.391802807358175,-8.90163543629552,MCP_end,0.234
33.443122903316564,-9.19288255055316,MCP_end,0.237
33.49250807637863,-9.492393270126804,MCP_end,0.24
33.53970268827325,-9.800350636491908,MCP_end,0.243
33.58443712299199,-10.116935667917314,MCP_end,0.246
33.626427428964206,-10.442326808577363,MCP_end,0.249
33.66537497061989,-10.776699346908153,MCP_end,0.252
33.70096609083647,-11.120224802606453,MCP_end,0.255
33.732871785839194,-11.473070281711319,MCP_end,0.258
33.76074739419846,-11.835397799254086,MCP_end,0.261
33.784232301641524,-12.207363569012987,MCP_end,0.264
33.80294966347107,-12.589117259963837,MCP_end,0.267
33.81650614645734,-12.980801219078263,MCP_end,0.27
33.82449169214569,-13.382549660186601,MCP_end,0.273
33.82647930359528,-13.794487818692932,MCP_end,0.276
33.82202485763876,-14.216731072006052,MCP_end,0.279
33.810666944825684,-14.649384025631953,MCP_end,0.282
33.79192673928408,-15.092539564960964,MCP_end,0.285
33.76530790080531,-15.546277872876157,MCP_end,0.288
33.73029651152608,-16.01066541340954,MCP_end,0.291
33.68636104964805,-16.485753881778102,MCP_end,0.294
33.63295240270037,-16.971579121244254,MCP_end,0.297
33.569503922911466,-17.4681600073637,MCP_end,0.3
50.15918320970224,-0.07622766871148863,PIP_start,0.003
50.173635676807955,-0.1570655475315202,PIP_start,0.006
50.18801084699703,-0.24252127713103405,PIP_start,0.009
50.20229655089461,-0.3326026958383418,PIP_start,0.012
50.216479898796436,-0.42731786545260375,PIP_start,0.015
50.23054727081542,-0.5266750983237463,PIP_start,0.018
50.24448430616468,-0.6306829856799981,PIP_start,0.021
50.258275891482384,-0.7393504271818365,PIP_start,0.024
50.2719061480996,-0.8526866616785109,PIP_start,0.027
50.28535841814799,-0.9707012991403936,PIP_start,0.03
50.29861524940043,-1.0934043537372322,PIP_start,0.033
50.31165837873306,-1.2208062780289142,PIP_start,0.036
50.32446871409389,-1.3529179982315633,PIP_start,0.039
50.33702631485872,-1.489750950517727,PIP_start,0.042
50.349310370451576,-1.631317118305001,PIP_start,0.045
50.36129917710342,-1.777629070482697,PIP_start,0.048
50.372970112618944,-1.9287000005210941,PIP_start,0.051
50.38429960901853,-2.0845437664023865,PIP_start,0.054
50.39526312291834,-2.2451749313066482,PIP_start,0.057
50.405835103509744,-2.4106088049799874,PIP_start,0.06
50.41598895799521,-2.580861485705541,PIP_start,0.063
50.425697014336144,-2.7559499027910475,PIP_start,0.066
50.43493048116515,-2.935891859479413,PIP_start,0.069
50.44365940471371,-3.1207060761810363,PIP_start,0.072
50.4518526226036,-3.3104122339185347,PIP_start,0.075
50.45947771434992,-3.5050310178659907,PIP_start,0.078
50.46650094842121,-3.7045841608559926,PIP_start,0.081
50.47288722570238,-3.90909448671838,PIP_start,0.084
50.47860001920471,-4.1185859533048585,PIP_start,0.087
50.483601309868064,-4.333083695043584,PIP_start,0.09
50.48785151829969,-4.552614064857151,PIP_start,0.093
50.49130943229596,-4.777204675266553,PIP_start,0.096
50.49393212999357,-5.006884438492289,PIP_start,0.099
50.495674898499466,-5.241683605351961,PIP_start,0.102
50.496491147850456,-5.4816338027416105,PIP_start,0.105
50.49633232015657,-5.7267680694755105,PIP_start,0.108
50.49514779378613,-5.97712089024608,PIP_start,0.111
50.49288478245418,-6.232728227452434,PIP_start,0.114
50.48948822908109,-6.493627550632367,PIP_start,0.117
50.484900694293806,-6.759857863218583,PIP_start,0.12
50.47906223944852,-7.031459726325712,PIP_start,0.123
50.47191030406064,-7.308475279260046,PIP_start,0.126
50.46337957753629,-7.590948256429065,PIP_start,0.129
50.45340186510791,-7.878924000312653,PIP_start,0.132
50.44190594788715,-8.172449470142665,PIP_start,0.135
50.4288174369582,-8.47157324592179,PIP_start,0.138
50.41405862144725,-8.776345527397197,PIP_start,0.141
50.39754831051606,-9.086818127588366,PIP_start,0.144
50.379201669241844,-9.403044460452755,PIP_start,0.147
50.35893004836083,-9.725079522257017,PIP_start,0.15
50.33664080786866,-10.052979866205423,PIP_start,0.153
50.31223713448871,-10.386803569861264,PIP_start,0.156
50.28561785303786,-10.726610194881378,PIP_start,0.159
50.256677231739246,-11.072460738567973,PIP_start,0.162
50.2253047815528,-11.424417576726876,PIP_start,0.165
50.191385049617324,-11.782544397305882,PIP_start,0.168
50.15479740692139,-12.146906124272343,PIP_start,0.171
50.1154158303465,-12.517568831174472,PIP_start,0.174
50.07310867925251,-12.894599643817326,PIP_start,0.177
50.027738466803825,-13.278066631470775,PIP_start,0.18
49.97916162626518,-13.668038686014333,PIP_start,0.183
49.92722827252705,-14.064585388411835,PIP_start,0.186
49.871781959154184,-14.467776861897672,PIP_start,0.189
49.81265943128526,-14.877683611246535,PIP_start,0.192
49.749690374748226,-15.29437634748906,PIP_start,0.195
49.682697161793925,-15.717925797428295,PIP_start,0.198
49.61149459389001,-16.14840249730485,PIP_start,0.201
49.53588964205873,-16.58587656995342,PIP_start,0.204
49.45568118528519,-17.030417484789496,PIP_start,0.207
49.37065974756674,-17.48209379996281,PIP_start,0.21
49.280607234221286,-17.940972886013537,PIP_start,0.213
49.18529666811915,-18.407120630368617,PIP_start,0.216
49.08449192655367,-18.880601122019,PIP_start,0.219
48.97794747951563,-19.36147631572383,PIP_start,0.222
48.865408130190175,-19.849805675095702,PIP_start,0.225
48.746608758548305,-20.345645793931,PIP_start,0.228
48.62127406896073,-20.849049995162254,PIP_start,0.231
48.48911834281885,-21.36006790682478,PIP_start,0.234
48.349845197205724,-21.87874501444847,PIP_start,0.237
48.20314735071939,-22.405122189306642,PIP_start,0.24
48.04870639761135,-22.93923519197886,PIP_start,0.243
47.88619259146508,-23.48111415071229,PIP_start,0.246
47.71526463970145,-24.030783014097757,PIP_start,0.249
47.53556951026192,-24.588258977611858,PIP_start,0.252
47.34674225188421,-25.15355188361548,PIP_start,0.255
47.14840582944976,-25.72666359444219,PIP_start,0.258
46.940170975947865,-26.307587338257086,PIP_start,0.261
46.721636062665986,-26.896307027418366,PIP_start,0.264
46.492386989281776,-27.492796549130055,PIP_start,0.267
46.25199709559722,-28.09701902823477,PIP_start,0.27
46.00002709672043,-28.708926062061483,PIP_start,0.273
45.73602504356468,-29.328456927313454,PIP_start,0.276
45.45952631059817,-29.955537759057258,PIP_start,0.279
45.17005361284013,-30.590080701954975,PIP_start,0.282
44.86711705416026,-31.23198303396797,PIP_start,0.285
44.550214208997964,-31.881126262852305,PIP_start,0.288
44.21883023967538,-32.53737519586396,PIP_start,0.291
43.87243805153361,-33.20057698319495,PIP_start,0.294
43.51049848817479,-33.87056013577081,PIP_start,0.297
43.13246056914182,-34.54713351815523,PIP_start,0.3
71.39734555460069,-0.27401011535401765,PIP_end,0.003
71.43517399136233,-0.5558194395192688,PIP_end,0.006
71.47317658421191,-0.8455454322422089,PIP_end,0.009
71.51119011385956,-1.1433001874322435,PIP_end,0.012
71.54904607901513,-1.4491903107413244,PIP_end,0.015
71.58657085984001,-1.7633168024549175,PIP_end,0.018
71.62358588537336,-2.085774945847891,PIP_end,0.021
71.65990780473705,-2.4166542011546452,PIP_end,0.024
71.69534866191427,-2.7560381052981615,PIP_end,0.027
71.72971607388689,-3.1040041775174734,PIP_end,0.03
71.7628134119071,-3.4606238310275095,PIP_end,0.033
71.79443998566899,-3.8259622908391613,PIP_end,0.036
71.82439123013714,-4.20007851786086,PIP_end,0.039
71.8524588947788,-4.58302513939587,PIP_end,0.042
71.87843123493832,-4.974848386141951,PIP_end,0.045
71.90209320508264,-5.375588035791907,PIP_end,0.048
71.92322665363861,-5.785277363324888,PIP_end,0.051
71.94161051913402,-6.203943098069204,PIP_end,0.054
71.95702102734565,-6.631605387607586,PIP_end,0.057
71.96923188915068,-7.068277768585628,PIP_end,0.06
71.97801449876867,-7.513967144473254,PIP_end,0.063
71.98313813207524,-7.9686737703177,PIP_end,0.066
71.98437014466033,-8.432391244514408,PIP_end,0.069
71.98147616929849,-8.90510650760982,PIP_end,0.072
71.97422031249064,-9.38679984813685,PIP_end,0.075
71.96236534973329,-9.87744491546999,PIP_end,0.078
71.94567291916262,-10.377008739673,PIP_end,0.081
71.92390371321915,-10.885451758296934,PIP_end,0.084
71.89681766797179,-11.40272785007101,PIP_end,0.087
71.86417414973755,-11.92878437541275,PIP_end,0.09
71.82573213862948,-12.46356222366722,PIP_end,0.093
71.78125040866281,-13.006995866967985,PIP_end,0.096
71.73048770404696,-13.559013420594887,PIP_end,0.099
71.67320291129066,-14.119536709685185,PIP_end,0.102
71.60915522674554,-14.688481342136084,PIP_end,0.105
71.53810431921508,-15.265756787517267,PIP_end,0.108
71.45981048725601,-15.851266461792205,PIP_end,0.111
71.37403481080106,-16.444907817626703,PIP_end,0.114
71.28053929673581,-17.04657244004257,PIP_end,0.117
71.17908701806435,-17.656146147152768,PIP_end,0.12
71.06944224630497,-18.273509095693043,PIP_end,0.123
70.95137057676169,-18.898535891042936,PIP_end,0.126
70.82463904632436,-19.531095701406535,PIP_end,0.129
70.68901624345865,-20.171052375800844,PIP_end,0.132
70.54427241005547,-20.8182645654765,PIP_end,0.135
70.39017953482028,-21.47258584837225,PIP_end,0.138
70.22651143789393,-22.13386485618122,PIP_end,0.141
70.05304384640976,-22.80194540358329,PIP_end,0.144
69.8695544607054,-23.476666619173933,PIP_end,0.147
69.67582301092415,-24.157863077596417,PIP_end,0.15
69.47163130375667,-24.84536493235986,PIP_end,0.153
69.25676325909319,-25.53899804880217,PIP_end,0.156
69.03100493637567,-26.238584136632902,PIP_end,0.159
68.79414455046147,-26.943940881467626,PIP_end,0.162
68.54597247683252,-27.65488207474188,PIP_end,0.165
68.28628124600972,-28.37121774136984,PIP_end,0.168
68.01486552705755,-29.092754264490097,PIP_end,0.171
67.73152210009293,-29.819294506618675,PIP_end,0.174
67.43604981774195,-30.55063792650786,PIP_end,0.177
67.12824955551962,-31.286580690988217,PIP_end,0.18
66.80792415114115,-32.026915781050924,PIP_end,0.183
66.47487833280923,-32.771433091408234,PIP_end,0.186
66.12891863655776,-33.51991952275082,PIP_end,0.189
65.76985331277274,-34.2721590659041,PIP_end,0.192
65.39749222205062,-35.02793287706806,PIP_end,0.195
65.0116467205985,-35.7870193433113,PIP_end,0.198
64.61212953542395,-36.54919413747516,PIP_end,0.201
64.19875462960968,-37.31423026163233,PIP_end,0.204
63.77133705801679,-38.08189807823328,PIP_end,0.207
63.32969281380948,-38.85196532806527,PIP_end,0.21
62.87363866624832,-39.624197134141575,PIP_end,0.213
62.40299199025115,-40.39835599063395,PIP_end,0.216
61.91757058827863,-41.17420173595829,PIP_end,0.219
61.41719250515711,-41.95149150912324,PIP_end,0.222
60.901675836513014,-42.72997968845373,PIP_end,0.225
60.37083853155232,-43.50941781180612,PIP_end,0.228
59.82449819098297,-44.28955447739875,PIP_end,0.231
59.26247186094115,-45.070135224393,PIP_end,0.234
58.68457582384961,-45.85090239237282,PIP_end,0.237
58.09062538720226,-46.63159495888811,PIP_end,0.24
57.48043467133872,-47.41194835424738,PIP_end,0.243
56.85381639734239,-48.19169425276937,PIP_end,0.246
56.21058167626576,-48.9705603397309,PIP_end,0.249
55.55053980095974,-49.748270053279875,PIP_end,0.252
54.873498041855576,-50.52454230061874,PIP_end,0.255
54.17926144812205,-51.299091147803274,PIP_end,0.258
53.46763265569417,-52.07162548254661,PIP_end,0.261
52.738411703744234,-52.84184864946767,PIP_end,0.264
51.99139586124017,-53.60945805727724,PIP_end,0.267
51.22637946531102,-54.37414475745406,PIP_end,0.27
50.44315377321278,-55.135592994027505,PIP_end,0.273
49.641506829762264,-55.89347972415306,PIP_end,0.276
48.8212233521788,-56.647474109241735,PIP_end,0.279
47.98208463434562,-57.39723697648483,PIP_end,0.282
47.12386847257355,-58.14242025070257,PIP_end,0.285
46.24634911501804,-58.88266635653604,PIP_end,0.288
45.3492972369679,-59.61760759110122,PIP_end,0.291
44.43247994428855,-60.346865467327305,PIP_end,0.294
43.49566080736533,-61.07005002831233,PIP_end,0.297
42.538599927950685,-61.78675913314546,PIP_end,0.3
85.00432516707686,-0.5085028138713574,DIP_start,0.003
85.03607151038197,-1.0253592963209708,DIP_start,0.006
85.06389976679677,-1.550615906982492,DIP_start,0.009
85.08761735116943,-2.0843126581416973,DIP_start,0.012
85.10702759936606,-2.6264830074918706,DIP_start,0.015
85.12192996353141,-3.1771537570285755,DIP_start,0.018
85.1321202112791,-3.7363449582455206,DIP_start,0.021
85.13739062859689,-4.304069823788618,DIP_start,0.024
85.13753022624192,-4.880334645720378,DIP_start,0.027
85.13232494939095,-5.465138720541178,DIP_start,0.03
85.12155789030088,-6.058474281108069,DIP_start,0.033
85.1050095037241,-6.660326435585196,DIP_start,0.036
85.08245782481474,-7.270673113553033,DIP_start,0.039
85.05367868925043,-7.889485019395997,DIP_start,0.042
85.01844595528668,-8.516725593080134,DIP_start,0.045
84.97653172744994,-9.152350978423856,DIP_start,0.048
84.92770658156748,-9.796309998955671,DIP_start,0.051
84.871739790823,-10.448544141443197,DIP_start,0.054
84.80839955251776,-11.108987547167443,DIP_start,0.057
84.73745321520967,-11.777567011005594,DIP_start,0.06
84.65866750589363,-12.454201988374166,DIP_start,0.063
84.57180875687979,-13.138804610072441,DIP_start,0.066
84.4766431320177,-13.831279705053415,DIP_start,0.069
84.37293685190899,-14.531524831136604,DIP_start,0.072
84.26045641774246,-15.239430313663155,DIP_start,0.075
84.13896883338207,-15.954879292079275,DIP_start,0.078
84.00824182532942,-16.67774777441945,DIP_start,0.081
83.86804406018005,-17.40790469964503,DIP_start,0.084
83.71814535918621,-18.145212007777786,DIP_start,0.087
83.5583169095356,-18.88952471775153,DIP_start,0.09
83.3883314719519,-19.640691012887288,DIP_start,0.093
83.20796358422,-20.39855233387993,DIP_start,0.096
83.01698976023617,-21.162943479165705,DIP_start,0.099
82.81518868418345,-21.933692712520973,DIP_start,0.102
82.60234139942956,-22.710621877723128,DIP_start,0.105
82.37823149174676,-23.493546520084593,DIP_start,0.108
82.14264526645293,-24.28227601465006,DIP_start,0.111
81.8953719190748,-25.07661370082626,DIP_start,0.114
81.6362036991379,-25.876357023191932,DIP_start,0.117
81.36493606669012,-26.68129767821359,DIP_start,0.12
81.08136784117173,-27.49122176657034,DIP_start,0.123
80.78530134224954,-28.30590995076819,DIP_start,0.126
80.47654252223977,-29.125137617700837,DIP_start,0.129
80.15490108975274,-29.948675045790715,DIP_start,0.132
79.82019062420078,-30.776287576319938,DIP_start,0.135
79.47222868082162,-31.607735788536743,DIP_start,0.138
79.1108368858811,-32.442775678098705,DIP_start,0.141
78.73584102173172,-33.281158838389416,DIP_start,0.144
78.34707110141777,-34.12263264422045,DIP_start,0.147
77.9443614325345,-34.96694043740624,DIP_start,0.15
77.527550670064,-35.81382171367392,DIP_start,0.153
77.09648185793131,-36.66301231034605,DIP_start,0.156
76.65100245904266,-37.51424459420916,DIP_start,0.159
76.19096437359082,-38.36724764895665,DIP_start,0.162
75.71622394543489,-39.221747461570125,DIP_start,0.165
75.22664195638797,-40.077467106979555,DIP_start,0.168
74.72208360827173,-40.934126930318726,DIP_start,0.171
74.20241849262652,-41.791444726069464,DIP_start,0.174
73.66752054799518,-42.64913591336545,DIP_start,0.177
73.11726800473106,-43.50691370670448,DIP_start,0.18
72.55154331731434,-44.36448928129674,DIP_start,0.183
71.97023308419735,-45.221571932256396,DIP_start,0.186
71.37322795523575,-46.077869226823815,DIP_start,0.189
70.76042252680362,-46.933087148788346,DIP_start,0.192
70.13171522473041,-47.786930234262606,DIP_start,0.195
69.48700817524227,-48.63910169794507,DIP_start,0.198
68.8262070641347,-49.48930354899154,DIP_start,0.201
68.1492209844513,-50.33723669560388,DIP_start,0.204
67.4559622729922,-51.182601037432356,DIP_start,0.207
66.74634633602656,-52.02509554487864,DIP_start,0.21
66.0202914646378,-52.86441832437808,DIP_start,0.213
65.27771864018273,-53.70026666873479,DIP_start,0.216
64.51855133040557,-54.53233709157902,DIP_start,0.219
63.74271527680319,-55.360325345014985,DIP_start,0.222
62.950138273900976,-56.18392641952899,DIP_start,0.225
62.14074994115894,-57.00283452523138,DIP_start,0.228
61.31448148829263,-57.81674305351235,DIP_start,0.231
60.47126547485783,-58.625344518201565,DIP_start,0.234
59.61103556501595,-59.42833047533455,DIP_start,0.237
58.73372627846441,-60.2253914206444,DIP_start,0.24
57.83927273858661,-61.01621666391746,DIP_start,0.243
56.92761041894723,-61.80049417937478,DIP_start,0.246
55.99867488932982,-62.577910431267846,DIP_start,0.249
55.052401562587924,-63.34815017390858,DIP_start,0.252
54.088725443653885,-64.11089622538869,DIP_start,0.255
53.107580882125,-64.86582921428278,DIP_start,0.258
52.10890132992138,-65.61262729867394,DIP_start,0.261
51.09261910558582,-66.35096585688899,DIP_start,0.264
50.05866516687138,-67.08051714938446,DIP_start,0.267
49.00696889333882,-67.80094995128249,DIP_start,0.27
47.937457880760554,-68.5119291551199,DIP_start,0.273
46.85005774920382,-69.2131153434427,DIP_start,0.276
45.74469196673936,-69.90416433095265,DIP_start,0.279
44.621281690795385,-70.58472667599261,DIP_start,0.282
43.47974562924887,-71.25444716124387,DIP_start,0.285
42.31999992341632,-71.91296424359942,DIP_start,0.288
41.141958055174776,-72.55990947327614,DIP_start,0.291
39.945530780510204,-73.19490688233172,DIP_start,0.294
38.73062609185451,-73.81757234286337,DIP_start,0.297
37.49714921163248,-74.42751289528064,DIP_start,0.3
101.63384222045417,-0.8539187270389426,DIP_end,0.003
101.67916471415317,-1.7183977036329388,DIP_end,0.006
101.71476567565318,-2.5934981300254654,DIP_end,0.009
101.74030078604945,-3.4792668899041814,DIP_end,0.012
101.75541344164482,-4.375735816877794,DIP_end,0.015
101.7597353878076,-5.282920986842757,DIP_end,0.018
101.7528873909564,-6.200822038167731,DIP_end,0.021
101.7344799474463,-7.129421521577126,DIP_end,0.024
101.70411402803742,-8.068684281564465,DIP_end,0.027
101.66138185653774,-9.01855687111106,DIP_end,0.03
101.60586772112495,-9.978967001426597,DIP_end,0.033
101.53714881676494,-10.949823028364849,DIP_end,0.036
101.45479611706462,-11.931013477100775,DIP_end,0.039
101.35837527381402,-12.922406606584001,DIP_end,0.042
101.24744754239823,-13.923850015209128,DIP_end,0.045
101.12157073118418,-14.935170289064635,DIP_end,0.048
100.98030017291782,-15.956172694040253,DIP_end,0.051
100.82318971609979,-16.9866409129872,DIP_end,0.054
100.64979273424416,-18.026336829036982,DIP_end,0.057
100.4596631508655,-19.07500035609243,DIP_end,0.06
100.25235647798299,-20.132349317410004,DIP_end,0.063
100.02743086587957,-21.19807937309433,DIP_end,0.066
99.7844481618052,-22.271863997225637,DIP_end,0.069
99.52297497527105,-23.353354505237647,DIP_end,0.072
99.2425837475416,-24.442180132058265,DIP_end,0.075
98.94285382289827,-25.537948161417237,DIP_end,0.078
98.62337251921686,-26.640244106616095,DIP_end,0.081
98.28373619537764,-27.748631942943497,DIP_end,0.084
97.92355131300538,-28.86265439180619,DIP_end,0.087
97.54243549002229,-29.981833256531296,DIP_end,0.09
97.14001854348554,-31.10566980967936,DIP_end,0.093
96.71594351917689,-32.23364523159084,DIP_end,0.096
96.26986770541022,-33.36522109977092,DIP_end,0.099
95.80146362853021,-34.49983992859853,DIP_end,0.102
95.31042002758308,-35.636925758727024,DIP_end,0.105
94.79644280565779,-36.77588479542424,DIP_end,0.108
94.25925595541689,-37.91610609498064,DIP_end,0.111
93.69860245636107,-39.05696229819493,DIP_end,0.114
93.1142451414055,-40.197810409828094,DIP_end,0.117
92.50596753038094,-41.3379926227983,DIP_end,0.12
91.87357462811659,-42.47683718577248,DIP_end,0.123
91.21689368480914,-43.613659312693464,DIP_end,0.126
90.53577491643519,-44.74776213266748,DIP_end,0.129
89.83009218302414,-45.87843767852277,DIP_end,0.132
89.09974362267141,-47.00496791223901,DIP_end,0.135
88.34465223924211,-48.12662578533723,DIP_end,0.138
87.56476644178913,-49.24267633221271,DIP_end,0.141
86.76006053379032,-50.35237779428828,DIP_end,0.144
85.93053515039307,-51.45498277276282,DIP_end,0.147
85.07621764194658,-52.54973940763098,DIP_end,0.15
84.19716240219469,-53.63589258055289,DIP_end,0.153
83.29345113960467,-54.71268513906017,DIP_end,0.156
82.36519309040993,-55.77935913949487,DIP_end,0.159
81.4125251720558,-56.83515710599221,DIP_end,0.162
80.43561207585051,-57.87932330273602,DIP_end,0.165
79.43464629774306,-58.91110501663864,DIP_end,0.168
78.40984810627151,-59.929753847523486,DIP_end,0.171
77.36146544685384,-60.934527002819884,DIP_end,0.174
76.28977378172381,-61.92468859371648,DIP_end,0.177
75.19507586494963,-62.89951092966022,DIP_end,0.18
74.07770145211282,-63.85827580803469,DIP_end,0.183
72.93800694436712,-64.80027579580397,DIP_end,0.186
71.77637496674271,-65.7248154998643,DIP_end,0.189
70.59321388071145,-66.63121282281129,DIP_end,0.192
69.38895723118075,-67.51880020079736,DIP_end,0.195
68.16406312823865,-68.38692582013184,DIP_end,0.198
66.91901356413139,-69.23495480925604,DIP_end,0.201
65.65431366611472,-70.06227040271547,DIP_end,0.204
64.37049088598322,-70.86827507374544,DIP_end,0.207
63.06809412724548,-71.65239163208844,DIP_end,0.21
61.7476928110818,-72.41406428367065,DIP_end,0.213
60.40987588238569,-73.15275964878096,DIP_end,0.216
59.05525075736338,-73.86796773541887,DIP_end,0.219
57.684442214332165,-74.5592028645086,DIP_end,0.222
56.29809122953279,-75.22600454371504,DIP_end,0.225
54.89685375993966,-75.86793828664295,DIP_end,0.228
53.481399475226716,-76.48459637425503,DIP_end,0.231
52.052410441216196,-77.07559855540526,DIP_end,0.234
50.61057975731081,-77.64059268345483,DIP_end,0.237
49.15661015057856,-78.17925528601474,DIP_end,0.24
47.691212529329796,-78.69129206494576,DIP_end,0.243
46.215104499194375,-79.17643832384091,DIP_end,0.246
44.72900884487224,-79.63445932031736,DIP_end,0.249
43.23365198089663,-80.06515054055704,DIP_end,0.252
41.729762374909804,-80.46833789365398,DIP_end,0.255
40.218068947111604,-80.84387782345472,DIP_end,0.258
38.69929944969726,-81.1916573357149,DIP_end,0.261
37.17417883025347,-81.51159393854029,DIP_end,0.264
35.64342758323129,-81.80363549423463,DIP_end,0.267
34.10776009375943,-82.0677599808387,DIP_end,0.27
32.56788297820134,-82.30397516181657,DIP_end,0.273
31.02449342599572,-82.5123181625243,DIP_end,0.276
29.478277547449505,-82.69285495228492,DIP_end,0.279
27.92990873227673,-82.84567973108945,DIP_end,0.282
26.38004602379516,-82.97091422015012,DIP_end,0.285
24.829332513803486,-83.06870685574413,DIP_end,0.288
23.278393763266216,-83.13923188600903,DIP_end,0.291
21.727836254030496,-83.1826883705799,DIP_end,0.294
20.178245876887868,-83.19929908319772,DIP_end,0.297
18.630186461373903,-83.1893093176626,DIP_end,0.3
