u1,u2,joint,pressure
0.0,-0.0,MCP_start,0.007
0.0,-0.0,MCP_start,0.014
0.0,-0.0,MCP_start,0.021
0.0,-0.0,MCP_start,0.028
0.0,-0.0,MCP_start,0.035
0.0,-0.0,MCP_start,0.042
0.0,-0.0,MCP_start,0.049
0.0,-0.0,MCP_start,0.056
0.0,-0.0,MCP_start,0.063
0.0,-0.0,MCP_start,0.07
0.0,-0.0,MCP_start,0.077
0.0,-0.0,MCP_start,0.084
0.0,-0.0,MCP_start,0.091
0.0,-0.0,MCP_start,0.098
0.0,-0.0,MCP_start,0.105
0.0,-0.0,MCP_start,0.112
0.0,-0.0,MCP_start,0.119
0.0,-0.0,MCP_start,0.126
0.0,-0.0,MCP_start,0.133
0.0,-0.0,MCP_start,0.14
0.0,-0.0,MCP_start,0.147
0.0,-0.0,MCP_start,0.154
0.0,-0.0,MCP_start,0.161
0.0,-0.0,MCP_start,0.168
0.0,-0.0,MCP_start,0.175
0.0,-0.0,MCP_start,0.182
0.0,-0.0,MCP_start,0.189
0.0,-0.0,MCP_start,0.196
0.0,-0.0,MCP_start,0.203
0.0,-0.0,MCP_start,0.21
0.0,-0.0,MCP_start,0.217
0.0,-0.0,MCP_start,0.224
0.0,-0.0,MCP_start,0.231
0.0,-0.0,MCP_start,0.238
0.0,-0.0,MCP_start,0.245
0.0,-0.0,MCP_start,0.252
0.0,-0.0,MCP_start,0.259
0.0,-0.0,MCP_start,0.266
0.0,-0.0,MCP_start,0.273
0.0,-0.0,MCP_start,0.28
0.0,-0.0,MCP_start,0.287
0.0,-0.0,MCP_start,0.294
0.0,-0.0,MCP_start,0.301
0.0,-0.0,MCP_start,0.308
0.0,-0.0,MCP_start,0.315
0.0,-0.0,MCP_start,0.322
0.0,-0.0,MCP_start,0.329
0.0,-0.0,MCP_start,0.336
0.0,-0.0,MCP_start,0.343
0.0,-0.0,MCP_start,0.35
0.0,-0.0,MCP_start,0.357
0.0,-0.0,MCP_start,0.364
0.0,-0.0,MCP_start,0.371
0.0,-0.0,MCP_start,0.378
0.0,-0.0,MCP_start,0.385
0.0,-0.0,MCP_start,0.392
0.0,-0.0,MCP_start,0.399
0.0,-0.0,MCP_start,0.406
0.0,-0.0,MCP_start,0.413
0.0,-0.0,MCP_start,0.42
0.0,-0.0,MCP_start,0.427
0.0,-0.0,MCP_start,0.434
0.0,-0.0,MCP_start,0.441
0.0,-0.0,MCP_start,0.448
0.0,-0.0,MCP_start,0.455
0.0,-0.0,MCP_start,0.462
0.0,-0.0,MCP_start,0.469
0.0,-0.0,MCP_start,0.476
0.0,-0.0,MCP_start,0.483
0.0,-0.0,MCP_start,0.49
0.0,-0.0,MCP_start,0.497
0.0,-0.0,MCP_start,0.504
0.0,-0.0,MCP_start,0.511
0.0,-0.0,MCP_start,0.518
0.0,-0.0,MCP_start,0.525
0.0,-0.0,MCP_start,0.532
0.0,-0.0,MCP_start,0.539
0.0,-0.0,MCP_start,0.546
0.0,-0.0,MCP_start,0.553
0.0,-0.0,MCP_start,0.56
0.0,-0.0,MCP_start,0.567
0.0,-0.0,MCP_start,0.574
0.0,-0.0,MCP_start,0.581
0.0,-0.0,MCP_start,0.588
0.0,-0.0,MCP_start,0.595
0.0,-0.0,MCP_start,0.602
30.118036923819037,-0.02292019381517356,MCP_end,0.007
30.14603118859674,-0.04630521776235039,MCP_end,0.014
30.174175529649542,-0.07016100877048415,MCP_end,0.021
30.20247181404692,-0.09449361914540763,MCP_end,0.028
30.23092184806269,-0.11930921829150674,MCP_end,0.035
30.259527374349833,-0.1446140944100199,MCP_end,0.042
30.288290069043004,-0.17041465617227503,MCP_end,0.049
30.31721153878776,-0.19671743436612904,MCP_end,0.056
30.346293317695626,-0.22352908351383183,MCP_end,0.063
30.37553686422407,-0.25085638345948735,MCP_end,0.07
30.404943557980513,-0.27870624092424157,MCP_end,0.077
30.43451469644942,-0.3070856910272753,MCP_end,0.084
30.464251491641757,-0.33600189877063696,MCP_end,0.091
30.494155066665975,-0.3654621604858988,MCP_end,0.098
30.52422645221958,-0.3954739052405734,MCP_end,0.105
30.55446658300075,-0.4260446962021788,MCP_end,0.112
30.584876294039116,-0.4571822319577893,MCP_end,0.119
30.61545631694502,-0.48889434778686247,MCP_end,0.126
30.64620727607665,-0.52118901688508,MCP_end,0.133
30.677129684624322,-0.5540743515368934,MCP_end,0.14
30.708223940611404,-0.5875586042344106,MCP_end,0.147
30.739490322811214,-0.6216501687402141,MCP_end,0.154
30.77092898657946,-0.6563575810916454,MCP_end,0.161
30.80253995960166,-0.6916895205440454,MCP_end,0.168
30.834323137555188,-0.7276548104503819,MCP_end,0.175
30.86627827968544,-0.764262419074651,MCP_end,0.182
30.8984050042958,-0.8015214603363832,MCP_end,0.189
30.93070278415122,-0.8394411944835374,MCP_end,0.196
30.963170941794893,-0.8780310286910114,MCP_end,0.203
30.9958086447781,-0.9173005175819466,MCP_end,0.21
31.028614900802907,-0.9572593636689578,MCP_end,0.217
31.061588552777593,-0.9979174177123572,MCP_end,0.224
31.0947282737849,-1.0392846789924093,MCP_end,0.231
31.128032561962968,-1.0813712954925785,MCP_end,0.238
31.16149973529919,-1.1241875639907033,MCP_end,0.245
31.195127926336966,-1.167743930054967,MCP_end,0.252
31.228915076795616,-1.2120509879414838,MCP_end,0.259
31.262858932103846,-1.2571194803902899,MCP_end,0.266
31.296957035846873,-1.3029602983164472,MCP_end,0.273
31.3312067241278,-1.3495844803929453,MCP_end,0.28
31.365605119843693,-1.397003212522036,MCP_end,0.287
31.400149126876844,-1.4452278271915702,MCP_end,0.294
31.4348354242019,-1.4942698027128807,MCP_end,0.301
31.46966045990965,-1.5441407623366952,MCP_end,0.308
31.504620445148113,-1.5948524732435307,MCP_end,0.315
31.539711347981942,-1.6464168454049566,MCP_end,0.322
31.574928887171076,-1.6988459303120935,MCP_end,0.329
31.610268525869667,-1.7521519195676587,MCP_end,0.336
31.64572546524646,-1.806347143337822,MCP_end,0.343
31.681294638027893,-1.8614440686601201,MCP_end,0.35
31.716970701965217,-1.9174552976036086,MCP_end,0.357
31.752748033227086,-1.9743935652774078,MCP_end,0.364
31.788620719719216,-2.032271737683769,MCP_end,0.371
31.82458255433265,-2.0911028094117405,MCP_end,0.378
31.860627028122522,-2.1508999011674765,MCP_end,0.385
31.896747323418996,-2.211676257137218,MCP_end,0.392
31.93293630687261,-2.2734452421789197,MCP_end,0.399
31.969186522435777,-2.336220338838502,MCP_end,0.406
32.00549018428306,-2.400015144186631,MCP_end,0.413
32.04183916967207,-2.464843366471956,MCP_end,0.42
32.07822501174791,-2.530718821586685,MCP_end,0.427
32.11463889229331,-2.5976554293403478,MCP_end,0.434
32.15107163442744,-2.665667209537605,MCP_end,0.441
32.187513695256136,-2.734768277855925,MCP_end,0.448
32.22395515847641,-2.8049728415189303,MCP_end,0.455
32.260385726938416,-2.876295194761251,MCP_end,0.462
32.29679471516816,-2.94874971408062,MCP_end,0.469
32.33317104185418,-3.02235085327306,MCP_end,0.476
32.36950322230172,-3.0971131382468817,MCP_end,0.483
32.40577936085821,-3.1730511616113333,MCP_end,0.49
32.441987143313696,-3.2501795770356354,MCP_end,0.497
32.47811382928013,-3.328513093374215,MCP_end,0.504
32.5141462445538,-3.4080664685539297,MCP_end,0.511
32.550070773464995,-3.488854503219093,MCP_end,0.518
32.585873351219355,-3.570892034130103,MCP_end,0.525
32.62153945623555,-3.65419392731155,MCP_end,0.532
32.657054102483855,-3.73877507094563,MCP_end,0.539
32.692401831830686,-3.824650368006778,MCP_end,0.546
32.727566706394065,-3.9118347286334147,MCP_end,0.553
32.762532300915176,-4.000343062232791,MCP_end,0.56
32.79728169515162,-4.090190269314875,MCP_end,0.567
32.83179746629765,-4.181391233051358,MCP_end,0.574
32.86606168143738,-4.2739608105558045,MCP_end,0.581
32.900055890036725,-4.3679138238811195,MCP_end,0.588
32.93376111648023,-4.463265050730488,MCP_end,0.595
32.96715785265903,-4.56002921487802,MCP_end,0.602
49.69181995670098,-0.11508190855143438,PIP_start,0.007
49.71915574503123,-0.23142976584025962,PIP_start,0.014
49.74618867136623,-0.34904733053912423,PIP_start,0.021
49.77290908613892,-0.46793836621309404,PIP_start,0.028
49.79930719220164,-0.5881066407331292,PIP_start,0.035
49.825373042945714,-0.7095559256528469,PIP_start,0.042
49.85109654038365,-0.8322899955472769,PIP_start,0.049
49.876467433193696,-0.9563126273122939,PIP_start,0.056
49.90147531472633,-1.0816275994233697,PIP_start,0.063
49.92610962097258,-1.20823869115226,PIP_start,0.07
49.9503596284937,-1.3361496817402085,PIP_start,0.077
49.97421445231225,-1.4653643495262156,PIP_start,0.084
49.99766304376408,-1.5958864710288851,PIP_start,0.091
50.02069418831139,-1.7277198199803314,PIP_start,0.098
50.043296503316355,-1.860868166310593,PIP_start,0.105
50.0654584357755,-1.995335275080969,PIP_start,0.112
50.087168260014494,-2.131124905364652,PIP_start,0.119
50.10841407534353,-2.2682408090730064,PIP_start,0.126
50.12918380367306,-2.406686729725804,PIP_start,0.133
50.14946518708997,-2.5464664011636873,PIP_start,0.14
50.169245785394324,-2.6875835462011057,PIP_start,0.147
50.18851297359653,-2.830041875217935,PIP_start,0.154
50.20725393937532,-2.9738450846879405,PIP_start,0.161
50.22545568049636,-3.1189968556422416,PIP_start,0.168
50.24310500219205,-3.265500852065858,PIP_start,0.175
50.2601885145024,-3.4133607192254307,PIP_start,0.182
50.27669262957748,-3.5625800819261233,PIP_start,0.189
50.29260355894163,-3.7131625426957395,PIP_start,0.196
50.30790731071987,-3.8651116798939964,PIP_start,0.203
50.32258968682687,-4.018431045744895,PIP_start,0.21
50.33663628011897,-4.173124164290089,PIP_start,0.217
50.35003247150964,-4.3291945292611205,PIP_start,0.224
50.362763427049174,-4.486645601868349,PIP_start,0.231
50.37481409496891,-4.645480808504382,PIP_start,0.238
50.386169202690965,-4.805703538359772,PIP_start,0.245
50.396813253803884,-4.967317140948724,PIP_start,0.252
50.406730525005294,-5.130324923542496,PIP_start,0.259
50.41590506301212,-5.294730148508213,PIP_start,0.266
50.424320681439454,-5.460536030550701,PIP_start,0.273
50.431960957648954,-5.6277457338549555,PIP_start,0.28
50.438809229567816,-5.7963623691268795,PIP_start,0.287
50.4448485924794,-5.966388990529788,PIP_start,0.294
50.450061895786675,-6.137828592514264,PIP_start,0.301
50.45443173974978,-6.310684106538828,PIP_start,0.308
50.45794047219883,-6.484958397678946,PIP_start,0.315
50.46057018522359,-6.6606542611218025,PIP_start,0.322
50.46230271184125,-6.837774418544265,PIP_start,0.329
50.463119622643944,-7.016321514371493,PIP_start,0.336
50.46300222242761,-7.196298111913523,PIP_start,0.343
50.46193154680388,-7.37770668937725,PIP_start,0.35
50.45988835879675,-7.560549635751128,PIP_start,0.357
50.456853145425896,-7.744829246559913,PIP_start,0.364
50.452806114278644,-7.930547719486799,PIP_start,0.371
50.44772719007254,-8.117707149860234,PIP_start,0.378
50.44159601121074,-8.30630952600266,PIP_start,0.385
50.43439192633231,-8.49635672443856,PIP_start,0.392
50.426093990859954,-8.687850504958934,PIP_start,0.399
50.416680963547314,-8.880792505539617,PIP_start,0.406
50.406131303028715,-9.075184237110566,PIP_start,0.413
50.394423164373464,-9.271027078173422,PIP_start,0.42
50.381534395648075,-9.468322269264593,PIP_start,0.427
50.36744253448852,-9.667070907261092,PIP_start,0.434
50.35212480468604,-9.86727393952636,PIP_start,0.441
50.335558112789236,-10.068932157893355,PIP_start,0.448
50.31771904472559,-10.272046192482133,PIP_start,0.455
50.29858386244581,-10.476616505349213,PIP_start,0.462
50.278128500594306,-10.68264338396596,PIP_start,0.469
50.25632856320923,-10.89012693452333,PIP_start,0.476
50.233159320455805,-11.099067075060212,PIP_start,0.483
50.20859570539653,-11.30946352841276,PIP_start,0.49
50.18261231080231,-11.521315814981996,PIP_start,0.497
50.15518338600822,-11.734623245317096,PIP_start,0.504
50.12628283381822,-11.94938491251172,PIP_start,0.511
50.09588420746302,-12.16559968441085,PIP_start,0.518
50.063960707615294,-12.383266195625538,PIP_start,0.525
50.030485179466936,-12.602382839353131,PIP_start,0.532
49.99543010987276,-12.822947759000431,PIP_start,0.539
49.95876762456568,-13.044958839607435,PIP_start,0.546
49.92046948544794,-13.268413699069221,PIP_start,0.553
49.88050708796358,-13.493309679153725,PIP_start,0.56
49.83885145855739,-13.719643836313061,PIP_start,0.567
49.79547325222545,-13.947412932286255,PIP_start,0.574
49.7503427501628,-14.176613424491135,PIP_start,0.581
49.70342985751391,-14.407241456203428,PIP_start,0.588
49.65470410123142,-14.639292846520947,PIP_start,0.595
49.60413462804937,-14.872763080110957,PIP_start,0.602
70.38984438052779,-0.21674846098969933,PIP_end,0.007
70.43210273202452,-0.4361500839319767,PIP_end,0.014
70.47375043746798,-0.6582235024058927,PIP_end,0.021
70.51479579150022,-0.8829887779793669,PIP_end,0.028
70.55524854629722,-1.1104675841133471,PIP_end,0.035
70.59511983988654,-1.3406833972371817,PIP_end,0.042
70.6344221150072,-1.5736616946722426,PIP_end,0.049
70.67316902769632,-1.809430159038117,PIP_end,0.056
70.71137534476497,-2.0480188887296404,PIP_end,0.063
70.7490568293084,-2.2894606140036724,PIP_end,0.07
70.78623011337713,-2.533790918161727,PIP_end,0.077
70.82291255692331,-2.781048463258309,PIP_end,0.084
70.85912209212314,-3.031275219705133,PIP_end,0.091
70.89487705216955,-3.2845166990781336,PIP_end,0.098
70.93019598362224,-3.540822189367526,PIP_end,0.105
70.96509744140208,-3.8002449918409518,PIP_end,0.112
70.99959976551811,-4.062842658616132,PIP_end,0.119
71.03372083862212,-4.328677229962436,PIP_end,0.126
71.06747782349645,-4.597815470270425,PIP_end,0.133
71.10088687959728,-4.870329101544889,PIP_end,0.14
71.13396285779574,-5.146295033190215,PIP_end,0.147
71.16671897248673,-5.425795586767386,PIP_end,0.154
71.19916645026797,-5.708918714309407,PIP_end,0.161
71.23131415443046,-5.995758208687182,PIP_end,0.168
71.26316818454882,-6.286413904420369,PIP_end,0.175
71.29473145051143,-6.580991867228574,PIP_end,0.182
71.32600322039323,-6.879604570516981,PIP_end,0.189
71.35697864164096,-7.18237105688807,PIP_end,0.196
71.38764823512007,-7.4894170826674324,PIP_end,0.203
71.41799736165684,-7.8008752433274555,PIP_end,0.21
71.44800566080684,-8.116885077588345,PIP_end,0.217
71.47764646168415,-8.437593147871809,PIP_end,0.224
71.50688616580325,-8.763153094679653,PIP_end,0.231
71.5356836020096,-9.093725662367785,PIP_end,0.238
71.56398935371287,-9.429478693686647,PIP_end,0.245
71.59174505878407,-9.770587090362318,PIP_end,0.252
71.61888268263777,-10.117232736899355,PIP_end,0.259
71.6453237651915,-10.46960438469781,PIP_end,0.266
71.67097864257828,-10.827897493492937,PIP_end,0.273
71.69574564468333,-11.192314027049035,PIP_end,0.28
71.7195102697853,-11.563062199968208,PIP_end,0.287
71.74214433780215,-11.940356172412558,PIP_end,0.294
71.76350512387636,-12.324415689485248,PIP_end,0.301
71.7834344742808,-12.715465661972814,PIP_end,0.308
71.80175790688496,-13.113735685119766,PIP_end,0.315
71.81828369869466,-13.51945949208756,PIP_end,0.322
71.83280196326237,-13.932874338745115,PIP_end,0.329
71.8450837210618,-14.354220316448473,PIP_end,0.336
71.85487996623064,-14.783739589493853,PIP_end,0.343
71.86192073340494,-15.221675553973556,PIP_end,0.35
71.86591416870057,-15.668271914828216,PIP_end,0.357
71.86654560923976,-16.123771677974243,PIP_end,0.364
71.86347667597208,-16.588416054493084,PIP_end,0.371
71.85634438490027,-17.062443274000266,PIP_end,0.378
71.84476028219014,-17.54608730446945,PIP_end,0.385
71.82830960901876,-18.03957647597083,PIP_end,0.392
71.8065505023969,-18.54313200599586,PIP_end,0.399
71.77901323858599,-19.056966424283445,PIP_end,0.406
71.74519952611834,-19.58128189533685,PIP_end,0.413
71.7045818558175,-20.11626843712916,PIP_end,0.42
71.65660291560364,-20.662102034836913,PIP_end,0.427
71.60067507825289,-21.218942648820924,PIP_end,0.434
71.53617997065938,-21.786932116489055,PIP_end,0.441
71.46246813352013,-22.36619194813114,PIP_end,0.448
71.37885878072436,-22.956821017311395,PIP_end,0.455
71.28463966807678,-23.558893146939933,PIP_end,0.462
71.17906708131763,-24.172454592723685,PIP_end,0.469
71.06136595371426,-24.797521426318912,PIP_end,0.476
70.9307301237907,-25.434076821172567,PIP_end,0.483
70.7863227440257,-26.082068244750257,PIP_end,0.49
70.62727685158531,-26.74140456160268,PIP_end,0.497
70.45269611235602,-27.411953052522115,PIP_end,0.504
70.26165574970983,-28.093536355885057,PIP_end,0.511
70.0532036695521,-28.78592933816566,PIP_end,0.518
69.82636179327967,-29.48885590153745,PIP_end,0.525
69.58012761029961,-30.20198573745685,PIP_end,0.532
69.31347596172743,-30.924931036139,PIP_end,0.539
69.02536106679182,-31.65724316289461,PIP_end,0.546
68.71471880331343,-32.398409313392534,PIP_end,0.553
68.38046925339788,-33.147849161044675,PIP_end,0.56
68.0215195251778,-33.904911510875294,PIP_end,0.567
67.63676686105248,-34.668870975432284,PIP_end,0.574
67.22510204240308,-35.438924689519474,PIP_end,0.581
66.78541310019553,-36.21418908177404,PIP_end,0.588
66.31658934022485,-36.9936967223741,PIP_end,0.595
65.81752569099092,-37.77639326743707,PIP_end,0.602
83.99842685485467,-0.32335070976050606,DIP_start,0.007
84.03937748369766,-0.6528407216590437,DIP_start,0.014
84.07874258560673,-0.9884804464402703,DIP_start,0.021
84.11644316693102,-1.330280265084183,DIP_start,0.028
84.15239910975075,-1.6782506014493732,DIP_start,0.035
84.18652912575548,-2.032401998978634,DIP_start,0.042
84.21875070383771,-2.39274520120981,DIP_start,0.049
84.24898005079373,-2.7592912357995534,DIP_start,0.056
84.27713202450653,-3.13205150172955,DIP_start,0.063
84.30312005897188,-3.5110378593238614,DIP_start,0.07
84.32685608051548,-3.8962627226621507,DIP_start,0.077
84.34825041453904,-4.287739153926719,DIP_start,0.084
84.367211682125,-4.685480959171505,DIP_start,0.091
84.3836466858246,-5.089502784948369,DIP_start,0.098
84.39746028395069,-5.4998202151702165,DIP_start,0.105
84.40855525269833,-5.916449867531748,DIP_start,0.112
84.4168321354202,-6.3394094887469254,DIP_start,0.119
84.42218907839091,-6.768718047797694,DIP_start,0.126
84.42452165240749,-7.204395826321079,DIP_start,0.133
84.42372265958866,-7.646464505191695,DIP_start,0.14
84.41968192475696,-8.094947246283985,DIP_start,0.147
84.41228607081372,-8.549868768323401,DIP_start,0.154
84.40141827754823,-9.011255415658146,DIP_start,0.161
84.38695802335943,-9.47913521870371,DIP_start,0.168
84.36878080941216,-9.953537944730806,DIP_start,0.175
84.34675786579871,-10.434495137584394,DIP_start,0.182
84.32075583933418,-10.92204014483691,DIP_start,0.189
84.29063646267612,-11.416208130793505,DIP_start,0.196
84.25625620453218,-11.917036073680885,DIP_start,0.203
84.21746590079655,-12.424562745264922,DIP_start,0.21
84.1741103665452,-12.938828671056044,DIP_start,0.217
84.12602798891439,-13.459876069175682,DIP_start,0.224
84.07305030099393,-13.987748765872542,DIP_start,0.231
84.01500153697879,-14.522492085594711,DIP_start,0.238
83.95169816894915,-15.064152713443011,DIP_start,0.245
83.88294842578091,-15.612778527753377,DIP_start,0.252
83.80855179483481,-16.1684184004821,DIP_start,0.259
83.72829850722563,-16.731121962998245,DIP_start,0.266
83.64196900763969,-17.300939334822772,DIP_start,0.273
83.54933340984442,-17.877920812795807,DIP_start,0.28
83.45015093922207,-18.46211651810168,DIP_start,0.287
83.34416936385783,-19.05357599853754,DIP_start,0.294
83.23112441592292,-19.652347783376506,DIP_start,0.301
83.11073920531456,-20.25847888815106,DIP_start,0.308
82.98272362774672,-20.872014266668256,DIP_start,0.315
82.84677376972968,-21.492996207565938,DIP_start,0.322
82.70257131313096,-22.12146367273037,DIP_start,0.329
82.54978294227435,-22.75745157492109,DIP_start,0.336
82.38805975681069,-23.40098999198976,DIP_start,0.343
82.2170366938784,-24.05210331513823,DIP_start,0.35
82.03633196336654,-24.710809328737078,DIP_start,0.357
81.84554650039733,-25.377118219322213,DIP_start,0.364
81.64426343945561,-26.05103151150417,DIP_start,0.371
81.43204761491224,-26.73254092866427,DIP_start,0.378
81.20844509301247,-27.421627176475187,DIP_start,0.385
80.97298274073101,-28.11825864747221,DIP_start,0.392
80.725167837229,-28.822390045116805,DIP_start,0.399
80.46448773398404,-29.53396092603775,DIP_start,0.406
80.19040957000317,-30.25289415940767,DIP_start,0.413
79.9023800488635,-30.979094302717336,DIP_start,0.42
79.5998252846616,-31.71244589354543,DIP_start,0.427
79.28215072428064,-32.452811657291804,DIP_start,0.434
78.9487411537091,-33.20003063124588,DIP_start,0.441
78.59896079645863,-33.953916205802486,DIP_start,0.448
78.23215351243157,-34.71425408411446,DIP_start,0.455
77.847643105878,-35.48080016198619,DIP_start,0.462
77.44473375135456,-36.25327833036626,DIP_start,0.469
77.0227105468488,-37.03137820339071,DIP_start,0.476
76.58084020346337,-37.814752775561374,DIP_start,0.483
76.11837188125581,-38.60301601231815,DIP_start,0.49
75.63453818100419,-39.39574037897793,DIP_start,0.497
75.12855630180599,-40.19245431376836,DIP_start,0.504
74.599629374522,-40.99263965148022,DIP_start,0.511
74.04694798113425,-41.795729005097705,DIP_start,0.518
73.46969187010355,-42.60110311364074,DIP_start,0.525
72.867031877775,-43.40808816536691,DIP_start,0.532
72.23813206578994,-44.21595310643028,DIP_start,0.539
71.58215208431338,-45.02390694608003,DIP_start,0.546
70.89824977067194,-45.8310960705006,DIP_start,0.553
70.18558399271562,-46.63660157844406,DIP_start,0.56
69.44331774586188,-47.43943665288377,DIP_start,0.567
68.67062151234452,-48.23854398402028,DIP_start,0.574
67.86667689067616,-49.032793260094344,DIP_start,0.581
67.03068050272414,-49.82097874360304,DIP_start,0.588
66.16184818510501,-50.601816951667786,DIP_start,0.595
65.259419470805,-51.37394446046406,DIP_start,0.602
100.3411319710937,-0.48922566428402714,DIP_end,0.007
100.40709111663325,-0.9894504897341033,DIP_end,0.014
100.4725290282271,-1.5008515662607336,DIP_end,0.021
100.53710493368924,-2.0235970632741056,DIP_end,0.028
100.60046811731878,-2.5578458674336457,DIP_end,0.035
100.66225810903609,-3.103747225647699,DIP_end,0.042
100.72210488778343,-3.661440393914979,DIP_end,0.049
100.77962909880317,-4.231054292588191,DIP_end,0.056
100.83444228435846,-4.812707168625317,DIP_end,0.063
100.88614712741551,-5.40650626537547,DIP_end,0.07
100.93433770775952,-6.012547500423697,DIP_end,0.077
100.97859976997104,-6.630915151992536,DIP_end,0.084
101.01851100264395,-7.261681554367585,DIP_end,0.091
101.05364132818342,-7.904906802779381,DIP_end,0.098
101.0835532024787,-8.56063846813484,DIP_end,0.105
101.10780192370548,-9.228911321947884,DIP_end,0.112
101.12593594947445,-9.90974707177099,DIP_end,0.119
101.137497221505,-10.603154107377032,DIP_end,0.126
101.14202149697077,-11.309127257883755,DIP_end,0.133
101.13903868563249,-12.027647559952058,DIP_end,0.14
101.12807319184694,-12.758682037123288,DIP_end,0.147
101.1086442605172,-13.502183490290735,DIP_end,0.154
101.08026632603078,-14.25809029922578,DIP_end,0.161
101.04244936321828,-15.026326235000772,DIP_end,0.168
100.99469923935537,-15.806800283067549,DIP_end,0.175
100.93651806622792,-16.599406476664257,DIP_end,0.182
100.867404551283,-17.404023740132356,DIP_end,0.189
100.7868543468961,-18.22051574163232,DIP_end,0.196
100.69436039680285,-19.048730754649213,DIP_end,0.203
100.58941327876515,-19.88850152757972,DIP_end,0.21
100.47150154257423,-20.739645160589784,DIP_end,0.217
100.34011204253176,-21.60196298882782,DIP_end,0.224
100.19473026360019,-22.475240470972157,DIP_end,0.231
100.03484064046917,-23.359247081984545,DIP_end,0.238
99.85992686885527,-24.25373620883378,DIP_end,0.245
99.66947220842692,-25.158445047845625,DIP_end,0.252
99.46295977683789,-26.07309450222846,DIP_end,0.259
99.23987283444954,-26.997389078218507,DIP_end,0.266
98.99969505943459,-27.93101677818467,DIP_end,0.273
98.74191081307669,-28.873648988932892,DIP_end,0.28
98.46600539521458,-29.824940363353196,DIP_end,0.287
98.17146528992727,-30.784528693460324,DIP_end,0.294
97.85777840171453,-31.752034772793202,DIP_end,0.301
97.52443428260042,-32.72706224605862,DIP_end,0.308
97.170924350771,-33.70919744383338,DIP_end,0.315
96.79674210155576,-34.69800920007626,DIP_end,0.322
96.40138331177263,-35.69304865014902,DIP_end,0.329
95.98434623867873,-36.693849007005205,DIP_end,0.336
95.54513181500573,-37.69992531317657,DIP_end,0.343
95.08324384180622,-38.710774166174126,DIP_end,0.35
94.59818918109667,-39.72587341492142,DIP_end,0.357
94.0894779505554,-40.744681824856826,DIP_end,0.364
93.55662372281492,-41.76663870937808,DIP_end,0.371
92.99914373218118,-42.79116352535952,DIP_end,0.378
92.41655909191446,-43.817655430550246,DIP_end,0.385
91.80839502551645,-44.845492800762706,DIP_end,0.392
91.17418111578687,-45.87403270488698,DIP_end,0.399
90.5134515757367,-46.90261033591739,DIP_end,0.406
89.82574554577441,-47.93053839635706,DIP_end,0.413
89.11060742191408,-48.95710643657492,DIP_end,0.42
88.36758722008886,-49.98158014492725,DIP_end,0.427
87.59624098198688,-51.003200588727914,DIP_end,0.434
86.79613122815935,-52.0211834054545,DIP_end,0.441
85.96682746447824,-53.03471794391691,DIP_end,0.448
85.10790674834152,-54.042966355490044,DIP_end,0.455
84.21895432133714,-55.04506263592365,DIP_end,0.462
83.29956431537562,-56.04011161869318,DIP_end,0.469
82.34934053958732,-57.02718792134489,DIP_end,0.476
81.36789735554748,-58.00533484681711,DIP_end,0.483
80.35486064863797,-58.97356324229079,DIP_end,0.49
79.30986890357688,-59.930850318732254,DIP_end,0.497
78.23257439233869,-60.87613843494394,DIP_end,0.504
77.12264448285111,-61.80833385063268,DIP_end,0.511
75.97976307697661,-62.72630545373948,DIP_end,0.518
74.80363218637349,-63.62888346805042,DIP_end,0.525
73.59397365486996,-64.51485814792379,DIP_end,0.532
72.35053103597544,-65.38297846782257,DIP_end,0.539
71.07307163409106,-66.23195081523335,DIP_end,0.546
69.76138871785899,-67.06043769648043,DIP_end,0.553
68.41530391390629,-67.8670564659046,DIP_end,0.56
67.03466978898676,-68.65037808986904,DIP_end,0.567
65.61937262819673,-69.40892595807495,DIP_end,0.574
64.16933541654028,-70.141174755715,DIP_end,0.581
62.68452103062895,-70.84554941105972,DIP_end,0.588
61.16493564673027,-71.52042413415407,DIP_end,0.595
59.61063237070949,-72.1641215633978,DIP_end,0.602
